Player,Surface,RawMatchCount,TrackedMatchCount,DataQualityFlag,SourceDataStatus,WinPct,ThreeSetRate,GamesWonAvg,AvgMatchGames,HoldPct,BreakPct,FirstServeInPct,FirstServeWonPct,SecondServeWonPct,SPW,SPWSource,AcesPerMatch,DoubleFaultsPerMatch,BPCreatedPerMatch,BPConvertedPct,BPSavedPct,ReturnPointsWon,TPW,DR,StabilityScore,ServeProfileLabel,ReturnProfileLabel,BreakpointPressureLabel,AcesProfileLabel,DFProfileLabel,SeparationProfile,ResistanceProfile,WinProfile,SurfaceEdge,ComparisonRankStatus,ComparisonPopulation,ComparisonRank,ComparisonPercentile
Ajla Tomljanovic,All,34,34,Stable Sample,Raw Match Log Aggregate,0.48484848484848486,0.38235294117647056,11.636363636363637,22.90909090909091,0.6728723404255319,0.3521505376344086,0.6636969696969696,0.6467272727272727,0.4634545454545455,0.5850920991735536984220385675,reconstructed_from_serve_components,2.4285714285714284,5.7272727272727275,8.117647058823529,0.4746376811594203,0.5729166666666666,0.4491514848484848,,,,Average Serve Profile,Average Return Profile,Creator Profile,Opponent-Dependent Ace Profile,High DF Liability,Low-Data Separation Profile,Low-Data Resistance Profile,,,STALE_NON_AUTHORITATIVE_NOT_REGENERATED,,,
Ajla Tomljanovic,Hard,34,13,Stable Sample,Complete Profile,0.5,0.38461538461538464,11.666666666666666,22.75,0.6739130434782609,0.3560606060606061,0.6888333333333333,0.648,0.4515,0.569,charting_raw_spw,2.3,5.666666666666667,7.384615384615385,0.4895833333333333,0.6153846153846154,0.434,0.502,1.01,5.9,Average Serve Profile,Average Return Profile,Balanced BP Profile,Opponent-Dependent Ace Profile,High DF Liability,Backdoor Risk,Resistance / Set Extension,Return-Led Winner,Hard-Neutral,STALE_NON_AUTHORITATIVE_NOT_REGENERATED,,,
Ajla Tomljanovic,Clay,34,8,Stable Sample,Complete Profile,0.0,0.5,11.875,25.375,0.594059405940594,0.35353535353535354,0.646875,0.5958749999999999,0.42375,0.509,charting_raw_spw,2.5714285714285716,7.125,10.5,0.4166666666666667,0.5543478260869565,0.43,0.47,0.88,1.4,Fragile Serve Profile,Average Return Profile,Creator Profile,Opponent-Dependent Ace Profile,High DF Liability,Backdoor Risk,Resistance / Set Extension,Return-Led Winner,Clay-Liability,STALE_NON_AUTHORITATIVE_NOT_REGENERATED,,,
Ajla Tomljanovic,Grass,34,13,Stable Sample,Complete Profile,0.5714285714285714,0.3076923076923077,11.461538461538462,21.53846153846154,0.7299270072992701,0.3475177304964539,0.6508461538461539,0.6768461538461539,0.49892307692307697,0.572,charting_raw_spw,2.4545454545454546,4.923076923076923,7.384615384615385,0.5104166666666666,0.5316455696202531,0.456,0.512,1.06,6.1,Average Serve Profile,Average Return Profile,Balanced BP Profile,Opponent-Dependent Ace Profile,High DF Liability,Neutral Separation Profile,Resistance / Set Extension,Volatile Upside Player,Grass-Neutral,STALE_NON_AUTHORITATIVE_NOT_REGENERATED,,,
Alana Sharma,All,1,1,Low Surface Data,Raw Match Log Aggregate,0.0,1.0,3.0,30.0,0.125,0.2857142857142857,0.69,0.35,0.33,0.3438,reconstructed_from_serve_components,0.0,4.0,2.0,1.0,0.3,0.364,,,,Serve Liability,Low Return Profile,Low Pressure / Weak Survivor,Low Ace Profile,High DF Liability,Low-Data Separation Profile,Low-Data Resistance Profile,,,STALE_NON_AUTHORITATIVE_NOT_REGENERATED,,,
Alevtina Ibragimova,All,4,4,Usable / Thin,Raw Match Log Aggregate,0.75,0.5,11.75,21.75,0.5434782608695652,0.5,0.7225,0.5675,0.4375,0.53142500,reconstructed_from_serve_components,1.25,1.25,10.25,0.5365853658536586,0.5882352941176471,0.487225,,,,Serve Liability,Elite Return Profile,Creator Profile,Low Ace Profile,Moderate DF Profile,Low-Data Separation Profile,Low-Data Resistance Profile,,,STALE_NON_AUTHORITATIVE_NOT_REGENERATED,,,
Alevtina Ibragimova,Clay,4,4,Usable / Thin,Low Surface Sample,0.5,0.5,11.75,21.75,0.5434782608695652,0.5,0.7225,0.5675,0.4375,0.503,charting_raw_spw,1.25,1.25,10.25,0.5365853658536586,0.5882352941176471,0.486,0.496,0.98,5.4,Serve Liability,Elite Return Profile,Creator Profile,Low Ace Profile,Moderate DF Profile,Break-and-Giveback Risk,Resistance / Set Extension,Return-Led Winner,Clay-Pressure,STALE_NON_AUTHORITATIVE_NOT_REGENERATED,,,
Alexandra Eala,All,63,63,Stable Sample,Raw Match Log Aggregate,0.6666666666666666,0.3333333333333333,10.936507936507937,20.952380952380953,0.6916030534351145,0.36702954898911355,0.6321904761904762,0.6333492063492063,0.4980793650793651,0.5835956704459561380120937263,reconstructed_from_serve_components,2.075,2.789473684210526,8.873015873015873,0.4221824686940966,0.5589519650655022,0.4446164285714286,,,,Average Serve Profile,Average Return Profile,Creator Profile,Low Ace Profile,Moderate DF Profile,Low-Data Separation Profile,Low-Data Resistance Profile,,,STALE_NON_AUTHORITATIVE_NOT_REGENERATED,,,
Alexandra Eala,Hard,63,32,Stable Sample,Complete Profile,0.5517241379310345,0.375,10.78125,21.4375,0.688622754491018,0.3463855421686747,0.62978125,0.63296875,0.494,0.561,charting_raw_spw,1.65,2.967741935483871,9.03125,0.39792387543252594,0.5162790697674419,0.448,0.502,1.02,5.0,Average Serve Profile,Average Return Profile,Balanced BP Profile,Low Ace Profile,Moderate DF Profile,Neutral Separation Profile,Resistance / Set Extension,Return-Led Winner,Hard-Neutral,STALE_NON_AUTHORITATIVE_NOT_REGENERATED,,,
Alexandra Eala,Clay,63,10,Stable Sample,Complete Profile,0.4,0.2,9.5,20.2,0.6078431372549019,0.33,0.6401,0.5972000000000001,0.44,0.552,charting_raw_spw,1.6,2.888888888888889,6.6,0.5,0.5959595959595959,0.432,0.496,0.96,3.7,Fragile Serve Profile,Average Return Profile,Balanced BP Profile,Low Ace Profile,Moderate DF Profile,Neutral Separation Profile,Neutral Resistance Profile,Return-Led Winner,Clay-Neutral,STALE_NON_AUTHORITATIVE_NOT_REGENERATED,,,
Alexandra Eala,Grass,63,21,Stable Sample,Complete Profile,0.6153846153846154,0.3333333333333333,11.857142857142858,20.571428571428573,0.7351598173515982,0.41706161137440756,0.6320952380952382,0.6511428571428571,0.5319523809523808,0.564,charting_raw_spw,2.8,2.411764705882353,9.714285714285714,0.43137254901960786,0.5972222222222222,0.452,0.508,1.04,7.8,Stable Serve Profile,Strong Return Profile,Creator Profile,Low Ace Profile,Moderate DF Profile,Neutral Separation Profile,Resistance / Set Extension,Return-Led Winner,Grass-Control,STALE_NON_AUTHORITATIVE_NOT_REGENERATED,,,
Aliaksandra Sasnovich,All,27,27,Stable Sample,Raw Match Log Aggregate,0.5185185185185185,0.14814814814814814,10.37037037037037,20.074074074074073,0.6441947565543071,0.4,0.647074074074074,0.6232592592592592,0.48211111111111116,0.5734444183813442757238408779,reconstructed_from_serve_components,3.409090909090909,3.4,8.037037037037036,0.4976958525345622,0.5739910313901345,0.45402218518518517,,,,Fragile Serve Profile,Strong Return Profile,Creator Profile,Playable Ace Volume,Elevated DF Risk,Low-Data Separation Profile,Low-Data Resistance Profile,,,STALE_NON_AUTHORITATIVE_NOT_REGENERATED,,,
Aliaksandra Sasnovich,Hard,27,14,Stable Sample,Complete Profile,0.375,0.21428571428571427,10.5,21.285714285714285,0.6575342465753424,0.34459459459459457,0.6193571428571429,0.6112142857142857,0.4781428571428571,0.564,charting_raw_spw,3.230769230769231,3.6153846153846154,7.785714285714286,0.46788990825688076,0.5867768595041323,0.418,0.492,0.96,4.1,Average Serve Profile,Average Return Profile,Balanced BP Profile,Playable Ace Volume,Elevated DF Risk,Neutral Separation Profile,Volatile Resistance,Volatile Upside Player,Hard-Neutral,STALE_NON_AUTHORITATIVE_NOT_REGENERATED,,,
Alicia Dudeney,All,4,4,Usable / Thin,Raw Match Log Aggregate,0.25,0.0,7.5,18.0,0.5833333333333334,0.2571428571428571,0.565,0.7025,0.365,0.5556875,reconstructed_from_serve_components,2.25,2.5,4.5,0.5,0.3181818181818182,0.404,,,,Serve Liability,Weak Return Profile,Low Pressure / Weak Survivor,Playable Ace Volume,Moderate DF Profile,Low-Data Separation Profile,Low-Data Resistance Profile,,,STALE_NON_AUTHORITATIVE_NOT_REGENERATED,,,
Alicia Dudeney,Hard,4,0,No Surface Data,No Surface Match Sample,0.7216494845360825,,,,,,,,,0.589,charting_raw_spw,,,,,,0.494,0.541,1.2,,No Surface Data,No Surface Data,No Surface Data,No Surface Data,No Surface Data,No Surface Data,No Surface Data,,,STALE_NON_AUTHORITATIVE_NOT_REGENERATED,,,
Alicia Dudeney,Grass,4,4,Usable / Thin,Low Surface Sample,0.3333333333333333,0.0,7.5,18.0,0.5833333333333334,0.2571428571428571,0.565,0.7025,0.365,0.544,charting_raw_spw,2.25,2.5,4.5,0.5,0.3181818181818182,0.447,0.494,0.98,1.0,Serve Liability,Weak Return Profile,Low Pressure / Weak Survivor,Grass Ace Boost,Moderate DF Profile,Neutral Separation Profile,Neutral Resistance Profile,Volatile Upside Player,Grass-Neutral,STALE_NON_AUTHORITATIVE_NOT_REGENERATED,,,
Alina Charaeva,All,30,30,Stable Sample,Raw Match Log Aggregate,0.5666666666666667,0.3333333333333333,12.0,23.1,0.6567164179104478,0.4069767441860465,0.5929666666666666,0.6449333333333332,0.4589666666666667,0.5692387011111110332188888889,reconstructed_from_serve_components,3.7857142857142856,4.366666666666666,10.733333333333333,0.43478260869565216,0.5542635658914729,0.4719029,,,,Average Serve Profile,Strong Return Profile,Creator Profile,Playable Ace Volume,Elevated DF Risk,Low-Data Separation Profile,Low-Data Resistance Profile,,,STALE_NON_AUTHORITATIVE_NOT_REGENERATED,,,
Alina Charaeva,Hard,30,19,Stable Sample,Complete Profile,0.4,0.3684210526315789,11.947368421052632,23.210526315789473,0.7122641509433962,0.3470319634703196,0.6116315789473683,0.6666315789473685,0.4769473684210526,0.543,charting_raw_spw,4.277777777777778,4.368421052631579,9.157894736842104,0.4367816091954023,0.5704225352112676,0.432,0.488,0.95,4.4,Average Serve Profile,Average Return Profile,Creator Profile,High Ace Upside,Elevated DF Risk,Neutral Separation Profile,Resistance / Set Extension,Volatile Upside Player,Hard-Liability,STALE_NON_AUTHORITATIVE_NOT_REGENERATED,,,
Alina Charaeva,Clay,30,11,Stable Sample,Complete Profile,0.42857142857142855,0.2727272727272727,12.090909090909092,22.90909090909091,0.5609756097560976,0.512,0.5607272727272727,0.6074545454545455,0.4279090909090909,0.501,charting_raw_spw,2.9,4.363636363636363,13.454545454545455,0.43243243243243246,0.5344827586206896,0.472,0.487,0.95,3.3,Serve Liability,Elite Return Profile,Creator Profile,Playable Ace Volume,Elevated DF Risk,Break-and-Giveback Risk,Volatile Resistance,Return-Led Winner,Clay-Pressure,STALE_NON_AUTHORITATIVE_NOT_REGENERATED,,,
Alina Charaeva,Grass,30,0,No Surface Data,No Surface Match Sample,No Surface W/L,,,,,,,,,,missing_service_components,,,,,,,,,,No Surface Data,No Surface Data,No Surface Data,No Surface Data,No Surface Data,No Surface Data,No Surface Data,,,STALE_NON_AUTHORITATIVE_NOT_REGENERATED,,,
Alina Korneeva,All,40,40,Stable Sample,Raw Match Log Aggregate,0.7435897435897436,0.25,11.583333333333334,20.487179487179485,0.6648793565683646,0.46965699208443273,0.6462105263157895,0.6504210526315789,0.45607894736842103,0.5816648614958448418437396121,reconstructed_from_serve_components,3.064516129032258,4.138888888888889,8.7,0.5258620689655172,0.5421245421245421,0.5061642631578946,,,,Average Serve Profile,Elite Return Profile,Creator Profile,Playable Ace Volume,Elevated DF Risk,Low-Data Separation Profile,Low-Data Resistance Profile,,,STALE_NON_AUTHORITATIVE_NOT_REGENERATED,,,
Alina Korneeva,Hard,40,24,Stable Sample,Complete Profile,0.5789473684210527,0.25,11.9,20.043478260869566,0.7019230769230769,0.47641509433962265,0.6372272727272728,0.6747727272727273,0.4817727272727273,0.549,charting_raw_spw,3.05,4.4,8.625,0.5120772946859904,0.5664335664335665,0.482,0.516,1.07,7.7,Average Serve Profile,Elite Return Profile,Creator Profile,Playable Ace Volume,Elevated DF Risk,Controlled Separator,Stable Resistance,Volatile Upside Player,Hard-Control,STALE_NON_AUTHORITATIVE_NOT_REGENERATED,,,
Alina Korneeva,Grass,40,4,Usable / Thin,Low Surface Sample,0.0,0.5,13.5,24.75,0.625,0.4897959183673469,0.6347499999999999,0.6325,0.4165,0.534,charting_raw_spw,3.6666666666666665,4.25,9.75,0.6153846153846154,0.45454545454545453,0.453,0.497,0.97,3.4,Fragile Serve Profile,Elite Return Profile,Creator Profile,Playable Ace Volume,Pressure DF Risk,Break-and-Giveback Risk,Resistance / Set Extension,Return-Led Winner,Grass-Pressure,STALE_NON_AUTHORITATIVE_NOT_REGENERATED,,,
Alina Kubareva,All,1,1,Low Surface Data,Raw Match Log Aggregate,0.0,1.0,,25.0,,,,,,,missing_service_components,,,,,,,,,,Low-Data Serve Profile,Low-Data Return Profile,Low-Data BP Profile,Low-Data Ace Profile,Low-Data DF Profile,Low-Data Separation Profile,Low-Data Resistance Profile,,,STALE_NON_AUTHORITATIVE_NOT_REGENERATED,,,
Alisa Oktiabreva,All,0,0,No Surface Data,Raw Match Missing,,,,,,,,,,,missing_service_components,,,,,,,,,,No Surface Data,No Surface Data,No Surface Data,No Surface Data,No Surface Data,No Surface Data,No Surface Data,,,STALE_NON_AUTHORITATIVE_NOT_REGENERATED,,,
Alisa Oktiabreva,Hard,0,0,No Surface Data,Raw Match Missing,0.6,,,,,,,,,0.538,charting_raw_spw,,,,,,0.507,0.523,1.1,,No Surface Data,No Surface Data,No Surface Data,No Surface Data,No Surface Data,No Surface Data,No Surface Data,,,STALE_NON_AUTHORITATIVE_NOT_REGENERATED,,,
Alycia Parks,All,42,42,Stable Sample,Raw Match Log Aggregate,0.47619047619047616,0.38095238095238093,11.119047619047619,22.666666666666668,0.6838709677419355,0.3225108225108225,0.5520238095238095,0.6965238095238095,0.45016666666666666,0.5861616751700680052153061225,reconstructed_from_serve_components,5.642857142857143,6.097560975609756,7.833333333333333,0.45288753799392095,0.5318471337579618,0.4187983809523809,,,,Average Serve Profile,Low Return Profile,Balanced BP Profile,High Ace Upside,High DF Liability,Low-Data Separation Profile,Low-Data Resistance Profile,,,STALE_NON_AUTHORITATIVE_NOT_REGENERATED,,,
Alycia Parks,Hard,42,24,Stable Sample,Complete Profile,0.41935483870967744,0.4583333333333333,11.541666666666666,23.375,0.6948529411764706,0.3247232472324723,0.5751666666666667,0.6967916666666666,0.4478333333333333,0.561,charting_raw_spw,5.75,6.125,8.583333333333334,0.42718446601941745,0.5337078651685393,0.401,0.483,0.91,2.8,Average Serve Profile,Low Return Profile,Creator Profile,High Ace Upside,High DF Liability,Neutral Separation Profile,Resistance / Set Extension,Volatile Upside Player,Hard-Liability,STALE_NON_AUTHORITATIVE_NOT_REGENERATED,,,
Alycia Parks,Grass,42,5,Usable / Thin,Complete Profile,0.5,0.6,11.2,24.8,0.6190476190476191,0.2786885245901639,0.5304,0.6982,0.42119999999999996,0.578,charting_raw_spw,7.6,6.6,7.8,0.4358974358974359,0.4418604651162791,0.436,0.506,1.03,1.5,Serve Liability,Weak Return Profile,Balanced BP Profile,High Ace Upside,High DF Liability,Backdoor Risk,Resistance / Set Extension,Volatile Upside Player,Grass-Control,STALE_NON_AUTHORITATIVE_NOT_REGENERATED,,,
Amanda Anisimova,All,41,41,Stable Sample,Raw Match Log Aggregate,0.675,0.4146341463414634,12.15,22.075,0.7072072072072072,0.40454545454545454,0.6267317073170732,0.6691707317073171,0.49809756097560975,0.6053145413444378541679952409,reconstructed_from_serve_components,3.5641025641025643,4.615384615384615,8.21951219512195,0.5281899109792285,0.5532646048109966,0.47215539024390246,,,,Average Serve Profile,Strong Return Profile,Creator Profile,Playable Ace Volume,Elevated DF Risk,Low-Data Separation Profile,Low-Data Resistance Profile,,,STALE_NON_AUTHORITATIVE_NOT_REGENERATED,,,
Amanda Anisimova,Hard,41,28,Stable Sample,Complete Profile,0.725,0.39285714285714285,11.928571428571429,21.571428571428573,0.6864686468646864,0.4214046822742475,0.6306071428571429,0.6551071428571429,0.4988928571428572,0.601,charting_raw_spw,3.0,3.9285714285714284,8.035714285714286,0.56,0.5052083333333334,0.456,0.528,1.14,8.2,Average Serve Profile,Elite Return Profile,Creator Profile,Playable Ace Volume,Elevated DF Risk,Controlled Separator,Resistance / Set Extension,Volatile Upside Player,Hard-Pressure,STALE_NON_AUTHORITATIVE_NOT_REGENERATED,,,
Amanda Anisimova,Grass,41,10,Stable Sample,Complete Profile,0.6,0.5,12.5,23.1,0.7565217391304347,0.3333333333333333,0.6067,0.6786999999999999,0.5024,0.628,charting_raw_spw,5.666666666666667,6.555555555555555,8.2,0.4634146341463415,0.6585365853658537,0.412,0.527,1.11,7.4,Stable Serve Profile,Average Return Profile,Creator Profile,Grass Ace Boost,High DF Liability,Controlled Separator,Resistance / Set Extension,Volatile Upside Player,Grass-Control,STALE_NON_AUTHORITATIVE_NOT_REGENERATED,,,
Anastasia Gasanova,All,2,2,Low Surface Data,Raw Match Log Aggregate,1.0,0.5,10.0,24.5,0.5454545454545454,0.34782608695652173,0.68,0.62,0.29,0.5144,reconstructed_from_serve_components,0.0,5.0,11.5,0.34782608695652173,0.5238095238095238,0.41700000000000004,,,,Serve Liability,Average Return Profile,Balanced BP Profile,Low Ace Profile,High DF Liability,Low-Data Separation Profile,Low-Data Resistance Profile,,,STALE_NON_AUTHORITATIVE_NOT_REGENERATED,,,
Anastasia Gasanova,Hard,2,0,No Surface Data,No Surface Match Sample,0.55,,,,,,,,,0.535,charting_raw_spw,,,,,,0.464,0.499,1,,No Surface Data,No Surface Data,No Surface Data,No Surface Data,No Surface Data,No Surface Data,No Surface Data,,,STALE_NON_AUTHORITATIVE_NOT_REGENERATED,,,
Anastasia Gasanova,Grass,2,2,Low Surface Data,Low Surface Sample,0.0,0.5,10.0,24.5,0.5454545454545454,0.34782608695652173,0.68,0.62,0.29,0.502,charting_raw_spw,0.0,5.0,11.5,0.34782608695652173,0.5238095238095238,0.438,0.467,0.88,1.0,Serve Liability,Average Return Profile,Balanced BP Profile,Low Ace Profile,High DF Liability,Backdoor Risk,Resistance / Set Extension,Return-Led Winner,Grass-Liability,STALE_NON_AUTHORITATIVE_NOT_REGENERATED,,,
Anastasia Potapova,All,33,33,Stable Sample,Raw Match Log Aggregate,0.6060606060606061,0.3939393939393939,12.161290322580646,23.03030303030303,0.625,0.41032608695652173,0.5714242424242424,0.6503939393939394,0.4274545454545454,0.5548475197428833539287419651,reconstructed_from_serve_components,2.740740740740741,5.09375,9.454545454545455,0.483974358974359,0.5605095541401274,0.44673412121212125,,,,Fragile Serve Profile,Strong Return Profile,Creator Profile,Opponent-Dependent Ace Profile,Elevated DF Risk,Low-Data Separation Profile,Low-Data Resistance Profile,,,STALE_NON_AUTHORITATIVE_NOT_REGENERATED,,,
Anastasia Potapova,Hard,33,19,Stable Sample,Complete Profile,0.5,0.3157894736842105,10.833333333333334,22.42105263157895,0.594059405940594,0.3804878048780488,0.5852631578947368,0.641263157894737,0.40584210526315795,0.534,charting_raw_spw,3.0588235294117645,5.526315789473684,8.842105263157896,0.4642857142857143,0.5751295336787565,0.44,0.488,0.95,3.2,Fragile Serve Profile,Strong Return Profile,Creator Profile,Playable Ace Volume,High DF Liability,Break-and-Giveback Risk,Resistance / Set Extension,Volatile Upside Player,Hard-Pressure,STALE_NON_AUTHORITATIVE_NOT_REGENERATED,,,
Anastasia Potapova,Clay,33,10,Stable Sample,Complete Profile,0.7777777777777778,0.5,13.9,24.1,0.6386554621848739,0.5294117647058824,0.5398,0.6757000000000001,0.4496,0.593,charting_raw_spw,2.125,5.111111111111111,12.0,0.525,0.5425531914893617,0.486,0.542,1.19,7.2,Fragile Serve Profile,Elite Return Profile,Creator Profile,Opponent-Dependent Ace Profile,Elevated DF Risk,Break-and-Giveback Risk,Resistance / Set Extension,Volatile Upside Player,Clay-Pressure,STALE_NON_AUTHORITATIVE_NOT_REGENERATED,,,
Anastasia Potapova,Grass,33,4,Usable / Thin,Low Surface Sample,0.25,0.5,14.333333333333334,23.25,0.723404255319149,0.22727272727272727,0.58475,0.6305,0.47474999999999995,0.528,charting_raw_spw,2.5,3.0,6.0,0.4166666666666667,0.5185185185185185,0.324,0.432,0.69,2.1,Average Serve Profile,Weak Return Profile,Balanced BP Profile,Low Ace Profile,Moderate DF Profile,Low Separation Profile,Resistance / Set Extension,Serve-Led Winner,Grass-Neutral,STALE_NON_AUTHORITATIVE_NOT_REGENERATED,,,
Anastasia Zakharova,All,43,43,Stable Sample,Raw Match Log Aggregate,0.6511627906976745,0.3023255813953488,11.209302325581396,21.813953488372093,0.6602150537634408,0.3747323340471092,0.7063953488372092,0.5951162790697674,0.49653488372093024,0.5661723228772308981684153596,reconstructed_from_serve_components,1.3157894736842106,3.2439024390243905,8.418604651162791,0.48342541436464087,0.5226586102719033,0.4591536511627907,,,,Fragile Serve Profile,Average Return Profile,Creator Profile,Low Ace Profile,Moderate DF Profile,Low-Data Separation Profile,Low-Data Resistance Profile,,,STALE_NON_AUTHORITATIVE_NOT_REGENERATED,,,
Anastasia Zakharova,Hard,43,22,Stable Sample,Complete Profile,0.4166666666666667,0.13636363636363635,11.409090909090908,19.5,0.7222222222222222,0.43577981651376146,0.7216818181818182,0.6254545454545455,0.5280454545454546,0.557,charting_raw_spw,0.8888888888888888,2.5238095238095237,8.409090909090908,0.5135135135135135,0.5683453237410072,0.43,0.493,0.97,5.6,Average Serve Profile,Strong Return Profile,Creator Profile,Low Ace Profile,Moderate DF Profile,Neutral Separation Profile,Neutral Resistance Profile,Return-Led Winner,Hard-Pressure,STALE_NON_AUTHORITATIVE_NOT_REGENERATED,,,
Anastasia Zakharova,Clay,43,13,Stable Sample,Complete Profile,0.2,0.23076923076923078,8.76923076923077,20.23076923076923,0.5461538461538461,0.3282442748091603,0.6953846153846154,0.5353846153846153,0.4243076923076923,0.489,charting_raw_spw,1.25,4.166666666666667,6.923076923076923,0.4777777777777778,0.4636363636363636,0.411,0.451,0.81,1.0,Serve Liability,Low Return Profile,Balanced BP Profile,Low Ace Profile,Pressure DF Risk,Backdoor Risk,Volatile Resistance,Return-Led Winner,Clay-Liability,STALE_NON_AUTHORITATIVE_NOT_REGENERATED,,,
Anastasia Zakharova,Grass,43,8,Stable Sample,Complete Profile,0.5,0.875,14.625,30.75,0.6722689075630253,0.3135593220338983,0.6822499999999999,0.60875,0.52725,0.588,charting_raw_spw,2.0,3.75,10.875,0.42528735632183906,0.524390243902439,0.424,0.505,1.03,4.3,Average Serve Profile,Low Return Profile,Creator Profile,Low Ace Profile,Moderate DF Profile,Backdoor Risk,Resistance / Set Extension,Balanced Winner,Grass-Neutral,STALE_NON_AUTHORITATIVE_NOT_REGENERATED,,,
Andrea Petkovic,All,1,1,Low Surface Data,Raw Match Log Aggregate,0.0,0.0,16.0,16.0,0.6666666666666666,0.375,0.7,0.67,0.36,0.577,reconstructed_from_serve_components,0.0,3.0,14.0,0.42857142857142855,0.16666666666666666,0.4368,,,,Serve Liability,Average Return Profile,Strong Creator / Weak Survivor,Low Ace Profile,Moderate DF Profile,Low-Data Separation Profile,Low-Data Resistance Profile,,,STALE_NON_AUTHORITATIVE_NOT_REGENERATED,,,
Angelina Voloshchuk,All,1,1,Low Surface Data,Raw Match Log Aggregate,1.0,0.0,12.0,17.0,0.875,0.5555555555555556,0.67,0.65,0.71,0.6698,reconstructed_from_serve_components,1.0,2.0,10.0,0.5,0.75,0.5425,,,,Stable Serve Profile,Elite Return Profile,Strong Creator / Strong Survivor,Opponent-Dependent Ace Profile,Moderate DF Profile,Low-Data Separation Profile,Low-Data Resistance Profile,,,STALE_NON_AUTHORITATIVE_NOT_REGENERATED,,,
Anhelina Kalinina,All,27,27,Stable Sample,Raw Match Log Aggregate,0.5185185185185185,0.25925925925925924,10.461538461538462,20.74074074074074,0.6380597014925373,0.3895131086142322,0.6746296296296296,0.6055925925925927,0.4852592592592593,0.5664396913580247735086419753,reconstructed_from_serve_components,1.8421052631578947,2.923076923076923,8.962962962962964,0.4297520661157025,0.5570776255707762,0.45313937037037033,,,,Fragile Serve Profile,Strong Return Profile,Creator Profile,Low Ace Profile,Moderate DF Profile,Low-Data Separation Profile,Low-Data Resistance Profile,,,STALE_NON_AUTHORITATIVE_NOT_REGENERATED,,,
Anhelina Kalinina,Hard,27,14,Stable Sample,Complete Profile,0.0,0.35714285714285715,11.307692307692308,22.285714285714285,0.6758620689655173,0.35374149659863946,0.6790714285714285,0.6338571428571429,0.4645714285714286,0.523,charting_raw_spw,2.3333333333333335,3.2857142857142856,8.714285714285714,0.4262295081967213,0.5648148148148148,0.321,0.43,0.67,3.4,Average Serve Profile,Weak Return Profile,Creator Profile,Low Ace Profile,Elevated DF Risk,Backdoor Risk,Resistance / Set Extension,Serve-Led Winner,Hard-Resistance,STALE_NON_AUTHORITATIVE_NOT_REGENERATED,,,
Anhelina Kalinina,Clay,27,11,Stable Sample,Complete Profile,0.5833333333333334,0.18181818181818182,9.454545454545455,18.818181818181817,0.5588235294117647,0.47,0.6830909090909091,0.56,0.4851818181818182,0.551,charting_raw_spw,0.8,2.5,9.272727272727273,0.46078431372549017,0.53125,0.497,0.523,1.11,6.4,Serve Liability,Elite Return Profile,Creator Profile,Low Ace Profile,Moderate DF Profile,Break-and-Giveback Risk,Neutral Resistance Profile,Return-Led Winner,Clay-Pressure,STALE_NON_AUTHORITATIVE_NOT_REGENERATED,,,
Anhelina Kalinina,Grass,27,2,Low Surface Data,Low Surface Sample,0.5,0.0,10.5,20.5,0.7619047619047619,0.25,0.597,0.6585,0.6305,0.539,charting_raw_spw,1.5,2.5,9.0,0.2777777777777778,0.6666666666666666,0.441,0.492,0.96,4.8,Stable Serve Profile,Weak Return Profile,Balanced BP Profile,Low Ace Profile,Moderate DF Profile,Neutral Separation Profile,Serve-Hold Resistance,Serve-Led Winner,Grass-Neutral,STALE_NON_AUTHORITATIVE_NOT_REGENERATED,,,
Ankita Raina,All,1,1,Low Surface Data,Raw Match Log Aggregate,0.0,0.0,7.0,14.0,0.6666666666666666,0.1,0.59,0.64,0.44,0.5580,reconstructed_from_serve_components,5.0,3.0,7.0,0.14285714285714285,0.5714285714285714,0.3784,,,,Average Serve Profile,Weak Return Profile,Balanced BP Profile,High Ace Upside,Elevated DF Risk,Low-Data Separation Profile,Low-Data Resistance Profile,,,STALE_NON_AUTHORITATIVE_NOT_REGENERATED,,,
Ann Li,All,44,44,Stable Sample,Raw Match Log Aggregate,0.5454545454545454,0.3409090909090909,11.25,22.431818181818183,0.7122448979591837,0.2997946611909651,0.5876279069767443,0.6814883720930233,0.4753720930232558,0.5964917706868578046504597079,reconstructed_from_serve_components,4.512195121951219,3.2,7.818181818181818,0.42441860465116277,0.5878787878787879,0.4164347906976744,,,,Average Serve Profile,Low Return Profile,Balanced BP Profile,High Ace Upside,Moderate DF Profile,Low-Data Separation Profile,Low-Data Resistance Profile,,,STALE_NON_AUTHORITATIVE_NOT_REGENERATED,,,
Ann Li,Hard,44,27,Stable Sample,Complete Profile,0.5526315789473685,0.18518518518518517,11.37037037037037,21.74074074074074,0.7303754266211604,0.3217993079584775,0.568423076923077,0.6943076923076923,0.4854230769230769,0.594,charting_raw_spw,4.291666666666667,3.625,7.962962962962963,0.4325581395348837,0.5888888888888889,0.43,0.511,1.06,8.0,Stable Serve Profile,Low Return Profile,Balanced BP Profile,High Ace Upside,Elevated DF Risk,Neutral Separation Profile,Serve-Hold Resistance,Volatile Upside Player,Hard-Control,STALE_NON_AUTHORITATIVE_NOT_REGENERATED,,,
Ann Li,Clay,44,10,Stable Sample,Complete Profile,0.5882352941176471,0.3,10.0,20.3,0.7058823529411765,0.28,0.6322000000000001,0.6594,0.47489999999999993,0.566,charting_raw_spw,3.0,2.0,6.3,0.4444444444444444,0.6153846153846154,0.433,0.5,1,6.1,Average Serve Profile,Low Return Profile,Balanced BP Profile,Playable Ace Volume,Clean DF Profile,Neutral Separation Profile,Serve-Hold Resistance,Volatile Upside Player,Clay-Neutral,STALE_NON_AUTHORITATIVE_NOT_REGENERATED,,,
Ann Li,Grass,44,7,Stable Sample,Complete Profile,0.42857142857142855,1.0,12.571428571428571,28.142857142857142,0.6631578947368421,0.25510204081632654,0.5952857142857142,0.6654285714285715,0.4387142857142857,0.574,charting_raw_spw,7.428571428571429,3.2857142857142856,9.428571428571429,0.3787878787878788,0.5555555555555556,0.405,0.488,0.95,2.7,Fragile Serve Profile,Weak Return Profile,Balanced BP Profile,High Ace Upside,Moderate DF Profile,Backdoor Risk,Resistance / Set Extension,Volatile Upside Player,Grass-Neutral,STALE_NON_AUTHORITATIVE_NOT_REGENERATED,,,
Anna Blinkova,All,52,52,Stable Sample,Raw Match Log Aggregate,0.4807692307692308,0.3269230769230769,10.4,21.615384615384617,0.5856873822975518,0.38847583643122674,0.618156862745098,0.6019803921568627,0.4303921568627451,0.5364606020761245336161476355,reconstructed_from_serve_components,2.324324324324324,4.16,8.76923076923077,0.4583333333333333,0.5363825363825364,0.4472657058823529,,,,Fragile Serve Profile,Strong Return Profile,Creator Profile,Opponent-Dependent Ace Profile,Elevated DF Risk,Low-Data Separation Profile,Low-Data Resistance Profile,,,STALE_NON_AUTHORITATIVE_NOT_REGENERATED,,,
Anna Blinkova,Hard,52,28,Stable Sample,Complete Profile,0.45,0.32142857142857145,10.153846153846153,21.535714285714285,0.5890909090909091,0.36823104693140796,0.6136296296296296,0.6078148148148148,0.4255555555555556,0.524,charting_raw_spw,2.5,4.555555555555555,8.285714285714286,0.4396551724137931,0.510548523206751,0.428,0.473,0.9,1.8,Fragile Serve Profile,Average Return Profile,Creator Profile,Opponent-Dependent Ace Profile,Pressure DF Risk,Backdoor Risk,Resistance / Set Extension,Return-Led Winner,Hard-Pressure,STALE_NON_AUTHORITATIVE_NOT_REGENERATED,,,
Anna Blinkova,Clay,52,10,Stable Sample,Complete Profile,0.2,0.3,9.2,21.0,0.4563106796116505,0.42857142857142855,0.6025,0.5589,0.3685,0.468,charting_raw_spw,2.25,4.0,9.2,0.4891304347826087,0.5333333333333333,0.468,0.468,0.88,1.5,Serve Liability,Elite Return Profile,Creator Profile,Low Ace Profile,Elevated DF Risk,Break-and-Giveback Risk,Resistance / Set Extension,Return-Led Winner,Clay-Pressure,STALE_NON_AUTHORITATIVE_NOT_REGENERATED,,,
Anna Blinkova,Grass,52,14,Stable Sample,Complete Profile,0.4444444444444444,0.35714285714285715,11.714285714285714,22.214285714285715,0.6666666666666666,0.3974358974358974,0.6380714285714286,0.6214999999999999,0.4839285714285715,0.541,charting_raw_spw,2.0,3.4615384615384617,9.428571428571429,0.4696969696969697,0.5887096774193549,0.45,0.493,0.98,5.5,Average Serve Profile,Strong Return Profile,Creator Profile,Opponent-Dependent Ace Profile,Moderate DF Profile,Break-and-Giveback Risk,Resistance / Set Extension,Return-Led Winner,Grass-Pressure,STALE_NON_AUTHORITATIVE_NOT_REGENERATED,,,
Anna Bondar,All,46,46,Stable Sample,Raw Match Log Aggregate,0.5333333333333333,0.3695652173913043,11.153846153846153,23.08888888888889,0.7080459770114943,0.29493087557603687,0.6079,0.668025,0.48644999999999994,0.596829442499999976474,reconstructed_from_serve_components,3.8421052631578947,2.78125,6.8604651162790695,0.43389830508474575,0.60062893081761,0.39991089999999996,,,,Average Serve Profile,Low Return Profile,Balanced BP Profile,Playable Ace Volume,Moderate DF Profile,Low-Data Separation Profile,Low-Data Resistance Profile,,,STALE_NON_AUTHORITATIVE_NOT_REGENERATED,,,
Anna Bondar,Hard,46,22,Stable Sample,Complete Profile,0.4090909090909091,0.3181818181818182,10.1875,22.636363636363637,0.6982248520710059,0.2694610778443114,0.5873125,0.6772500000000001,0.46581249999999996,0.578,charting_raw_spw,4.4375,3.076923076923077,5.0,0.47368421052631576,0.5233644859813084,0.418,0.497,0.99,3.4,Average Serve Profile,Weak Return Profile,Balanced BP Profile,High Ace Upside,Moderate DF Profile,Neutral Separation Profile,Resistance / Set Extension,Volatile Upside Player,Hard-Neutral,STALE_NON_AUTHORITATIVE_NOT_REGENERATED,,,
Anna Bondar,Clay,46,18,Stable Sample,Complete Profile,0.6666666666666666,0.4444444444444444,12.764705882352942,24.294117647058822,0.7093596059113301,0.3645320197044335,0.6296111111111111,0.6481666666666667,0.5144444444444445,0.579,charting_raw_spw,3.375,2.1538461538461537,9.333333333333334,0.44047619047619047,0.6217948717948718,0.447,0.515,1.06,9.8,Average Serve Profile,Average Return Profile,Creator Profile,Playable Ace Volume,Clean DF Profile,Controlled Separator,Resistance / Set Extension,Volatile Upside Player,Clay-Control,STALE_NON_AUTHORITATIVE_NOT_REGENERATED,,,
Anna Bondar,Grass,46,6,Stable Sample,Complete Profile,0.0,0.3333333333333333,9.166666666666666,21.333333333333332,0.7301587301587301,0.140625,0.5976666666666667,0.703,0.4575,0.565,charting_raw_spw,3.5,3.5,5.333333333333333,0.28125,0.6909090909090909,0.385,0.477,0.89,2.6,Average Serve Profile,Weak Return Profile,Balanced BP Profile,Playable Ace Volume,Elevated DF Risk,Low Separation Profile,Serve-Hold Resistance,Volatile Upside Player,Grass-Neutral,STALE_NON_AUTHORITATIVE_NOT_REGENERATED,,,
Anna Kalinskaya,All,38,38,Stable Sample,Raw Match Log Aggregate,0.5526315789473685,0.34210526315789475,10.578947368421053,21.86842105263158,0.6341463414634146,0.34299516908212563,0.6024210526315789,0.6209736842105262,0.4491052631578947,0.5526424182825483839114958449,reconstructed_from_serve_components,2.625,5.105263157894737,7.921052631578948,0.4684385382059801,0.46735395189003437,0.4270528421052631,,,,Serve Liability,Average Return Profile,Balanced BP Profile,Opponent-Dependent Ace Profile,High DF Liability,Low-Data Separation Profile,Low-Data Resistance Profile,,,STALE_NON_AUTHORITATIVE_NOT_REGENERATED,,,
Anna Kalinskaya,Hard,38,25,Stable Sample,Complete Profile,0.6153846153846154,0.4,11.0,22.16,0.6727272727272727,0.3237410071942446,0.58592,0.63732,0.47368000000000005,0.581,charting_raw_spw,3.142857142857143,5.32,8.32,0.42788461538461536,0.4808743169398907,0.43,0.505,1.03,4.3,Average Serve Profile,Low Return Profile,Creator Profile,Playable Ace Volume,High DF Liability,Backdoor Risk,Resistance / Set Extension,Return-Led Winner,Hard-Neutral,STALE_NON_AUTHORITATIVE_NOT_REGENERATED,,,
Anna Kalinskaya,Clay,38,10,Stable Sample,Complete Profile,0.6666666666666666,0.3,10.4,22.1,0.5370370370370371,0.42201834862385323,0.6355,0.5811,0.39519999999999994,0.533,charting_raw_spw,1.5,5.1,8.4,0.5476190476190477,0.43820224719101125,0.443,0.489,0.95,2.5,Serve Liability,Elite Return Profile,Creator Profile,Low Ace Profile,High DF Liability,Break-and-Giveback Risk,Resistance / Set Extension,Return-Led Winner,Clay-Neutral,STALE_NON_AUTHORITATIVE_NOT_REGENERATED,,,
Anna Kalinskaya,Grass,38,3,Usable / Thin,Low Surface Sample,0.3333333333333333,0.0,7.666666666666667,18.666666666666668,0.6296296296296297,0.2222222222222222,0.6296666666666667,0.6176666666666667,0.424,0.568,charting_raw_spw,2.0,3.3333333333333335,3.0,0.6666666666666666,0.47368421052631576,0.385,0.48,0.89,1.0,Fragile Serve Profile,Weak Return Profile,Low Pressure / Weak Survivor,Playable Ace Volume,Pressure DF Risk,Backdoor Risk,Volatile Resistance,Return-Led Winner,Grass-Neutral,STALE_NON_AUTHORITATIVE_NOT_REGENERATED,,,
Anna Sinclair Rogers,All,1,1,Low Surface Data,Raw Match Log Aggregate,0.0,0.0,,14.0,,,,,,,missing_service_components,,,,,,,,,,Low-Data Serve Profile,Low-Data Return Profile,Low-Data BP Profile,Low-Data Ace Profile,Low-Data DF Profile,Low-Data Separation Profile,Low-Data Resistance Profile,,,STALE_NON_AUTHORITATIVE_NOT_REGENERATED,,,
Antonia Ruzic,All,36,36,Stable Sample,Raw Match Log Aggregate,0.5,0.4722222222222222,11.424242424242424,22.61111111111111,0.6458333333333334,0.3421750663129973,0.6657272727272727,0.5834848484848485,0.4837575757575758,0.5501487410468319774710743802,reconstructed_from_serve_components,2.272727272727273,3.4545454545454546,8.194444444444445,0.43728813559322033,0.5451505016722408,0.4312239393939394,,,,Fragile Serve Profile,Average Return Profile,Creator Profile,Opponent-Dependent Ace Profile,Moderate DF Profile,Low-Data Separation Profile,Low-Data Resistance Profile,,,STALE_NON_AUTHORITATIVE_NOT_REGENERATED,,,
Antonia Ruzic,Hard,36,14,Stable Sample,Complete Profile,0.5,0.42857142857142855,12.545454545454545,22.071428571428573,0.7348484848484849,0.3178294573643411,0.6265454545454545,0.6128181818181818,0.5515454545454546,0.569,charting_raw_spw,2.2222222222222223,3.8181818181818183,7.642857142857143,0.38317757009345793,0.5977011494252874,0.425,0.499,0.99,4.7,Average Serve Profile,Low Return Profile,Balanced BP Profile,Opponent-Dependent Ace Profile,Elevated DF Risk,Neutral Separation Profile,Resistance / Set Extension,Volatile Upside Player,Hard-Resistance,STALE_NON_AUTHORITATIVE_NOT_REGENERATED,,,
Antonia Ruzic,Clay,36,12,Stable Sample,Complete Profile,0.3333333333333333,0.4166666666666667,9.75,21.666666666666668,0.5769230769230769,0.328125,0.6719166666666666,0.5646666666666667,0.43916666666666665,0.471,charting_raw_spw,2.0,3.0,8.25,0.42424242424242425,0.5217391304347826,0.389,0.43,0.74,1.4,Serve Liability,Low Return Profile,Creator Profile,Low Ace Profile,Moderate DF Profile,Backdoor Risk,Resistance / Set Extension,Volatile Upside Player,Clay-Liability,STALE_NON_AUTHORITATIVE_NOT_REGENERATED,,,
Antonia Ruzic,Grass,36,10,Stable Sample,Complete Profile,0.25,0.6,12.2,24.5,0.6229508196721312,0.38333333333333336,0.7014,0.5738,0.46269999999999994,0.535,charting_raw_spw,2.6666666666666665,3.6,8.9,0.5168539325842697,0.5257731958762887,0.459,0.492,0.99,4.3,Fragile Serve Profile,Strong Return Profile,Creator Profile,Opponent-Dependent Ace Profile,Moderate DF Profile,Break-and-Giveback Risk,Resistance / Set Extension,Volatile Upside Player,Grass-Pressure,STALE_NON_AUTHORITATIVE_NOT_REGENERATED,,,
Aoi Ito,All,17,17,Stable Sample,Raw Match Log Aggregate,0.35294117647058826,0.29411764705882354,9.0,20.470588235294116,0.5697674418604651,0.3216374269005848,0.6723529411764706,0.5523529411764706,0.4447058823529412,0.5170826989619377331487889274,reconstructed_from_serve_components,1.3529411764705883,4.705882352941177,7.0,0.46218487394957986,0.5384615384615384,0.4313,,,,Serve Liability,Low Return Profile,Balanced BP Profile,Low Ace Profile,High DF Liability,Low-Data Separation Profile,Low-Data Resistance Profile,,,STALE_NON_AUTHORITATIVE_NOT_REGENERATED,,,
Aoi Ito,Hard,17,12,Stable Sample,Complete Profile,0.4666666666666667,0.3333333333333333,9.583333333333334,20.666666666666668,0.5806451612903226,0.35537190082644626,0.6775,0.5683333333333334,0.4766666666666666,0.522,charting_raw_spw,1.3333333333333333,4.666666666666667,6.833333333333333,0.524390243902439,0.5470085470085471,0.444,0.485,0.93,2.8,Fragile Serve Profile,Average Return Profile,Balanced BP Profile,Low Ace Profile,High DF Liability,Neutral Separation Profile,Volatile Resistance,Return-Led Winner,Hard-Pressure,STALE_NON_AUTHORITATIVE_NOT_REGENERATED,,,
Aoi Ito,Grass,17,5,Usable / Thin,Complete Profile,0.0,0.2,7.6,20.0,0.5416666666666666,0.24,0.66,0.514,0.368,0.485,charting_raw_spw,1.4,4.8,7.4,0.32432432432432434,0.5192307692307693,0.45,0.469,0.87,1.0,Serve Liability,Weak Return Profile,Balanced BP Profile,Low Ace Profile,High DF Liability,Low Separation Profile,Volatile Resistance,Return-Led Winner,Grass-Liability,STALE_NON_AUTHORITATIVE_NOT_REGENERATED,,,
Arantxa Rus,All,6,6,Stable Sample,Raw Match Log Aggregate,0.3333333333333333,0.6666666666666666,11.5,26.166666666666668,0.7291666666666666,0.22916666666666666,0.6575,0.64,0.5225,0.59975625,reconstructed_from_serve_components,4.5,1.75,6.25,0.44,0.6578947368421053,0.38827500000000004,,,,Stable Serve Profile,Weak Return Profile,Balanced BP Profile,High Ace Upside,Clean DF Profile,Low-Data Separation Profile,Low-Data Resistance Profile,,,STALE_NON_AUTHORITATIVE_NOT_REGENERATED,,,
Arantxa Rus,Hard,6,6,Stable Sample,Complete Profile,0.55,0.6666666666666666,11.5,26.166666666666668,0.7291666666666666,0.22916666666666666,0.6575,0.64,0.5225,0.581,charting_raw_spw,4.5,1.75,6.25,0.44,0.6578947368421053,0.436,0.511,1.04,6.7,Stable Serve Profile,Weak Return Profile,Balanced BP Profile,High Ace Upside,Clean DF Profile,Serve-Led Separator,Resistance / Set Extension,Volatile Upside Player,Hard-Control,STALE_NON_AUTHORITATIVE_NOT_REGENERATED,,,
Ariana Arseneault,All,1,1,Low Surface Data,Raw Match Log Aggregate,0.0,0.0,11.0,18.0,0.5,0.45454545454545453,0.68,0.55,0.44,0.5148,reconstructed_from_serve_components,3.0,3.0,8.0,0.625,0.45454545454545453,0.4741,,,,Serve Liability,Elite Return Profile,Creator Profile,Playable Ace Volume,Moderate DF Profile,Low-Data Separation Profile,Low-Data Resistance Profile,,,STALE_NON_AUTHORITATIVE_NOT_REGENERATED,,,
Ariana Arseneault,Hard,1,1,Low Surface Data,Low Surface Sample,0.49504950495049505,0.0,11.0,18.0,0.5,0.45454545454545453,0.68,0.55,0.44,0.56,charting_raw_spw,3.0,3.0,8.0,0.625,0.45454545454545453,0.46,0.511,1.04,5.7,Serve Liability,Elite Return Profile,Creator Profile,Playable Ace Volume,Moderate DF Profile,Break-and-Giveback Risk,Neutral Resistance Profile,Volatile Upside Player,Hard-Pressure,STALE_NON_AUTHORITATIVE_NOT_REGENERATED,,,
Aryna Sabalenka,All,56,56,Stable Sample,Raw Match Log Aggregate,0.8214285714285714,0.25,12.607142857142858,22.125,0.8,0.3537190082644628,0.6335714285714286,0.7245357142857144,0.5375714285714286,0.6560266581632653943418367347,reconstructed_from_serve_components,5.754716981132075,3.14,8.589285714285714,0.4386694386694387,0.6139240506329114,0.44191487500000004,,,,Stable Serve Profile,Average Return Profile,Creator Profile,High Ace Upside,Moderate DF Profile,Low-Data Separation Profile,Low-Data Resistance Profile,,,STALE_NON_AUTHORITATIVE_NOT_REGENERATED,,,
Aryna Sabalenka,Hard,56,30,Stable Sample,Complete Profile,0.8888888888888888,0.16666666666666666,12.566666666666666,21.166666666666668,0.8417721518987342,0.35691318327974275,0.6291,0.7375666666666666,0.5758000000000001,0.647,charting_raw_spw,6.379310344827586,3.0,7.9,0.45569620253164556,0.6259541984732825,0.445,0.545,1.26,10.0,Elite Serve Profile,Average Return Profile,Balanced BP Profile,High Ace Upside,Moderate DF Profile,Controlled Separator,Serve-Hold Resistance,Volatile Upside Player,Hard-Control,STALE_NON_AUTHORITATIVE_NOT_REGENERATED,,,
Aryna Sabalenka,Clay,56,11,Stable Sample,Complete Profile,0.7272727272727273,0.36363636363636365,13.181818181818182,22.454545454545453,0.7580645161290323,0.4214876033057851,0.6561818181818181,0.6933636363636364,0.5112727272727272,0.625,charting_raw_spw,4.0,3.111111111111111,9.909090909090908,0.46788990825688076,0.6103896103896104,0.452,0.533,1.21,10.0,Stable Serve Profile,Elite Return Profile,Creator Profile,Playable Ace Volume,Moderate DF Profile,Clean Separator,Resistance / Set Extension,Volatile Upside Player,Clay-Control,STALE_NON_AUTHORITATIVE_NOT_REGENERATED,,,
Aryna Sabalenka,Grass,56,15,Stable Sample,Complete Profile,0.7142857142857143,0.3333333333333333,12.266666666666667,23.8,0.7542857142857143,0.30057803468208094,0.6259333333333333,0.7213333333333334,0.4804,0.628,charting_raw_spw,5.6,3.4,9.0,0.3851851851851852,0.6018518518518519,0.413,0.52,1.11,7.3,Stable Serve Profile,Low Return Profile,Balanced BP Profile,Grass Ace Boost,Moderate DF Profile,Neutral Separation Profile,Resistance / Set Extension,Volatile Upside Player,Grass-Control,STALE_NON_AUTHORITATIVE_NOT_REGENERATED,,,
Ashlyn Krueger,All,41,41,Stable Sample,Raw Match Log Aggregate,0.6585365853658537,0.36585365853658536,11.975,22.26829268292683,0.7196467991169978,0.3549107142857143,0.6708780487804877,0.661829268292683,0.4775853658536585,0.6011905556216537952378346222,reconstructed_from_serve_components,4.85,4.775,8.487804878048781,0.45689655172413796,0.6043613707165109,0.4503303902439025,,,,Average Serve Profile,Average Return Profile,Creator Profile,High Ace Upside,Elevated DF Risk,Low-Data Separation Profile,Low-Data Resistance Profile,,,STALE_NON_AUTHORITATIVE_NOT_REGENERATED,,,
Ashlyn Krueger,Hard,41,15,Stable Sample,Complete Profile,0.4090909090909091,0.3333333333333333,10.733333333333333,21.866666666666667,0.7134146341463414,0.2732919254658385,0.6676666666666666,0.6637333333333334,0.46,0.588,charting_raw_spw,4.666666666666667,5.133333333333334,7.8,0.37606837606837606,0.584070796460177,0.396,0.493,0.96,2.8,Average Serve Profile,Weak Return Profile,Balanced BP Profile,High Ace Upside,High DF Liability,Neutral Separation Profile,Resistance / Set Extension,Volatile Upside Player,Hard-Resistance,STALE_NON_AUTHORITATIVE_NOT_REGENERATED,,,
Ashlyn Krueger,Grass,41,16,Stable Sample,Complete Profile,0.75,0.3125,13.133333333333333,21.4375,0.7719298245614035,0.4226190476190476,0.684625,0.6873125,0.49131250000000004,0.586,charting_raw_spw,5.3125,4.066666666666666,9.0625,0.4896551724137931,0.6517857142857143,0.471,0.531,1.14,10.0,Stable Serve Profile,Elite Return Profile,Creator Profile,Grass Ace Boost,Elevated DF Risk,Clean Separator,Resistance / Set Extension,Volatile Upside Player,Grass-Control,STALE_NON_AUTHORITATIVE_NOT_REGENERATED,,,
Ayla Aksu,All,7,7,Stable Sample,Raw Match Log Aggregate,0.6666666666666666,0.5714285714285714,9.4,24.0,0.6268656716417911,0.2647058823529412,0.62,0.6116666666666667,0.44,0.546433333333333354,reconstructed_from_serve_components,3.1666666666666665,5.333333333333333,7.0,0.3673469387755102,0.5454545454545454,0.4216666666666667,,,,Fragile Serve Profile,Weak Return Profile,Balanced BP Profile,Playable Ace Volume,High DF Liability,Low-Data Separation Profile,Low-Data Resistance Profile,,,STALE_NON_AUTHORITATIVE_NOT_REGENERATED,,,
Ayla Aksu,Hard,7,7,Stable Sample,Complete Profile,0.5405405405405406,0.5714285714285714,9.4,24.0,0.6268656716417911,0.2647058823529412,0.62,0.6116666666666667,0.44,0.562,charting_raw_spw,3.1666666666666665,5.333333333333333,7.0,0.3673469387755102,0.5454545454545454,0.449,0.506,1.03,2.3,Fragile Serve Profile,Weak Return Profile,Balanced BP Profile,Playable Ace Volume,High DF Liability,Backdoor Risk,Resistance / Set Extension,Volatile Upside Player,Hard-Neutral,STALE_NON_AUTHORITATIVE_NOT_REGENERATED,,,
Barbora Krejcikova,All,43,43,Stable Sample,Raw Match Log Aggregate,0.6744186046511628,0.37209302325581395,12.642857142857142,22.11627906976744,0.7606837606837606,0.3763440860215054,0.6246904761904761,0.7031428571428572,0.47714285714285715,0.6183229047619047798345238095,reconstructed_from_serve_components,4.375,4.714285714285714,9.80952380952381,0.42475728155339804,0.5942028985507246,0.4586863095238095,,,,Stable Serve Profile,Average Return Profile,Creator Profile,High Ace Upside,Elevated DF Risk,Low-Data Separation Profile,Low-Data Resistance Profile,,,STALE_NON_AUTHORITATIVE_NOT_REGENERATED,,,
Barbora Krejcikova,Hard,43,21,Stable Sample,Complete Profile,0.6551724137931034,0.2857142857142857,12.4,20.761904761904763,0.755868544600939,0.40654205607476634,0.6143,0.7084,0.46055,0.601,charting_raw_spw,4.4,5.3,9.4,0.4627659574468085,0.5737704918032787,0.447,0.522,1.12,9.5,Average Serve Profile,Strong Return Profile,Creator Profile,High Ace Upside,High DF Liability,Clean Separator,Serve-Hold Resistance,Volatile Upside Player,Hard-Control,STALE_NON_AUTHORITATIVE_NOT_REGENERATED,,,
Barbora Krejcikova,Clay,43,8,Stable Sample,Complete Profile,0.3333333333333333,0.5,12.375,23.75,0.7934782608695652,0.2765957446808511,0.63475,0.701125,0.52975,0.577,charting_raw_spw,4.142857142857143,4.0,9.375,0.3466666666666667,0.6666666666666666,0.383,0.486,0.9,3.6,Stable Serve Profile,Weak Return Profile,Balanced BP Profile,Playable Ace Volume,Elevated DF Risk,Neutral Separation Profile,Resistance / Set Extension,Volatile Upside Player,Clay-Neutral,STALE_NON_AUTHORITATIVE_NOT_REGENERATED,,,
Barbora Krejcikova,Grass,43,14,Stable Sample,Complete Profile,0.7,0.42857142857142855,13.142857142857142,23.214285714285715,0.7484662576687117,0.39490445859872614,0.6337857142857143,0.6967857142857143,0.4707857142857143,0.619,charting_raw_spw,4.461538461538462,4.285714285714286,10.642857142857142,0.4161073825503356,0.5773195876288659,0.444,0.535,1.17,9.0,Stable Serve Profile,Strong Return Profile,Creator Profile,High Ace Upside,Elevated DF Risk,Controlled Separator,Resistance / Set Extension,Volatile Upside Player,Grass-Control,STALE_NON_AUTHORITATIVE_NOT_REGENERATED,,,
Barthel M.,All,5,5,Usable / Thin,Raw Match Log Aggregate,0.6,0.6,10.75,22.6,0.5813953488372093,0.43902439024390244,0.574,0.71,0.366,0.563456,reconstructed_from_serve_components,3.6,8.6,9.2,0.45652173913043476,0.4411764705882353,0.45933999999999997,,,,Serve Liability,Elite Return Profile,Creator Profile,High Ace Upside,High DF Liability,Low-Data Separation Profile,Low-Data Resistance Profile,,,STALE_NON_AUTHORITATIVE_NOT_REGENERATED,,,
Beatriz Haddad Maia,All,22,22,Stable Sample,Raw Match Log Aggregate,0.18181818181818182,0.22727272727272727,8.363636363636363,20.954545454545453,0.5201793721973094,0.2956521739130435,0.6314090909090908,0.5716363636363636,0.3696363636363637,0.4971809999999999784590909091,reconstructed_from_serve_components,1.625,5.636363636363637,7.0,0.44155844155844154,0.4427083333333333,0.4314922272727273,,,,Serve Liability,Low Return Profile,Balanced BP Profile,Low Ace Profile,High DF Liability,Low-Data Separation Profile,Low-Data Resistance Profile,,,STALE_NON_AUTHORITATIVE_NOT_REGENERATED,,,
Beatriz Haddad Maia,Hard,22,10,Stable Sample,Complete Profile,0.3157894736842105,0.3,8.6,21.5,0.5142857142857142,0.2962962962962963,0.6406999999999999,0.5908,0.36519999999999997,0.544,charting_raw_spw,2.0,6.4,7.3,0.4383561643835616,0.49,0.425,0.486,0.93,1.0,Serve Liability,Low Return Profile,Balanced BP Profile,Opponent-Dependent Ace Profile,High DF Liability,Backdoor Risk,Resistance / Set Extension,Return-Led Winner,Hard-Liability,STALE_NON_AUTHORITATIVE_NOT_REGENERATED,,,
Beatriz Haddad Maia,Grass,22,2,Low Surface Data,Low Surface Sample,0.5,0.0,6.0,19.0,0.5555555555555556,0.10526315789473684,0.5595,0.6195,0.302,0.626,charting_raw_spw,1.5,8.0,5.0,0.2,0.1111111111111111,0.373,0.495,1,1.0,Serve Liability,Weak Return Profile,Balanced BP Profile,Opponent-Dependent Ace Profile,High DF Liability,Backdoor Risk,Collapse Risk,Return-Led Winner,Grass-Neutral,STALE_NON_AUTHORITATIVE_NOT_REGENERATED,,,
Belinda Bencic,All,40,40,Stable Sample,Raw Match Log Aggregate,0.7692307692307693,0.35,12.256410256410257,21.53846153846154,0.7611241217798594,0.3901869158878505,0.638925,0.685975,0.510475,0.622606337500,reconstructed_from_serve_components,2.727272727272727,3.7222222222222223,8.275,0.5045317220543807,0.592,0.47151285,,,,Stable Serve Profile,Strong Return Profile,Creator Profile,Opponent-Dependent Ace Profile,Elevated DF Risk,Low-Data Separation Profile,Low-Data Resistance Profile,,,STALE_NON_AUTHORITATIVE_NOT_REGENERATED,,,
Belinda Bencic,Hard,40,19,Stable Sample,Complete Profile,0.6944444444444444,0.3684210526315789,12.666666666666666,21.11111111111111,0.7772277227722773,0.4187192118226601,0.6222105263157895,0.6881578947368421,0.5116315789473684,0.607,charting_raw_spw,2.8823529411764706,4.055555555555555,8.210526315789474,0.5448717948717948,0.6186440677966102,0.442,0.526,1.12,9.5,Stable Serve Profile,Strong Return Profile,Creator Profile,Playable Ace Volume,Elevated DF Risk,Clean Separator,Resistance / Set Extension,Volatile Upside Player,Hard-Control,STALE_NON_AUTHORITATIVE_NOT_REGENERATED,,,
Belinda Bencic,Grass,40,9,Stable Sample,Complete Profile,0.7142857142857143,0.3333333333333333,12.222222222222221,22.333333333333332,0.7959183673469388,0.32989690721649484,0.6723333333333333,0.6866666666666668,0.5774444444444444,0.605,charting_raw_spw,2.5,2.7142857142857144,6.777777777777778,0.5245901639344263,0.5833333333333334,0.412,0.505,1.04,7.0,Stable Serve Profile,Low Return Profile,Balanced BP Profile,Opponent-Dependent Ace Profile,Moderate DF Profile,Neutral Separation Profile,Resistance / Set Extension,Volatile Upside Player,Grass-Control,STALE_NON_AUTHORITATIVE_NOT_REGENERATED,,,
Bernarda Pera,All,1,1,Low Surface Data,Raw Match Log Aggregate,1.0,0.0,12.0,23.0,0.9090909090909091,0.18181818181818182,0.67,0.76,0.68,0.7336,reconstructed_from_serve_components,12.0,2.0,7.0,0.2857142857142857,0.6666666666666666,0.396,,,,Elite Serve Profile,Weak Return Profile,Balanced BP Profile,High Ace Upside,Moderate DF Profile,Low-Data Separation Profile,Low-Data Resistance Profile,,,STALE_NON_AUTHORITATIVE_NOT_REGENERATED,,,
Bianca Andreescu,All,21,21,Stable Sample,Raw Match Log Aggregate,0.5238095238095238,0.47619047619047616,11.476190476190476,23.142857142857142,0.7330508474576272,0.29310344827586204,0.6319047619047619,0.6619047619047619,0.5109523809523809,0.6063399092970521311859410431,reconstructed_from_serve_components,3.5714285714285716,3.238095238095238,7.857142857142857,0.4121212121212121,0.55,0.40814761904761904,,,,Stable Serve Profile,Low Return Profile,Balanced BP Profile,Playable Ace Volume,Moderate DF Profile,Low-Data Separation Profile,Low-Data Resistance Profile,,,STALE_NON_AUTHORITATIVE_NOT_REGENERATED,,,
Bianca Andreescu,Hard,21,11,Stable Sample,Charting Support Missing,0.0,0.7272727272727273,12.363636363636363,26.09090909090909,0.7101449275362319,0.2835820895522388,0.6345454545454545,0.6509090909090909,0.4881818181818182,0.537,charting_raw_spw,4.363636363636363,3.3636363636363638,8.272727272727273,0.4175824175824176,0.5294117647058824,0.388,0.461,0.84,2.6,Average Serve Profile,Low Return Profile,Creator Profile,Playable Ace Volume,Moderate DF Profile,Low Separation Profile,Resistance / Set Extension,Volatile Upside Player,Hard-Neutral,STALE_NON_AUTHORITATIVE_NOT_REGENERATED,,,
Bianca Andreescu,Grass,21,10,Stable Sample,Charting Support Missing,0.0,0.2,10.5,19.9,0.7653061224489796,0.30612244897959184,0.629,0.674,0.536,0.547,charting_raw_spw,2.7,3.1,7.4,0.40540540540540543,0.5818181818181818,0.3,0.428,0.66,3.5,Stable Serve Profile,Weak Return Profile,Balanced BP Profile,Grass Ace Boost,Elevated DF Risk,Low Separation Profile,Serve-Hold Resistance,Volatile Upside Player,Grass-Neutral,STALE_NON_AUTHORITATIVE_NOT_REGENERATED,,,
Bianca Barbulescu,All,1,1,Low Surface Data,Raw Match Log Aggregate,0.0,0.0,,22.0,,,,,,,missing_service_components,,,,,,,,,,Low-Data Serve Profile,Low-Data Return Profile,Low-Data BP Profile,Low-Data Ace Profile,Low-Data DF Profile,Low-Data Separation Profile,Low-Data Resistance Profile,,,STALE_NON_AUTHORITATIVE_NOT_REGENERATED,,,
Boyoung Jeong,All,1,1,Low Surface Data,Raw Match Log Aggregate,0.0,0.0,,18.0,,,,,,,missing_service_components,,,,,,,,,,Low-Data Serve Profile,Low-Data Return Profile,Low-Data BP Profile,Low-Data Ace Profile,Low-Data DF Profile,Low-Data Separation Profile,Low-Data Resistance Profile,,,STALE_NON_AUTHORITATIVE_NOT_REGENERATED,,,
Britt Du Pree,All,2,2,Low Surface Data,Raw Match Log Aggregate,1.0,1.0,16.0,33.0,0.8666666666666667,0.2,0.65,0.72,0.58,0.6710,reconstructed_from_serve_components,2.0,6.0,9.0,0.3333333333333333,0.6666666666666666,0.37460000000000004,,,,Stable Serve Profile,Weak Return Profile,Balanced BP Profile,Opponent-Dependent Ace Profile,Elevated DF Risk,Low-Data Separation Profile,Low-Data Resistance Profile,,,STALE_NON_AUTHORITATIVE_NOT_REGENERATED,,,
Cadence Brace,All,20,20,Stable Sample,Raw Match Log Aggregate,0.55,0.2,10.428571428571429,20.8,0.6351351351351351,0.35135135135135137,0.607,0.6064285714285714,0.46114285714285713,0.54933128571428569189,reconstructed_from_serve_components,1.7142857142857142,4.0,7.142857142857143,0.52,0.5846153846153846,0.4323428571428571,,,,Fragile Serve Profile,Average Return Profile,Balanced BP Profile,Low Ace Profile,Elevated DF Risk,Low-Data Separation Profile,Low-Data Resistance Profile,,,STALE_NON_AUTHORITATIVE_NOT_REGENERATED,,,
Cadence Brace,Hard,20,20,Stable Sample,Complete Profile,0.6,0.2,10.428571428571429,20.8,0.6351351351351351,0.35135135135135137,0.607,0.6064285714285714,0.46114285714285713,0.551,charting_raw_spw,1.7142857142857142,4.0,7.142857142857143,0.52,0.5846153846153846,0.492,0.522,1.09,6.9,Fragile Serve Profile,Average Return Profile,Balanced BP Profile,Low Ace Profile,Elevated DF Risk,Neutral Separation Profile,Neutral Resistance Profile,Return-Led Winner,Hard-Neutral,STALE_NON_AUTHORITATIVE_NOT_REGENERATED,,,
Cadence Brace,Clay,20,0,No Surface Data,No Surface Match Sample,0.0,,,,,,,,,0.111,charting_raw_spw,,,,,,0.273,0.2,0.31,,No Surface Data,No Surface Data,No Surface Data,No Surface Data,No Surface Data,No Surface Data,No Surface Data,,,STALE_NON_AUTHORITATIVE_NOT_REGENERATED,,,
Cadence Brace,Grass,20,0,No Surface Data,No Surface Match Sample,0.0,,,,,,,,,0.225,charting_raw_spw,,,,,,0.405,0.317,0.52,,No Surface Data,No Surface Data,No Surface Data,No Surface Data,No Surface Data,No Surface Data,No Surface Data,,,STALE_NON_AUTHORITATIVE_NOT_REGENERATED,,,
Camila Osorio,All,36,36,Stable Sample,Raw Match Log Aggregate,0.5714285714285714,0.3611111111111111,11.571428571428571,21.742857142857144,0.6658163265306123,0.38481675392670156,0.6339428571428573,0.6357714285714285,0.45940000000000003,0.5712094073469387689257959184,reconstructed_from_serve_components,2.7037037037037037,5.371428571428571,8.63888888888889,0.47266881028938906,0.5770491803278689,0.4630031142857143,,,,Average Serve Profile,Strong Return Profile,Creator Profile,Opponent-Dependent Ace Profile,High DF Liability,Low-Data Separation Profile,Low-Data Resistance Profile,,,STALE_NON_AUTHORITATIVE_NOT_REGENERATED,,,
Camila Osorio,Hard,36,19,Stable Sample,Complete Profile,0.41379310344827586,0.3684210526315789,11.722222222222221,22.055555555555557,0.6555023923444976,0.3793103448275862,0.6065555555555555,0.637,0.4337222222222223,0.549,charting_raw_spw,3.0714285714285716,6.0,8.473684210526315,0.4782608695652174,0.559748427672956,0.433,0.493,0.96,3.3,Fragile Serve Profile,Average Return Profile,Creator Profile,Opponent-Dependent Ace Profile,High DF Liability,Backdoor Risk,Resistance / Set Extension,Return-Led Winner,Hard-Pressure,STALE_NON_AUTHORITATIVE_NOT_REGENERATED,,,
Camila Osorio,Grass,36,4,Usable / Thin,Low Surface Sample,0.5,0.25,9.5,20.5,0.6585365853658537,0.2682926829268293,0.63275,0.6515000000000001,0.46775,0.632,charting_raw_spw,2.75,4.5,7.75,0.3548387096774194,0.5483870967741935,0.434,0.526,1.18,5.0,Average Serve Profile,Weak Return Profile,Balanced BP Profile,Playable Ace Volume,Elevated DF Risk,Neutral Separation Profile,Neutral Resistance Profile,Volatile Upside Player,Grass-Neutral,STALE_NON_AUTHORITATIVE_NOT_REGENERATED,,,
Carla Tomai,All,1,1,Low Surface Data,Raw Match Log Aggregate,0.0,0.0,0.0,12.0,0.0,0.0,0.62,0.35,0.38,0.3614,reconstructed_from_serve_components,0.0,0.0,1.0,0.0,0.375,0.22899999999999998,,,,Serve Liability,Weak Return Profile,Low Pressure / Weak Survivor,Low Ace Profile,Moderate DF Profile,Low-Data Separation Profile,Low-Data Resistance Profile,,,STALE_NON_AUTHORITATIVE_NOT_REGENERATED,,,
Carol YoungSuh Lee,All,0,0,No Surface Data,Raw Match Missing,,,,,,,,,,,missing_service_components,,,,,,,,,,No Surface Data,No Surface Data,No Surface Data,No Surface Data,No Surface Data,No Surface Data,No Surface Data,,,STALE_NON_AUTHORITATIVE_NOT_REGENERATED,,,
Carol YoungSuh Lee,Hard,0,0,No Surface Data,Complete Profile,0.7317073170731707,,,,,,,,,0.595,charting_raw_spw,,,,,,0.46,0.528,1.14,,No Surface Data,No Surface Data,No Surface Data,No Surface Data,No Surface Data,No Surface Data,No Surface Data,,,STALE_NON_AUTHORITATIVE_NOT_REGENERATED,,,
Carol Youngsuh Lee,All,5,5,Usable / Thin,Raw Match Log Aggregate,0.8,0.4,13.75,21.4,0.8604651162790697,0.42857142857142855,0.67,0.695,0.54,0.64385,reconstructed_from_serve_components,2.25,3.0,6.4,0.53125,0.7,0.477,,,,Stable Serve Profile,Elite Return Profile,Balanced BP Profile,Opponent-Dependent Ace Profile,Moderate DF Profile,Low-Data Separation Profile,Low-Data Resistance Profile,,,STALE_NON_AUTHORITATIVE_NOT_REGENERATED,,,
Carol Zhao,All,1,1,Low Surface Data,Raw Match Log Aggregate,0.0,1.0,12.0,27.0,0.8888888888888888,0.4444444444444444,0.51,0.7,0.56,0.6314,reconstructed_from_serve_components,2.0,7.0,7.0,0.5714285714285714,0.75,0.481,,,,Stable Serve Profile,Elite Return Profile,Balanced BP Profile,Playable Ace Volume,High DF Liability,Low-Data Separation Profile,Low-Data Resistance Profile,,,STALE_NON_AUTHORITATIVE_NOT_REGENERATED,,,
Carol Zhao,Hard,1,1,Low Surface Data,Low Surface Sample,0.16666666666666666,1.0,12.0,27.0,0.8888888888888888,0.4444444444444444,0.51,0.7,0.56,0.498,charting_raw_spw,2.0,7.0,7.0,0.5714285714285714,0.75,0.436,0.465,0.87,5.2,Stable Serve Profile,Strong Return Profile,Balanced BP Profile,Playable Ace Volume,High DF Liability,Low Separation Profile,Resistance / Set Extension,Volatile Upside Player,Hard-Resistance,STALE_NON_AUTHORITATIVE_NOT_REGENERATED,,,
Carole Monnet,All,11,11,Stable Sample,Raw Match Log Aggregate,0.2727272727272727,0.6363636363636364,14.4,25.09090909090909,0.6766917293233082,0.4122137404580153,0.635,0.6829999999999999,0.375,0.5705799999999999365,reconstructed_from_serve_components,3.2,6.7,9.9,0.5454545454545454,0.6018518518518519,0.45574000000000003,,,,Serve Liability,Strong Return Profile,Creator Profile,Playable Ace Volume,High DF Liability,Low-Data Separation Profile,Low-Data Resistance Profile,,,STALE_NON_AUTHORITATIVE_NOT_REGENERATED,,,
Carole Monnet,Hard,11,11,Stable Sample,Complete Profile,0.2857142857142857,0.6363636363636364,14.4,25.09090909090909,0.6766917293233082,0.4122137404580153,0.635,0.6829999999999999,0.375,0.497,charting_raw_spw,3.2,6.7,9.9,0.5454545454545454,0.6018518518518519,0.449,0.473,0.89,3.2,Serve Liability,Strong Return Profile,Creator Profile,Playable Ace Volume,High DF Liability,Break-and-Giveback Risk,Resistance / Set Extension,Volatile Upside Player,Hard-Pressure,STALE_NON_AUTHORITATIVE_NOT_REGENERATED,,,
Carole Monnet,Clay,11,0,No Surface Data,No Surface Match Sample,0.5405405405405406,,,,,,,,,0.509,charting_raw_spw,,,,,,0.495,0.502,1.01,,No Surface Data,No Surface Data,No Surface Data,No Surface Data,No Surface Data,No Surface Data,No Surface Data,,,STALE_NON_AUTHORITATIVE_NOT_REGENERATED,,,
Carole Monnet,Grass,11,0,No Surface Data,No Surface Match Sample,No Surface W/L,,,,,,,,,,missing_service_components,,,,,,,,,,No Surface Data,No Surface Data,No Surface Data,No Surface Data,No Surface Data,No Surface Data,No Surface Data,,,STALE_NON_AUTHORITATIVE_NOT_REGENERATED,,,
Carolina Alves,All,5,5,Usable / Thin,Raw Match Log Aggregate,0.6,0.0,7.333333333333333,17.2,0.48148148148148145,0.32142857142857145,0.5666666666666667,0.55,0.38333333333333336,0.4777777777777777948888888889,reconstructed_from_serve_components,2.0,6.0,8.0,0.375,0.3333333333333333,0.42933333333333334,,,,Serve Liability,Low Return Profile,Balanced BP Profile,Playable Ace Volume,High DF Liability,Low-Data Separation Profile,Low-Data Resistance Profile,,,STALE_NON_AUTHORITATIVE_NOT_REGENERATED,,,
Carolina Alves,Hard,5,5,Usable / Thin,Charting Raw Missing,No Surface W/L,0.0,7.333333333333333,17.2,0.48148148148148145,0.32142857142857145,0.5666666666666667,0.55,0.38333333333333336,0.4777777777777777948888888889,reconstructed_from_serve_components,2.0,6.0,8.0,0.375,0.3333333333333333,0.42933333333333334,,,,Serve Liability,Low Return Profile,Balanced BP Profile,Playable Ace Volume,High DF Liability,Low-Data Separation Profile,Low-Data Resistance Profile,,,STALE_NON_AUTHORITATIVE_NOT_REGENERATED,,,
Caroline Dolehide,All,12,12,Stable Sample,Raw Match Log Aggregate,0.5833333333333334,0.25,11.285714285714286,21.666666666666668,0.6986301369863014,0.3888888888888889,0.6485714285714286,0.66,0.47857142857142854,0.5962408163265306063836734694,reconstructed_from_serve_components,1.7142857142857142,4.428571428571429,8.571428571428571,0.4666666666666667,0.6071428571428571,0.4566571428571429,,,,Average Serve Profile,Strong Return Profile,Creator Profile,Opponent-Dependent Ace Profile,Elevated DF Risk,Low-Data Separation Profile,Low-Data Resistance Profile,,,STALE_NON_AUTHORITATIVE_NOT_REGENERATED,,,
Caroline Dolehide,Hard,12,12,Stable Sample,Complete Profile,0.25,0.25,11.285714285714286,21.666666666666668,0.6986301369863014,0.3888888888888889,0.6485714285714286,0.66,0.47857142857142854,0.563,charting_raw_spw,1.7142857142857142,4.428571428571429,8.571428571428571,0.4666666666666667,0.6071428571428571,0.387,0.482,0.89,3.6,Average Serve Profile,Average Return Profile,Creator Profile,Opponent-Dependent Ace Profile,Elevated DF Risk,Neutral Separation Profile,Volatile Resistance,Volatile Upside Player,Hard-Pressure,STALE_NON_AUTHORITATIVE_NOT_REGENERATED,,,
Caty McNally,All,60,60,Stable Sample,Raw Match Log Aggregate,0.6166666666666667,0.4166666666666667,11.716666666666667,22.416666666666668,0.65402124430956,0.4084084084084084,0.6940500000000001,0.6174333333333333,0.46399999999999997,0.5704904049999999830298333333,reconstructed_from_serve_components,2.0454545454545454,4.1,8.966666666666667,0.5055762081784386,0.5615384615384615,0.45713525000000005,,,,Average Serve Profile,Strong Return Profile,Creator Profile,Opponent-Dependent Ace Profile,Elevated DF Risk,Low-Data Separation Profile,Low-Data Resistance Profile,,,STALE_NON_AUTHORITATIVE_NOT_REGENERATED,,,
Caty McNally,Hard,60,32,Stable Sample,Complete Profile,0.48,0.34375,11.46875,22.625,0.660056657223796,0.37640449438202245,0.6827500000000001,0.62109375,0.46159374999999997,0.569,charting_raw_spw,2.076923076923077,4.40625,8.0625,0.5193798449612403,0.5604395604395604,0.432,0.502,1,5.4,Average Serve Profile,Average Return Profile,Creator Profile,Opponent-Dependent Ace Profile,Elevated DF Risk,Backdoor Risk,Resistance / Set Extension,Return-Led Winner,Hard-Resistance,STALE_NON_AUTHORITATIVE_NOT_REGENERATED,,,
Caty McNally,Clay,60,11,Stable Sample,Complete Profile,0.5454545454545454,0.5454545454545454,11.454545454545455,22.0,0.5726495726495726,0.48360655737704916,0.7141818181818183,0.5847272727272728,0.43699999999999994,0.535,charting_raw_spw,1.2,3.272727272727273,11.181818181818182,0.4796747967479675,0.576271186440678,0.478,0.506,1.03,5.0,Serve Liability,Elite Return Profile,Creator Profile,Low Ace Profile,Elevated DF Risk,Break-and-Giveback Risk,Resistance / Set Extension,Return-Led Winner,Clay-Pressure,STALE_NON_AUTHORITATIVE_NOT_REGENERATED,,,
Caty McNally,Grass,60,17,Stable Sample,Complete Profile,0.6,0.47058823529411764,12.352941176470589,22.294117647058822,0.6931216931216931,0.42021276595744683,0.7022941176470588,0.6317058823529412,0.486,0.576,charting_raw_spw,2.3076923076923075,4.0588235294117645,9.235294117647058,0.5031847133757962,0.5503875968992248,0.454,0.516,1.07,7.3,Average Serve Profile,Elite Return Profile,Creator Profile,Opponent-Dependent Ace Profile,Elevated DF Risk,Controlled Separator,Resistance / Set Extension,Return-Led Winner,Grass-Pressure,STALE_NON_AUTHORITATIVE_NOT_REGENERATED,,,
Claire Liu,All,37,37,Stable Sample,Raw Match Log Aggregate,0.6756756756756757,0.4864864864864865,12.52,23.324324324324323,0.6857142857142857,0.4416058394160584,0.6729600000000001,0.6556000000000001,0.5147600000000001,0.6095396864000001140840000000,reconstructed_from_serve_components,4.2631578947368425,2.9523809523809526,6.243243243243243,0.5238095238095238,0.5577889447236181,0.48492367999999997,,,,Average Serve Profile,Elite Return Profile,Balanced BP Profile,Playable Ace Volume,Moderate DF Profile,Low-Data Separation Profile,Low-Data Resistance Profile,,,STALE_NON_AUTHORITATIVE_NOT_REGENERATED,,,
Claire Liu,Hard,37,19,Stable Sample,Complete Profile,0.42857142857142855,0.47368421052631576,12.666666666666666,23.842105263157894,0.6690140845070423,0.41304347826086957,0.64575,0.6558333333333333,0.482,0.537,charting_raw_spw,4.545454545454546,3.3333333333333335,6.421052631578948,0.4672131147540984,0.5436893203883495,0.409,0.478,0.88,3.9,Average Serve Profile,Average Return Profile,Balanced BP Profile,High Ace Upside,Moderate DF Profile,Break-and-Giveback Risk,Resistance / Set Extension,Volatile Upside Player,Hard-Neutral,STALE_NON_AUTHORITATIVE_NOT_REGENERATED,,,
Claire Liu,Clay,37,13,Stable Sample,Complete Profile,0.5,0.5384615384615384,12.0,23.0,0.6626506024096386,0.5061728395061729,0.711375,0.64725,0.526,0.61225421875,reconstructed_from_serve_components,2.5,2.1666666666666665,5.6923076923076925,0.5540540540540541,0.5757575757575758,0.5331359999999999,,,,Average Serve Profile,Elite Return Profile,Balanced BP Profile,Opponent-Dependent Ace Profile,Clean DF Profile,Low-Data Separation Profile,Low-Data Resistance Profile,,,STALE_NON_AUTHORITATIVE_NOT_REGENERATED,,,
Claire Liu,Grass,37,5,Usable / Thin,Complete Profile,0.3333333333333333,0.4,13.0,22.2,0.7636363636363637,0.41818181818181815,0.6768,0.6684,0.5754,0.58,charting_raw_spw,5.25,3.0,7.0,0.6571428571428571,0.5666666666666667,0.396,0.487,0.94,7.2,Stable Serve Profile,Average Return Profile,Balanced BP Profile,Grass Ace Boost,Clean DF Profile,Neutral Separation Profile,Resistance / Set Extension,Volatile Upside Player,Grass-Neutral,STALE_NON_AUTHORITATIVE_NOT_REGENERATED,,,
Clara Burel,All,10,10,Stable Sample,Raw Match Log Aggregate,0.6,0.5,12.0,22.4,0.5855855855855856,0.5045871559633027,0.605,0.619,0.39399999999999996,0.53012499999999998420,reconstructed_from_serve_components,1.6,3.5,10.1,0.5445544554455446,0.6,0.50385,,,,Serve Liability,Elite Return Profile,Strong Creator / Strong Survivor,Low Ace Profile,Elevated DF Risk,Low-Data Separation Profile,Low-Data Resistance Profile,,,STALE_NON_AUTHORITATIVE_NOT_REGENERATED,,,
Clara Burel,Hard,10,0,No Surface Data,No Surface Match Sample,0.45161290322580644,,,,,,,,,0.521,charting_raw_spw,,,,,,0.46,0.49,0.96,,No Surface Data,No Surface Data,No Surface Data,No Surface Data,No Surface Data,No Surface Data,No Surface Data,,,STALE_NON_AUTHORITATIVE_NOT_REGENERATED,,,
Clara Burel,Clay,10,10,Stable Sample,Complete Profile,0.5714285714285714,0.5,12.0,22.4,0.5855855855855856,0.5045871559633027,0.605,0.619,0.39399999999999996,0.539,charting_raw_spw,1.6,3.5,10.1,0.5445544554455446,0.6,0.496,0.517,1.08,7.2,Serve Liability,Elite Return Profile,Strong Creator / Strong Survivor,Low Ace Profile,Elevated DF Risk,Break-and-Giveback Risk,Resistance / Set Extension,Return-Led Winner,Clay-Pressure,STALE_NON_AUTHORITATIVE_NOT_REGENERATED,,,
Clara Burel,Grass,10,0,No Surface Data,No Surface Match Sample,No Surface W/L,,,,,,,,,,missing_service_components,,,,,,,,,,No Surface Data,No Surface Data,No Surface Data,No Surface Data,No Surface Data,No Surface Data,No Surface Data,,,STALE_NON_AUTHORITATIVE_NOT_REGENERATED,,,
Clara Tauson,All,38,38,Stable Sample,Raw Match Log Aggregate,0.4473684210526316,0.42105263157894735,11.368421052631579,23.342105263157894,0.7099767981438515,0.2889908256880734,0.615578947368421,0.6752105263157895,0.42810526315789477,0.5802180609418282707881440443,reconstructed_from_serve_components,6.514285714285714,4.27027027027027,7.473684210526316,0.44014084507042256,0.5724137931034483,0.4121916052631579,,,,Fragile Serve Profile,Low Return Profile,Balanced BP Profile,High Ace Upside,Elevated DF Risk,Low-Data Separation Profile,Low-Data Resistance Profile,,,STALE_NON_AUTHORITATIVE_NOT_REGENERATED,,,
Clara Tauson,Hard,38,25,Stable Sample,Complete Profile,0.5151515151515151,0.48,12.24,24.2,0.7123287671232876,0.3310810810810811,0.61492,0.6971200000000001,0.42031999999999997,0.608,charting_raw_spw,6.826086956521739,4.833333333333333,8.2,0.47317073170731705,0.5870646766169154,0.426,0.517,1.09,6.8,Fragile Serve Profile,Average Return Profile,Creator Profile,High Ace Upside,Elevated DF Risk,Neutral Separation Profile,Resistance / Set Extension,Volatile Upside Player,Hard-Control,STALE_NON_AUTHORITATIVE_NOT_REGENERATED,,,
Clara Tauson,Clay,38,3,Usable / Thin,Low Surface Sample,0.0,0.3333333333333333,7.0,19.666666666666668,0.5333333333333333,0.1724137931034483,0.6686666666666666,0.49133333333333334,0.4106666666666667,0.455,charting_raw_spw,3.5,2.0,6.333333333333333,0.2631578947368421,0.5,0.347,0.401,0.64,1.0,Serve Liability,Weak Return Profile,Balanced BP Profile,Playable Ace Volume,Moderate DF Profile,Backdoor Risk,Resistance / Set Extension,Volatile Upside Player,Clay-Liability,STALE_NON_AUTHORITATIVE_NOT_REGENERATED,,,
Clara Tauson,Grass,38,10,Stable Sample,Complete Profile,0.5454545454545454,0.3,10.5,22.3,0.7522935779816514,0.2072072072072072,0.6013,0.6756,0.45280000000000004,0.616,charting_raw_spw,6.4,3.6,6.0,0.38333333333333336,0.5573770491803278,0.378,0.494,0.98,4.0,Average Serve Profile,Weak Return Profile,Balanced BP Profile,Grass Ace Boost,Elevated DF Risk,Neutral Separation Profile,Resistance / Set Extension,Volatile Upside Player,Grass-Neutral,STALE_NON_AUTHORITATIVE_NOT_REGENERATED,,,
Clervie Ngounoue,All,1,1,Low Surface Data,Raw Match Log Aggregate,0.0,1.0,7.0,27.0,0.3333333333333333,0.4,0.69,0.51,0.29,0.4418,reconstructed_from_serve_components,0.0,1.0,9.0,0.4444444444444444,0.25,0.4404,,,,Serve Liability,Strong Return Profile,Creator Profile,Low Ace Profile,Moderate DF Profile,Low-Data Separation Profile,Low-Data Resistance Profile,,,STALE_NON_AUTHORITATIVE_NOT_REGENERATED,,,
Coco Gauff,All,42,42,Stable Sample,Raw Match Log Aggregate,0.7380952380952381,0.5,13.048780487804878,23.047619047619047,0.7088353413654619,0.3737166324435318,0.6088292682926828,0.6867560975609757,0.44546341463414635,0.5923694622248661787799524093,reconstructed_from_serve_components,3.6052631578947367,5.682926829268292,9.658536585365853,0.4595959595959596,0.5524691358024691,0.45427739024390246,,,,Average Serve Profile,Average Return Profile,Creator Profile,Playable Ace Volume,High DF Liability,Low-Data Separation Profile,Low-Data Resistance Profile,,,STALE_NON_AUTHORITATIVE_NOT_REGENERATED,,,
Coco Gauff,Hard,42,24,Stable Sample,Complete Profile,0.7959183673469388,0.4166666666666667,12.652173913043478,21.666666666666668,0.7262773722627737,0.3420074349442379,0.6061739130434782,0.6811304347826086,0.45447826086956516,0.584,charting_raw_spw,3.409090909090909,6.043478260869565,8.956521739130435,0.44660194174757284,0.563953488372093,0.48,0.531,1.16,7.5,Average Serve Profile,Average Return Profile,Creator Profile,Playable Ace Volume,High DF Liability,Controlled Separator,Resistance / Set Extension,Volatile Upside Player,Hard-Control,STALE_NON_AUTHORITATIVE_NOT_REGENERATED,,,
Coco Gauff,Clay,42,10,Stable Sample,Complete Profile,0.7142857142857143,0.6,14.3,25.3,0.6377952755905512,0.5040650406504065,0.6648,0.6534,0.4068,0.577,charting_raw_spw,2.75,4.2,13.4,0.4626865671641791,0.5533980582524272,0.49,0.533,1.16,7.6,Fragile Serve Profile,Elite Return Profile,Creator Profile,Opponent-Dependent Ace Profile,Elevated DF Risk,Break-and-Giveback Risk,Resistance / Set Extension,Return-Led Winner,Clay-Pressure,STALE_NON_AUTHORITATIVE_NOT_REGENERATED,,,
Coco Gauff,Grass,42,8,Stable Sample,Complete Profile,0.7142857142857143,0.625,12.625,24.375,0.7525773195876289,0.29473684210526313,0.5465,0.7446250000000001,0.46787500000000004,0.631,charting_raw_spw,5.0,6.5,7.0,0.5,0.5102040816326531,0.427,0.527,1.16,7.5,Average Serve Profile,Low Return Profile,Balanced BP Profile,High Ace Upside,High DF Liability,Serve-Led Separator,Resistance / Set Extension,Volatile Upside Player,Grass-Control,STALE_NON_AUTHORITATIVE_NOT_REGENERATED,,,
Cody Wong Hong Yi,All,1,1,Low Surface Data,Raw Match Log Aggregate,1.0,1.0,,25.0,,,,,,,missing_service_components,,,,,,,,,,Low-Data Serve Profile,Low-Data Return Profile,Low-Data BP Profile,Low-Data Ace Profile,Low-Data DF Profile,Low-Data Separation Profile,Low-Data Resistance Profile,,,STALE_NON_AUTHORITATIVE_NOT_REGENERATED,,,
Cristina Bucsa,All,33,33,Stable Sample,Raw Match Log Aggregate,0.5454545454545454,0.2727272727272727,10.818181818181818,22.03030303030303,0.6446991404011462,0.36464088397790057,0.6249090909090909,0.6161818181818183,0.4643030303030303,0.5592134655647383633465564738,reconstructed_from_serve_components,1.1785714285714286,2.909090909090909,8.121212121212121,0.4925373134328358,0.5078740157480315,0.4271329696969697,,,,Fragile Serve Profile,Average Return Profile,Creator Profile,Low Ace Profile,Moderate DF Profile,Low-Data Separation Profile,Low-Data Resistance Profile,,,STALE_NON_AUTHORITATIVE_NOT_REGENERATED,,,
Cristina Bucsa,Hard,33,33,Stable Sample,Complete Profile,0.5,0.2727272727272727,10.818181818181818,22.03030303030303,0.6446991404011462,0.36464088397790057,0.6249090909090909,0.6161818181818183,0.4643030303030303,0.558,charting_raw_spw,1.1785714285714286,2.909090909090909,8.121212121212121,0.4925373134328358,0.5078740157480315,0.438,0.498,0.99,4.7,Fragile Serve Profile,Average Return Profile,Creator Profile,Low Ace Profile,Moderate DF Profile,Neutral Separation Profile,Volatile Resistance,Return-Led Winner,Hard-Pressure,STALE_NON_AUTHORITATIVE_NOT_REGENERATED,,,
Cristina Bucsa,Clay,33,0,No Surface Data,No Surface Match Sample,0.0,,,,,,,,,0.524,charting_raw_spw,,,,,,0.432,0.474,0.91,,No Surface Data,No Surface Data,No Surface Data,No Surface Data,No Surface Data,No Surface Data,No Surface Data,,,STALE_NON_AUTHORITATIVE_NOT_REGENERATED,,,
Cristina Bucsa,Grass,33,0,No Surface Data,No Surface Match Sample,No Surface W/L,,,,,,,,,,missing_service_components,,,,,,,,,,No Surface Data,No Surface Data,No Surface Data,No Surface Data,No Surface Data,No Surface Data,No Surface Data,,,STALE_NON_AUTHORITATIVE_NOT_REGENERATED,,,
Dalma Galfi,All,21,21,Stable Sample,Raw Match Log Aggregate,0.38095238095238093,0.23809523809523808,10.476190476190476,22.428571428571427,0.6488888888888888,0.32599118942731276,0.643,0.6345238095238095,0.4447142857142857,0.5667618095238095034,reconstructed_from_serve_components,3.95,3.0,8.761904761904763,0.40217391304347827,0.5031847133757962,0.4342488095238095,,,,Fragile Serve Profile,Low Return Profile,Creator Profile,High Ace Upside,Moderate DF Profile,Low-Data Separation Profile,Low-Data Resistance Profile,,,STALE_NON_AUTHORITATIVE_NOT_REGENERATED,,,
Dalma Galfi,Hard,21,10,Stable Sample,Complete Profile,0.18181818181818182,0.4,11.0,24.5,0.6785714285714286,0.3008849557522124,0.655,0.631,0.452,0.58,charting_raw_spw,4.1,3.2,8.3,0.40963855421686746,0.55,0.362,0.474,0.86,1.5,Average Serve Profile,Low Return Profile,Creator Profile,High Ace Upside,Moderate DF Profile,Backdoor Risk,Resistance / Set Extension,Volatile Upside Player,Hard-Neutral,STALE_NON_AUTHORITATIVE_NOT_REGENERATED,,,
Dalma Galfi,Clay,21,11,Stable Sample,Complete Profile,0.3333333333333333,0.09090909090909091,10.0,20.545454545454547,0.6194690265486725,0.3508771929824561,0.632090909090909,0.6377272727272727,0.43809090909090903,0.521,charting_raw_spw,3.8,2.8181818181818183,9.181818181818182,0.39603960396039606,0.45454545454545453,0.436,0.481,0.91,2.3,Fragile Serve Profile,Average Return Profile,Balanced BP Profile,Playable Ace Volume,Moderate DF Profile,Backdoor Risk,Volatile Resistance,Volatile Upside Player,Clay-Neutral,STALE_NON_AUTHORITATIVE_NOT_REGENERATED,,,
Daria Kasatkina,All,42,42,Stable Sample,Raw Match Log Aggregate,0.5,0.5,11.853658536585366,23.5,0.5786163522012578,0.4329896907216495,0.6821707317073171,0.5855121951219512,0.39941463414634143,0.5263649434860202071179833432,reconstructed_from_serve_components,2.264705882352941,6.902439024390244,10.380952380952381,0.481651376146789,0.5347222222222222,0.4747586829268293,,,,Serve Liability,Elite Return Profile,Creator Profile,Low Ace Profile,High DF Liability,Low-Data Separation Profile,Low-Data Resistance Profile,,,STALE_NON_AUTHORITATIVE_NOT_REGENERATED,,,
Daria Kasatkina,Hard,42,23,Stable Sample,Complete Profile,0.3888888888888889,0.6521739130434783,12.318181818181818,25.304347826086957,0.5755395683453237,0.39361702127659576,0.644090909090909,0.5791818181818182,0.40654545454545454,0.515,charting_raw_spw,2.588235294117647,8.363636363636363,10.695652173913043,0.45121951219512196,0.5547169811320755,0.48,0.498,0.99,3.1,Serve Liability,Strong Return Profile,Creator Profile,Low Ace Profile,High DF Liability,Break-and-Giveback Risk,Resistance / Set Extension,Return-Led Winner,Hard-Pressure,STALE_NON_AUTHORITATIVE_NOT_REGENERATED,,,
Daria Kasatkina,Clay,42,12,Stable Sample,Complete Profile,0.4444444444444444,0.25,11.75,20.833333333333332,0.5934959349593496,0.544,0.7445,0.5925833333333334,0.4136666666666667,0.514,charting_raw_spw,2.090909090909091,4.416666666666667,10.75,0.5271317829457365,0.5145631067961165,0.482,0.498,0.99,3.2,Fragile Serve Profile,Elite Return Profile,Creator Profile,Low Ace Profile,Pressure DF Risk,Break-and-Giveback Risk,Volatile Resistance,Return-Led Winner,Clay-Pressure,STALE_NON_AUTHORITATIVE_NOT_REGENERATED,,,
Daria Kasatkina,Grass,42,7,Stable Sample,Complete Profile,0.3333333333333333,0.42857142857142855,10.571428571428571,22.142857142857142,0.5657894736842105,0.3974358974358974,0.695,0.5932857142857143,0.3525714285714286,0.533,charting_raw_spw,1.6666666666666667,6.571428571428571,8.714285714285714,0.5081967213114754,0.484375,0.463,0.497,0.99,2.3,Serve Liability,Strong Return Profile,Creator Profile,Low Ace Profile,High DF Liability,Break-and-Giveback Risk,Resistance / Set Extension,Return-Led Winner,Grass-Pressure,STALE_NON_AUTHORITATIVE_NOT_REGENERATED,,,
Daria Snigur,All,31,31,Stable Sample,Raw Match Log Aggregate,0.6551724137931034,0.25806451612903225,11.482758620689655,21.448275862068964,0.6560509554140127,0.428125,0.7455483870967741,0.6286774193548387,0.44187096774193546,0.5811442164412070451981061394,reconstructed_from_serve_components,1.6521739130434783,2.6666666666666665,9.903225806451612,0.44625407166123776,0.5518672199170125,0.4842652258064516,,,,Average Serve Profile,Elite Return Profile,Creator Profile,Low Ace Profile,Moderate DF Profile,Low-Data Separation Profile,Low-Data Resistance Profile,,,STALE_NON_AUTHORITATIVE_NOT_REGENERATED,,,
Daria Snigur,Hard,31,14,Stable Sample,Complete Profile,0.875,0.21428571428571427,11.583333333333334,20.5,0.6818181818181818,0.44696969696969696,0.7697857142857143,0.6271428571428571,0.42807142857142855,0.594,charting_raw_spw,1.4,2.0,9.071428571428571,0.4645669291338583,0.5384615384615384,0.499,0.546,1.23,8.2,Fragile Serve Profile,Elite Return Profile,Creator Profile,Low Ace Profile,Moderate DF Profile,Controlled Separator,Neutral Resistance Profile,Return-Led Winner,Hard-Pressure,STALE_NON_AUTHORITATIVE_NOT_REGENERATED,,,
Daria Snigur,Clay,31,8,Stable Sample,Complete Profile,0.5,0.375,11.0,22.75,0.5681818181818182,0.4175824175824176,0.689875,0.590875,0.43174999999999997,0.477,charting_raw_spw,1.6666666666666667,3.5,13.375,0.35514018691588783,0.5632183908045977,0.453,0.464,0.86,2.6,Serve Liability,Strong Return Profile,Balanced BP Profile,Low Ace Profile,Elevated DF Risk,Break-and-Giveback Risk,Resistance / Set Extension,Return-Led Winner,Clay-Pressure,STALE_NON_AUTHORITATIVE_NOT_REGENERATED,,,
Daria Snigur,Grass,31,9,Stable Sample,Complete Profile,0.5714285714285714,0.2222222222222222,11.777777777777779,21.555555555555557,0.7021276595744681,0.41237113402061853,0.7573333333333333,0.6646666666666667,0.4723333333333333,0.575,charting_raw_spw,2.0,3.0,8.11111111111111,0.547945205479452,0.5555555555555556,0.436,0.506,1.03,7.8,Average Serve Profile,Strong Return Profile,Creator Profile,Low Ace Profile,Moderate DF Profile,Neutral Separation Profile,Serve-Hold Resistance,Volatile Upside Player,Grass-Pressure,STALE_NON_AUTHORITATIVE_NOT_REGENERATED,,,
Darja Semenistaja,All,3,3,Usable / Thin,Raw Match Log Aggregate,0.6666666666666666,0.3333333333333333,7.0,20.666666666666668,0.5,0.2222222222222222,0.63,0.55,0.5,0.5315,reconstructed_from_serve_components,1.0,1.0,7.0,0.2857142857142857,0.2857142857142857,0.44120000000000004,,,,Serve Liability,Weak Return Profile,Balanced BP Profile,Low Ace Profile,Clean DF Profile,Low-Data Separation Profile,Low-Data Resistance Profile,,,STALE_NON_AUTHORITATIVE_NOT_REGENERATED,,,
Darja Semenistaja,Hard,3,3,Usable / Thin,Charting Raw Missing,No Surface W/L,0.3333333333333333,7.0,20.666666666666668,0.5,0.2222222222222222,0.63,0.55,0.5,0.5315,reconstructed_from_serve_components,1.0,1.0,7.0,0.2857142857142857,0.2857142857142857,0.44120000000000004,,,,Serve Liability,Weak Return Profile,Balanced BP Profile,Low Ace Profile,Clean DF Profile,Low-Data Separation Profile,Low-Data Resistance Profile,,,STALE_NON_AUTHORITATIVE_NOT_REGENERATED,,,
Darja Vidmanova,All,58,58,Stable Sample,Raw Match Log Aggregate,0.603448275862069,0.4482758620689655,11.78,23.448275862068964,0.6607460035523979,0.3868092691622103,0.6352399999999999,0.64038,0.45318,0.572096927999999981280,reconstructed_from_serve_components,3.8958333333333335,2.6363636363636362,7.982758620689655,0.468682505399568,0.5847826086956521,0.44846685999999997,,,,Average Serve Profile,Strong Return Profile,Balanced BP Profile,Playable Ace Volume,Moderate DF Profile,Low-Data Separation Profile,Low-Data Resistance Profile,,,STALE_NON_AUTHORITATIVE_NOT_REGENERATED,,,
Darja Vidmanova,Hard,58,28,Stable Sample,Complete Profile,0.2,0.39285714285714285,11.615384615384615,22.464285714285715,0.6702508960573477,0.4121863799283154,0.6280384615384615,0.6655,0.4438846153846153,0.543,charting_raw_spw,4.28,2.5,8.821428571428571,0.46558704453441296,0.5490196078431373,0.407,0.471,0.89,3.4,Average Serve Profile,Average Return Profile,Creator Profile,High Ace Upside,Moderate DF Profile,Break-and-Giveback Risk,Resistance / Set Extension,Volatile Upside Player,Hard-Pressure,STALE_NON_AUTHORITATIVE_NOT_REGENERATED,,,
Darja Vidmanova,Grass,58,12,Stable Sample,Complete Profile,0.6,0.5833333333333334,13.166666666666666,25.583333333333332,0.6891891891891891,0.37583892617449666,0.659,0.6255833333333333,0.4746666666666667,0.565,charting_raw_spw,4.083333333333333,3.2222222222222223,9.666666666666666,0.4827586206896552,0.632,0.414,0.495,0.95,5.1,Average Serve Profile,Average Return Profile,Creator Profile,Grass Ace Boost,Moderate DF Profile,Neutral Separation Profile,Resistance / Set Extension,Volatile Upside Player,Grass-Pressure,STALE_NON_AUTHORITATIVE_NOT_REGENERATED,,,
Dayana Yastremska,All,38,38,Stable Sample,Raw Match Log Aggregate,0.47368421052631576,0.3684210526315789,11.131578947368421,23.105263157894736,0.6566125290023201,0.33175355450236965,0.6164736842105263,0.6142105263157894,0.47813157894736846,0.5620206689750692194419113574,reconstructed_from_serve_components,3.607142857142857,4.918918918918919,7.684210526315789,0.4794520547945205,0.5432098765432098,0.4328055789473685,,,,Average Serve Profile,Average Return Profile,Balanced BP Profile,Playable Ace Volume,Elevated DF Risk,Low-Data Separation Profile,Low-Data Resistance Profile,,,STALE_NON_AUTHORITATIVE_NOT_REGENERATED,,,
Dayana Yastremska,Hard,38,15,Stable Sample,Complete Profile,0.38461538461538464,0.3333333333333333,9.733333333333333,22.333333333333332,0.5914634146341463,0.3161290322580645,0.6038,0.5988,0.44799999999999995,0.547,charting_raw_spw,3.909090909090909,5.533333333333333,7.0,0.4666666666666667,0.5,0.412,0.484,0.91,1.0,Fragile Serve Profile,Low Return Profile,Balanced BP Profile,Playable Ace Volume,High DF Liability,Backdoor Risk,Resistance / Set Extension,Volatile Upside Player,Hard-Liability,STALE_NON_AUTHORITATIVE_NOT_REGENERATED,,,
Dayana Yastremska,Clay,38,11,Stable Sample,Complete Profile,0.45454545454545453,0.45454545454545453,12.545454545454545,25.363636363636363,0.6617647058823529,0.35036496350364965,0.598090909090909,0.6238181818181818,0.46872727272727277,0.557,charting_raw_spw,2.1666666666666665,4.909090909090909,9.272727272727273,0.47058823529411764,0.5619047619047619,0.446,0.502,1.01,5.8,Average Serve Profile,Average Return Profile,Creator Profile,Low Ace Profile,Elevated DF Risk,Backdoor Risk,Resistance / Set Extension,Return-Led Winner,Clay-Resistance,STALE_NON_AUTHORITATIVE_NOT_REGENERATED,,,
Dayana Yastremska,Grass,38,12,Stable Sample,Complete Profile,0.6923076923076923,0.3333333333333333,11.583333333333334,22.0,0.732824427480916,0.33076923076923076,0.6491666666666667,0.6246666666666667,0.5244166666666666,0.589,charting_raw_spw,4.090909090909091,4.090909090909091,7.083333333333333,0.5058823529411764,0.5882352941176471,0.435,0.515,1.06,7.2,Average Serve Profile,Average Return Profile,Balanced BP Profile,Playable Ace Volume,Elevated DF Risk,Controlled Separator,Resistance / Set Extension,Volatile Upside Player,Grass-Control,STALE_NON_AUTHORITATIVE_NOT_REGENERATED,,,
Diana Shnaider,All,54,54,Stable Sample,Raw Match Log Aggregate,0.6111111111111112,0.2777777777777778,11.296296296296296,21.185185185185187,0.7026086956521739,0.36331569664902996,0.6486481481481481,0.6439074074074074,0.49412962962962964,0.5912827078189300327795884773,reconstructed_from_serve_components,2.048780487804878,3.0754716981132075,8.166666666666666,0.4603174603174603,0.5315068493150685,0.44330462962962963,,,,Average Serve Profile,Average Return Profile,Creator Profile,Opponent-Dependent Ace Profile,Moderate DF Profile,Low-Data Separation Profile,Low-Data Resistance Profile,,,STALE_NON_AUTHORITATIVE_NOT_REGENERATED,,,
Diana Shnaider,Hard,54,33,Stable Sample,Complete Profile,0.6,0.21212121212121213,11.212121212121213,20.606060606060606,0.7204610951008645,0.3560830860534125,0.6520606060606062,0.6678181818181819,0.47724242424242425,0.597,charting_raw_spw,2.1923076923076925,3.375,7.757575757575758,0.45703125,0.5402843601895735,0.431,0.513,1.07,8.3,Average Serve Profile,Average Return Profile,Balanced BP Profile,Opponent-Dependent Ace Profile,Elevated DF Risk,Controlled Separator,Serve-Hold Resistance,Volatile Upside Player,Hard-Control,STALE_NON_AUTHORITATIVE_NOT_REGENERATED,,,
Diana Shnaider,Clay,54,10,Stable Sample,Complete Profile,0.6666666666666666,0.4,12.2,22.0,0.6574074074074074,0.46788990825688076,0.6722999999999999,0.5606,0.5316000000000001,0.55,charting_raw_spw,1.3333333333333333,2.2,9.8,0.5204081632653061,0.5697674418604651,0.452,0.502,1.01,7.4,Fragile Serve Profile,Elite Return Profile,Creator Profile,Low Ace Profile,Moderate DF Profile,Break-and-Giveback Risk,Resistance / Set Extension,Return-Led Winner,Clay-Pressure,STALE_NON_AUTHORITATIVE_NOT_REGENERATED,,,
Diana Shnaider,Grass,54,11,Stable Sample,Complete Profile,0.25,0.36363636363636365,10.727272727272727,22.181818181818183,0.6916666666666667,0.2892561983471074,0.616909090909091,0.647909090909091,0.5107272727272727,0.544,charting_raw_spw,2.111111111111111,3.0,7.909090909090909,0.40229885057471265,0.45588235294117646,0.427,0.49,0.94,2.5,Average Serve Profile,Low Return Profile,Balanced BP Profile,Opponent-Dependent Ace Profile,Moderate DF Profile,Neutral Separation Profile,Resistance / Set Extension,Return-Led Winner,Grass-Neutral,STALE_NON_AUTHORITATIVE_NOT_REGENERATED,,,
Diane Parry,All,47,47,Stable Sample,Raw Match Log Aggregate,0.6808510638297872,0.3404255319148936,11.456521739130435,22.148936170212767,0.7386138613861386,0.324435318275154,0.5866739130434783,0.7068695652173913,0.4686521739130435,0.6084081030245746849432892250,reconstructed_from_serve_components,4.681818181818182,3.6666666666666665,8.02127659574468,0.4350132625994695,0.5705128205128205,0.42071778260869563,,,,Average Serve Profile,Low Return Profile,Creator Profile,High Ace Upside,Elevated DF Risk,Low-Data Separation Profile,Low-Data Resistance Profile,,,STALE_NON_AUTHORITATIVE_NOT_REGENERATED,,,
Diane Parry,Hard,47,29,Stable Sample,Complete Profile,0.5833333333333334,0.3793103448275862,11.428571428571429,22.551724137931036,0.7234726688102894,0.3311036789297659,0.5651071428571428,0.7136071428571428,0.4403928571428571,0.611,charting_raw_spw,4.555555555555555,3.7037037037037037,8.068965517241379,0.44871794871794873,0.5463917525773195,0.43,0.522,1.11,6.8,Average Serve Profile,Average Return Profile,Creator Profile,High Ace Upside,Elevated DF Risk,Neutral Separation Profile,Resistance / Set Extension,Volatile Upside Player,Hard-Control,STALE_NON_AUTHORITATIVE_NOT_REGENERATED,,,
Diane Parry,Clay,47,10,Stable Sample,Complete Profile,0.5555555555555556,0.3,10.9,22.2,0.7,0.2962962962962963,0.6276,0.6591,0.48510000000000003,0.532,charting_raw_spw,3.7,3.142857142857143,8.3,0.3855421686746988,0.5657894736842105,0.409,0.468,0.87,3.0,Average Serve Profile,Low Return Profile,Balanced BP Profile,Playable Ace Volume,Moderate DF Profile,Low Separation Profile,Resistance / Set Extension,Volatile Upside Player,Clay-Resistance,STALE_NON_AUTHORITATIVE_NOT_REGENERATED,,,
Diane Parry,Grass,47,8,Stable Sample,Complete Profile,0.6,0.25,12.25,20.625,0.8452380952380952,0.3375,0.611,0.743,0.5469999999999999,0.621,charting_raw_spw,6.571428571428571,4.0,7.5,0.45,0.6904761904761905,0.375,0.504,0.99,6.7,Stable Serve Profile,Low Return Profile,Balanced BP Profile,High Ace Upside,Elevated DF Risk,Neutral Separation Profile,Neutral Resistance Profile,Volatile Upside Player,Grass-Neutral,STALE_NON_AUTHORITATIVE_NOT_REGENERATED,,,
Dominika Salkova,All,30,30,Stable Sample,Raw Match Log Aggregate,0.5666666666666667,0.23333333333333334,10.433333333333334,20.2,0.6241830065359477,0.4053156146179402,0.6361,0.6124333333333333,0.4341,0.54753783333333331213,reconstructed_from_serve_components,2.260869565217391,4.857142857142857,9.1,0.4468864468864469,0.5418326693227091,0.46757123333333334,,,,Fragile Serve Profile,Strong Return Profile,Creator Profile,Opponent-Dependent Ace Profile,Elevated DF Risk,Low-Data Separation Profile,Low-Data Resistance Profile,,,STALE_NON_AUTHORITATIVE_NOT_REGENERATED,,,
Dominika Salkova,Hard,30,17,Stable Sample,Complete Profile,0.6153846153846154,0.11764705882352941,10.529411764705882,19.235294117647058,0.6526946107784432,0.42424242424242425,0.6102941176470589,0.6332941176470588,0.4535882352941176,0.55,charting_raw_spw,2.6666666666666665,4.8125,8.823529411764707,0.4666666666666667,0.5126050420168067,0.475,0.514,1.05,6.2,Average Serve Profile,Elite Return Profile,Creator Profile,Playable Ace Volume,High DF Liability,Break-and-Giveback Risk,Neutral Resistance Profile,Return-Led Winner,Hard-Pressure,STALE_NON_AUTHORITATIVE_NOT_REGENERATED,,,
Dominika Salkova,Clay,30,13,Stable Sample,Complete Profile,0.4,0.38461538461538464,10.307692307692308,21.46153846153846,0.5899280575539568,0.38235294117647056,0.669846153846154,0.5851538461538461,0.40861538461538466,0.524,charting_raw_spw,1.5,4.916666666666667,9.461538461538462,0.42276422764227645,0.5681818181818182,0.475,0.499,1,3.5,Fragile Serve Profile,Strong Return Profile,Creator Profile,Low Ace Profile,Elevated DF Risk,Break-and-Giveback Risk,Resistance / Set Extension,Return-Led Winner,Clay-Neutral,STALE_NON_AUTHORITATIVE_NOT_REGENERATED,,,
Dominika Salkova,Grass,30,0,No Surface Data,No Surface Match Sample,No Surface W/L,,,,,,,,,,missing_service_components,,,,,,,,,,No Surface Data,No Surface Data,No Surface Data,No Surface Data,No Surface Data,No Surface Data,No Surface Data,,,STALE_NON_AUTHORITATIVE_NOT_REGENERATED,,,
Donna Vekic,All,50,50,Stable Sample,Raw Match Log Aggregate,0.52,0.34,11.14,21.94,0.7201492537313433,0.31902985074626866,0.58828,0.68446,0.48074,0.6005844016,reconstructed_from_serve_components,3.4565217391304346,4.0638297872340425,7.88,0.434010152284264,0.5575221238938053,0.44132946000000006,,,,Stable Serve Profile,Low Return Profile,Balanced BP Profile,Playable Ace Volume,Elevated DF Risk,Low-Data Separation Profile,Low-Data Resistance Profile,,,STALE_NON_AUTHORITATIVE_NOT_REGENERATED,,,
Donna Vekic,Hard,50,22,Stable Sample,Complete Profile,0.3333333333333333,0.45454545454545453,10.818181818181818,22.727272727272727,0.7071129707112971,0.2839506172839506,0.5823636363636364,0.6766363636363636,0.46404545454545454,0.521,charting_raw_spw,3.2,4.863636363636363,6.909090909090909,0.45394736842105265,0.5454545454545454,0.424,0.474,0.88,1.5,Average Serve Profile,Low Return Profile,Balanced BP Profile,Playable Ace Volume,Elevated DF Risk,Low Separation Profile,Resistance / Set Extension,Volatile Upside Player,Hard-Liability,STALE_NON_AUTHORITATIVE_NOT_REGENERATED,,,
Donna Vekic,Clay,50,12,Stable Sample,Complete Profile,0.5714285714285714,0.3333333333333333,12.083333333333334,22.333333333333332,0.7368421052631579,0.3560606060606061,0.589,0.6707500000000001,0.5193333333333334,0.584,charting_raw_spw,2.8181818181818183,4.090909090909091,8.833333333333334,0.44339622641509435,0.5882352941176471,0.389,0.488,0.93,5.6,Stable Serve Profile,Average Return Profile,Creator Profile,Playable Ace Volume,Elevated DF Risk,Neutral Separation Profile,Resistance / Set Extension,Volatile Upside Player,Clay-Neutral,STALE_NON_AUTHORITATIVE_NOT_REGENERATED,,,
Donna Vekic,Grass,50,16,Stable Sample,Complete Profile,0.6363636363636364,0.1875,10.875,20.5625,0.725609756097561,0.3416149068322981,0.5958749999999999,0.7055,0.47475,0.62,charting_raw_spw,4.266666666666667,2.7857142857142856,8.5,0.40441176470588236,0.55,0.431,0.524,1.13,8.0,Stable Serve Profile,Average Return Profile,Creator Profile,Grass Ace Boost,Moderate DF Profile,Controlled Separator,Stable Resistance,Volatile Upside Player,Grass-Control,STALE_NON_AUTHORITATIVE_NOT_REGENERATED,,,
Ekaterina Alexandrova,All,43,43,Stable Sample,Raw Match Log Aggregate,0.5121951219512195,0.37209302325581395,11.829268292682928,23.048780487804876,0.7082452431289641,0.33548387096774196,0.5894285714285714,0.6855952380952381,0.45885714285714285,0.5925030544217687008789115647,reconstructed_from_serve_components,4.975,4.5,8.619047619047619,0.430939226519337,0.5740740740740741,0.433573119047619,,,,Average Serve Profile,Average Return Profile,Creator Profile,High Ace Upside,Elevated DF Risk,Low-Data Separation Profile,Low-Data Resistance Profile,,,STALE_NON_AUTHORITATIVE_NOT_REGENERATED,,,
Ekaterina Alexandrova,Hard,43,17,Stable Sample,Complete Profile,0.525,0.5294117647058824,12.5,24.875,0.6954314720812182,0.3197969543147208,0.5876250000000001,0.6603749999999999,0.47125,0.59,charting_raw_spw,4.733333333333333,4.625,8.3125,0.47368421052631576,0.620253164556962,0.431,0.511,1.05,6.5,Average Serve Profile,Low Return Profile,Creator Profile,High Ace Upside,Elevated DF Risk,Neutral Separation Profile,Resistance / Set Extension,Volatile Upside Player,Hard-Control,STALE_NON_AUTHORITATIVE_NOT_REGENERATED,,,
Ekaterina Alexandrova,Clay,43,9,Stable Sample,Complete Profile,0.16666666666666666,0.3333333333333333,9.666666666666666,21.0,0.6021505376344086,0.3333333333333333,0.5444444444444444,0.6773333333333333,0.4462222222222223,0.538,charting_raw_spw,3.6666666666666665,4.888888888888889,9.777777777777779,0.3522727272727273,0.4032258064516129,0.391,0.466,0.85,1.0,Serve Liability,Average Return Profile,Balanced BP Profile,High Ace Upside,High DF Liability,Low Separation Profile,Collapse Risk,Volatile Upside Player,Clay-Liability,STALE_NON_AUTHORITATIVE_NOT_REGENERATED,,,
Ekaterina Alexandrova,Grass,43,17,Stable Sample,Complete Profile,0.5555555555555556,0.23529411764705882,12.375,22.375,0.7759562841530054,0.35428571428571426,0.6149411764705883,0.7137058823529412,0.4538823529411765,0.596,charting_raw_spw,5.9375,4.176470588235294,8.294117647058824,0.4397163120567376,0.6057692307692307,0.416,0.507,1.03,7.1,Average Serve Profile,Average Return Profile,Creator Profile,Grass Ace Boost,Elevated DF Risk,Controlled Separator,Serve-Hold Resistance,Volatile Upside Player,Grass-Control,STALE_NON_AUTHORITATIVE_NOT_REGENERATED,,,
Ekaterine Gorgodze,All,1,1,Low Surface Data,Raw Match Log Aggregate,1.0,0.0,,23.0,,,,,,,missing_service_components,,,,,,,,,,Low-Data Serve Profile,Low-Data Return Profile,Low-Data BP Profile,Low-Data Ace Profile,Low-Data DF Profile,Low-Data Separation Profile,Low-Data Resistance Profile,,,STALE_NON_AUTHORITATIVE_NOT_REGENERATED,,,
Ekaterine Gorgodze,Hard,1,1,Low Surface Data,Core Profile Stats Missing,0.5833333333333334,0.0,,23.0,,,,,,0.572,charting_raw_spw,,,,,,0.424,0.499,0.99,,Low-Data Serve Profile,Low-Data Return Profile,Low-Data BP Profile,Low-Data Ace Profile,Low-Data DF Profile,Low-Data Separation Profile,Low-Data Resistance Profile,,,STALE_NON_AUTHORITATIVE_NOT_REGENERATED,,,
Ekaterine Gorgodze,Clay,1,0,No Surface Data,No Surface Match Sample,0.5365853658536586,,,,,,,,,0.516,charting_raw_spw,,,,,,0.473,0.494,0.98,,No Surface Data,No Surface Data,No Surface Data,No Surface Data,No Surface Data,No Surface Data,No Surface Data,,,STALE_NON_AUTHORITATIVE_NOT_REGENERATED,,,
Ekaterine Gorgodze,Grass,1,0,No Surface Data,No Surface Match Sample,No Surface W/L,,,,,,,,,,missing_service_components,,,,,,,,,,No Surface Data,No Surface Data,No Surface Data,No Surface Data,No Surface Data,No Surface Data,No Surface Data,,,STALE_NON_AUTHORITATIVE_NOT_REGENERATED,,,
Elena Gabriela Ruse,All,38,38,Stable Sample,Raw Match Log Aggregate,0.5526315789473685,0.3157894736842105,10.789473684210526,21.55263157894737,0.6608040201005025,0.3620689655172414,0.5600263157894737,0.6553947368421053,0.45323684210526316,0.5664505831024930995430193906,reconstructed_from_serve_components,4.147058823529412,4.631578947368421,8.868421052631579,0.4362017804154303,0.5178571428571429,0.4317376578947368,,,,Average Serve Profile,Average Return Profile,Creator Profile,High Ace Upside,Elevated DF Risk,Low-Data Separation Profile,Low-Data Resistance Profile,,,STALE_NON_AUTHORITATIVE_NOT_REGENERATED,,,
Elena Gabriela Ruse,Hard,38,19,Stable Sample,Complete Profile,0.23529411764705882,0.2631578947368421,9.736842105263158,20.526315789473685,0.6243386243386243,0.3489583333333333,0.5518947368421052,0.6524736842105263,0.41510526315789475,0.538,charting_raw_spw,3.375,4.526315789473684,8.842105263157896,0.39880952380952384,0.5170068027210885,0.408,0.47,0.88,1.2,Fragile Serve Profile,Average Return Profile,Balanced BP Profile,Playable Ace Volume,High DF Liability,Backdoor Risk,Volatile Resistance,Volatile Upside Player,Hard-Liability,STALE_NON_AUTHORITATIVE_NOT_REGENERATED,,,
Elena Gabriela Ruse,Clay,38,10,Stable Sample,Complete Profile,0.5,0.5,11.7,23.4,0.6194690265486725,0.4017094017094017,0.5623,0.5982000000000001,0.48950000000000005,0.542,charting_raw_spw,3.888888888888889,4.4,9.7,0.4845360824742268,0.4880952380952381,0.459,0.499,1,4.1,Fragile Serve Profile,Strong Return Profile,Creator Profile,Playable Ace Volume,Elevated DF Risk,Break-and-Giveback Risk,Resistance / Set Extension,Volatile Upside Player,Clay-Neutral,STALE_NON_AUTHORITATIVE_NOT_REGENERATED,,,
Elena Gabriela Ruse,Grass,38,9,Stable Sample,Complete Profile,0.6666666666666666,0.2222222222222222,12.0,21.666666666666668,0.78125,0.3402061855670103,0.5746666666666667,0.7251111111111112,0.4934444444444444,0.605,charting_raw_spw,5.777777777777778,5.111111111111111,8.0,0.4583333333333333,0.5714285714285714,0.438,0.52,1.11,8.2,Stable Serve Profile,Average Return Profile,Creator Profile,High Ace Upside,High DF Liability,Controlled Separator,Serve-Hold Resistance,Volatile Upside Player,Grass-Control,STALE_NON_AUTHORITATIVE_NOT_REGENERATED,,,
Elena Micic,All,7,7,Stable Sample,Raw Match Log Aggregate,0.5714285714285714,0.14285714285714285,10.428571428571429,20.428571428571427,0.5492957746478874,0.4657534246575342,0.6285714285714286,0.5942857142857143,0.4242857142857143,0.5311428571428571620000000000,reconstructed_from_serve_components,1.7142857142857142,3.142857142857143,10.714285714285714,0.4533333333333333,0.5076923076923077,0.4848571428571429,,,,Serve Liability,Elite Return Profile,Creator Profile,Low Ace Profile,Elevated DF Risk,Low-Data Separation Profile,Low-Data Resistance Profile,,,STALE_NON_AUTHORITATIVE_NOT_REGENERATED,,,
Elena Micic,Hard,7,7,Stable Sample,Complete Profile,0.546875,0.14285714285714285,10.428571428571429,20.428571428571427,0.5492957746478874,0.4657534246575342,0.6285714285714286,0.5942857142857143,0.4242857142857143,0.559,charting_raw_spw,1.7142857142857142,3.142857142857143,10.714285714285714,0.4533333333333333,0.5076923076923077,0.452,0.505,1.02,5.0,Serve Liability,Elite Return Profile,Creator Profile,Low Ace Profile,Elevated DF Risk,Break-and-Giveback Risk,Neutral Resistance Profile,Return-Led Winner,Hard-Pressure,STALE_NON_AUTHORITATIVE_NOT_REGENERATED,,,
Elena Micic,Clay,7,0,No Surface Data,No Surface Match Sample,No Surface W/L,,,,,,,,,,missing_service_components,,,,,,,,,,No Surface Data,No Surface Data,No Surface Data,No Surface Data,No Surface Data,No Surface Data,No Surface Data,,,STALE_NON_AUTHORITATIVE_NOT_REGENERATED,,,
Elena Micic,Grass,7,0,No Surface Data,No Surface Match Sample,No Surface W/L,,,,,,,,,,missing_service_components,,,,,,,,,,No Surface Data,No Surface Data,No Surface Data,No Surface Data,No Surface Data,No Surface Data,No Surface Data,,,STALE_NON_AUTHORITATIVE_NOT_REGENERATED,,,
Elena Pridankina,All,0,0,No Surface Data,Raw Match Missing,,,,,,,,,,,missing_service_components,,,,,,,,,,No Surface Data,No Surface Data,No Surface Data,No Surface Data,No Surface Data,No Surface Data,No Surface Data,,,STALE_NON_AUTHORITATIVE_NOT_REGENERATED,,,
Elena Pridankina,Clay,0,0,No Surface Data,Raw Match Missing,0.25,,,,,,,,,0.497,charting_raw_spw,,,,,,0.414,0.457,0.82,,No Surface Data,No Surface Data,No Surface Data,No Surface Data,No Surface Data,No Surface Data,No Surface Data,,,STALE_NON_AUTHORITATIVE_NOT_REGENERATED,,,
Elena Rybakina,All,58,58,Stable Sample,Raw Match Log Aggregate,0.8245614035087719,0.41379310344827586,12.912280701754385,23.210526315789473,0.8079877112135176,0.3291731669266771,0.5774482758620689,0.7432931034482759,0.506,0.6430244934601664748463139120,reconstructed_from_serve_components,6.241379310344827,3.537037037037037,8.5,0.4300202839756592,0.6347305389221557,0.4382513275862069,,,,Stable Serve Profile,Low Return Profile,Creator Profile,High Ace Upside,Elevated DF Risk,Low-Data Separation Profile,Low-Data Resistance Profile,,,STALE_NON_AUTHORITATIVE_NOT_REGENERATED,,,
Elena Rybakina,Hard,58,36,Stable Sample,Complete Profile,0.8333333333333334,0.4166666666666667,12.571428571428571,22.97142857142857,0.8005050505050505,0.32041343669250644,0.5789722222222222,0.7440833333333333,0.4990833333333333,0.647,charting_raw_spw,6.472222222222222,3.5142857142857142,8.166666666666666,0.42857142857142855,0.6310679611650486,0.426,0.535,1.21,9.1,Stable Serve Profile,Low Return Profile,Creator Profile,High Ace Upside,Elevated DF Risk,Controlled Separator,Resistance / Set Extension,Volatile Upside Player,Hard-Control,STALE_NON_AUTHORITATIVE_NOT_REGENERATED,,,
Elena Rybakina,Clay,58,13,Stable Sample,Complete Profile,0.7692307692307693,0.38461538461538464,13.384615384615385,23.0,0.7972972972972973,0.38095238095238093,0.584076923076923,0.7315384615384616,0.5303076923076923,0.638,charting_raw_spw,5.153846153846154,3.4,9.076923076923077,0.4661016949152542,0.5833333333333334,0.447,0.539,1.23,10.0,Stable Serve Profile,Strong Return Profile,Creator Profile,High Ace Upside,Moderate DF Profile,Controlled Separator,Resistance / Set Extension,Volatile Upside Player,Clay-Control,STALE_NON_AUTHORITATIVE_NOT_REGENERATED,,,
Elena Rybakina,Grass,58,9,Stable Sample,Complete Profile,0.5,0.4444444444444444,13.555555555555555,24.444444444444443,0.8504672897196262,0.2897196261682243,0.5617777777777778,0.7571111111111111,0.49855555555555553,0.644,charting_raw_spw,6.888888888888889,3.7777777777777777,9.0,0.38271604938271603,0.7142857142857143,0.393,0.511,1.1,7.3,Stable Serve Profile,Low Return Profile,Balanced BP Profile,Grass Ace Boost,Elevated DF Risk,Serve-Led Separator,Resistance / Set Extension,Volatile Upside Player,Grass-Control,STALE_NON_AUTHORITATIVE_NOT_REGENERATED,,,
Elena-Gabriela Ruse,All,5,5,Usable / Thin,Raw Match Log Aggregate,0.8,0.4,14.0,21.6,0.875,0.4666666666666667,0.57,0.7433333333333333,0.5566666666666666,0.663066666666666619,reconstructed_from_serve_components,1.6666666666666667,3.6666666666666665,8.333333333333334,0.56,0.6,0.5003000000000001,,,,Stable Serve Profile,Elite Return Profile,Creator Profile,Opponent-Dependent Ace Profile,Elevated DF Risk,Low-Data Separation Profile,Low-Data Resistance Profile,,,STALE_NON_AUTHORITATIVE_NOT_REGENERATED,,,
Elina Avanesyan,All,21,21,Stable Sample,Raw Match Log Aggregate,0.6111111111111112,0.42857142857142855,9.666666666666666,23.5,0.5114942528735632,0.4378698224852071,0.6614285714285714,0.5435,0.33799999999999997,0.4739235714285714125428571429,reconstructed_from_serve_components,1.15,6910.65,9.95,0.45226130653266333,0.5270935960591133,26.298035,,,,Serve Liability,Elite Return Profile,Creator Profile,Low Ace Profile,High DF Liability,Low-Data Separation Profile,Low-Data Resistance Profile,,,STALE_NON_AUTHORITATIVE_NOT_REGENERATED,,,
Elina Avanesyan,Clay,21,20,Stable Sample,Complete Profile,0.6666666666666666,0.4,9.428571428571429,23.294117647058822,0.5217391304347826,0.4258064516129032,0.667,0.5442105263157895,0.3357894736842105,0.533,charting_raw_spw,1.2105263157894737,7273.684210526316,9.526315789473685,0.4530386740331492,0.5319148936170213,0.572,0.553,1.23,6.7,Serve Liability,Elite Return Profile,Creator Profile,Low Ace Profile,High DF Liability,Break-and-Giveback Risk,Resistance / Set Extension,Return-Led Winner,Clay-Pressure,STALE_NON_AUTHORITATIVE_NOT_REGENERATED,,,
Elina Svitolina,All,38,38,Stable Sample,Raw Match Log Aggregate,0.7894736842105263,0.47368421052631576,12.5,23.157894736842106,0.706855791962175,0.41904761904761906,0.5873947368421052,0.6814999999999999,0.46431578947368424,0.5918886516620498012004709141,reconstructed_from_serve_components,3.111111111111111,4.162162162162162,9.394736842105264,0.49299719887955185,0.6331360946745562,0.47157723684210523,,,,Average Serve Profile,Strong Return Profile,Creator Profile,Playable Ace Volume,Elevated DF Risk,Low-Data Separation Profile,Low-Data Resistance Profile,,,STALE_NON_AUTHORITATIVE_NOT_REGENERATED,,,
Elina Svitolina,Hard,38,23,Stable Sample,Complete Profile,0.7272727272727273,0.4782608695652174,12.130434782608695,23.565217391304348,0.6901960784313725,0.40551181102362205,0.5728695652173913,0.6857391304347825,0.4511304347826086,0.598,charting_raw_spw,3.347826086956522,4.954545454545454,8.956521739130435,0.5,0.6089108910891089,0.449,0.525,1.12,8.3,Average Serve Profile,Strong Return Profile,Creator Profile,Playable Ace Volume,Elevated DF Risk,Controlled Separator,Resistance / Set Extension,Volatile Upside Player,Hard-Pressure,STALE_NON_AUTHORITATIVE_NOT_REGENERATED,,,
Elina Svitolina,Clay,38,10,Stable Sample,Complete Profile,0.8,0.6,13.6,23.0,0.7192982456140351,0.47368421052631576,0.6281,0.6534,0.4793,0.599,charting_raw_spw,2.625,2.6,10.6,0.5094339622641509,0.7064220183486238,0.455,0.528,1.14,10.0,Average Serve Profile,Elite Return Profile,Strong Creator / Strong Survivor,Opponent-Dependent Ace Profile,Moderate DF Profile,Controlled Separator,Resistance / Set Extension,Balanced Winner,Clay-Control,STALE_NON_AUTHORITATIVE_NOT_REGENERATED,,,
Elina Svitolina,Grass,38,5,Usable / Thin,Complete Profile,0.6,0.2,12.0,21.6,0.7592592592592593,0.36538461538461536,0.5728,0.7182000000000001,0.495,0.605,charting_raw_spw,2.8,3.8,9.0,0.4222222222222222,0.5185185185185185,0.461,0.534,1.17,7.5,Average Serve Profile,Average Return Profile,Creator Profile,Playable Ace Volume,Elevated DF Risk,Controlled Separator,Serve-Hold Resistance,Volatile Upside Player,Grass-Control,STALE_NON_AUTHORITATIVE_NOT_REGENERATED,,,
Elisabetta Cocciaretto,All,36,36,Stable Sample,Raw Match Log Aggregate,0.6571428571428571,0.4722222222222222,12.571428571428571,23.34285714285714,0.7170731707317073,0.3605769230769231,0.6337777777777778,0.6568055555555555,0.4849444444444444,0.5938661975308641498635802469,reconstructed_from_serve_components,2.2333333333333334,3.5,9.083333333333334,0.45871559633027525,0.5812274368231047,0.4374817777777778,,,,Average Serve Profile,Average Return Profile,Creator Profile,Opponent-Dependent Ace Profile,Elevated DF Risk,Low-Data Separation Profile,Low-Data Resistance Profile,,,STALE_NON_AUTHORITATIVE_NOT_REGENERATED,,,
Elisabetta Cocciaretto,Hard,36,17,Stable Sample,Complete Profile,0.6071428571428571,0.5882352941176471,13.1875,25.1875,0.6859903381642513,0.3492822966507177,0.6211176470588236,0.642,0.46588235294117647,0.587,charting_raw_spw,1.9333333333333333,3.823529411764706,9.705882352941176,0.44242424242424244,0.5112781954887218,0.446,0.517,1.08,6.4,Average Serve Profile,Average Return Profile,Creator Profile,Opponent-Dependent Ace Profile,Elevated DF Risk,Neutral Separation Profile,Resistance / Set Extension,Return-Led Winner,Hard-Neutral,STALE_NON_AUTHORITATIVE_NOT_REGENERATED,,,
Elisabetta Cocciaretto,Clay,36,13,Stable Sample,Complete Profile,0.45454545454545453,0.3076923076923077,11.307692307692308,20.76923076923077,0.7196969696969697,0.38235294117647056,0.6434615384615384,0.6615384615384616,0.4692307692307692,0.575,charting_raw_spw,1.9,3.230769230769231,8.307692307692308,0.48148148148148145,0.6476190476190476,0.436,0.506,1.03,6.5,Average Serve Profile,Strong Return Profile,Creator Profile,Opponent-Dependent Ace Profile,Elevated DF Risk,Neutral Separation Profile,Neutral Resistance Profile,Volatile Upside Player,Clay-Neutral,STALE_NON_AUTHORITATIVE_NOT_REGENERATED,,,
Elisabetta Cocciaretto,Grass,36,6,Stable Sample,Complete Profile,0.625,0.5,13.666666666666666,24.0,0.8028169014084507,0.352112676056338,0.6486666666666666,0.6885000000000001,0.5730000000000001,0.632,charting_raw_spw,3.8,3.1666666666666665,9.0,0.46296296296296297,0.6410256410256411,0.441,0.533,1.2,10.0,Stable Serve Profile,Average Return Profile,Creator Profile,Grass Ace Boost,Moderate DF Profile,Controlled Separator,Resistance / Set Extension,Volatile Upside Player,Grass-Control,STALE_NON_AUTHORITATIVE_NOT_REGENERATED,,,
Elise Mertens,All,48,48,Stable Sample,Raw Match Log Aggregate,0.625,0.3125,11.083333333333334,20.583333333333332,0.7067209775967414,0.37678207739307534,0.5860208333333333,0.7028541666666667,0.4662708333333333,0.6049135954861111089597222222,reconstructed_from_serve_components,4.1875,4.48936170212766,8.479166666666666,0.45454545454545453,0.5797101449275363,0.4451759583333333,,,,Average Serve Profile,Average Return Profile,Creator Profile,High Ace Upside,Elevated DF Risk,Low-Data Separation Profile,Low-Data Resistance Profile,,,STALE_NON_AUTHORITATIVE_NOT_REGENERATED,,,
Elise Mertens,Hard,48,21,Stable Sample,Complete Profile,0.5757575757575758,0.38095238095238093,10.904761904761905,20.61904761904762,0.6728110599078341,0.37727272727272726,0.5748571428571428,0.7041904761904761,0.4605238095238095,0.599,charting_raw_spw,4.095238095238095,4.619047619047619,9.333333333333334,0.42346938775510207,0.5167785234899329,0.445,0.519,1.11,6.5,Average Serve Profile,Average Return Profile,Creator Profile,High Ace Upside,Elevated DF Risk,Neutral Separation Profile,Neutral Resistance Profile,Volatile Upside Player,Hard-Control,STALE_NON_AUTHORITATIVE_NOT_REGENERATED,,,
Elise Mertens,Clay,48,9,Stable Sample,Complete Profile,0.5555555555555556,0.3333333333333333,11.222222222222221,21.22222222222222,0.6842105263157895,0.3829787234042553,0.6325555555555555,0.674,0.4501111111111111,0.604,charting_raw_spw,3.888888888888889,3.6666666666666665,8.333333333333334,0.48,0.53125,0.439,0.522,1.11,6.4,Average Serve Profile,Strong Return Profile,Creator Profile,High Ace Upside,Elevated DF Risk,Neutral Separation Profile,Neutral Resistance Profile,Volatile Upside Player,Clay-Control,STALE_NON_AUTHORITATIVE_NOT_REGENERATED,,,
Elise Mertens,Grass,48,18,Stable Sample,Complete Profile,0.6363636363636364,0.2222222222222222,11.222222222222221,20.22222222222222,0.7597765363128491,0.3728813559322034,0.5757777777777778,0.7157222222222223,0.48105555555555557,0.594,charting_raw_spw,4.444444444444445,4.764705882352941,7.555555555555555,0.4852941176470588,0.6742424242424242,0.418,0.51,1.03,8.2,Stable Serve Profile,Average Return Profile,Balanced BP Profile,High Ace Upside,High DF Liability,Controlled Separator,Stable Resistance,Volatile Upside Player,Grass-Control,STALE_NON_AUTHORITATIVE_NOT_REGENERATED,,,
Elizabeth Mandlik,All,2,2,Low Surface Data,Raw Match Log Aggregate,0.5,0.5,9.0,21.0,0.75,0.15789473684210525,0.595,0.705,0.485,0.615900,reconstructed_from_serve_components,4.0,4.5,6.5,0.23076923076923078,0.5,0.3463,,,,Average Serve Profile,Weak Return Profile,Balanced BP Profile,High Ace Upside,High DF Liability,Low-Data Separation Profile,Low-Data Resistance Profile,,,STALE_NON_AUTHORITATIVE_NOT_REGENERATED,,,
Ella Seidel,All,29,29,Stable Sample,Raw Match Log Aggregate,0.3793103448275862,0.3793103448275862,9.222222222222221,21.24137931034483,0.6178010471204188,0.24242424242424243,0.5633684210526316,0.6196842105263158,0.4248421052631579,0.5346099944598338073440443214,reconstructed_from_serve_components,2.823529411764706,4.947368421052632,4.310344827586207,0.384,0.5379746835443038,0.379958,,,,Fragile Serve Profile,Weak Return Profile,Balanced BP Profile,Playable Ace Volume,High DF Liability,Low-Data Separation Profile,Low-Data Resistance Profile,,,STALE_NON_AUTHORITATIVE_NOT_REGENERATED,,,
Ella Seidel,Hard,29,14,Stable Sample,Complete Profile,0.4,0.35714285714285715,10.333333333333334,21.071428571428573,0.6831683168316832,0.23076923076923078,0.5536,0.6156,0.44339999999999996,0.551,charting_raw_spw,3.6666666666666665,5.2,4.714285714285714,0.36363636363636365,0.6144578313253012,0.406,0.48,0.9,2.0,Average Serve Profile,Weak Return Profile,Balanced BP Profile,Playable Ace Volume,High DF Liability,Neutral Separation Profile,Resistance / Set Extension,Volatile Upside Player,Hard-Liability,STALE_NON_AUTHORITATIVE_NOT_REGENERATED,,,
Ella Seidel,Grass,29,5,Usable / Thin,Complete Profile,0.0,0.2,6.8,18.2,0.5454545454545454,0.21739130434782608,0.56,0.6302,0.41619999999999996,0.547,charting_raw_spw,2.2,3.8,5.4,0.37037037037037035,0.3333333333333333,0.298,0.441,0.66,1.0,Serve Liability,Weak Return Profile,Balanced BP Profile,Grass Ace Boost,Pressure DF Risk,Low Separation Profile,Collapse Risk,Volatile Upside Player,Grass-Liability,STALE_NON_AUTHORITATIVE_NOT_REGENERATED,,,
Elsa Jacquemot,All,44,44,Stable Sample,Raw Match Log Aggregate,0.45454545454545453,0.3409090909090909,10.307692307692308,21.795454545454547,0.6148325358851675,0.3411764705882353,0.6083333333333334,0.638948717948718,0.4159487179487179,0.5516070512820513090333333334,reconstructed_from_serve_components,4.0,5.358974358974359,7.363636363636363,0.44753086419753085,0.5121212121212121,0.436691,,,,Fragile Serve Profile,Average Return Profile,Balanced BP Profile,Playable Ace Volume,High DF Liability,Low-Data Separation Profile,Low-Data Resistance Profile,,,STALE_NON_AUTHORITATIVE_NOT_REGENERATED,,,
Elsa Jacquemot,Hard,44,19,Stable Sample,Complete Profile,0.42105263157894735,0.3157894736842105,9.642857142857142,21.36842105263158,0.6013513513513513,0.3087248322147651,0.6001428571428572,0.6407857142857144,0.42185714285714293,0.548,charting_raw_spw,3.230769230769231,6.142857142857143,5.2105263157894735,0.46464646464646464,0.48695652173913045,0.409,0.48,0.91,1.3,Serve Liability,Low Return Profile,Balanced BP Profile,Playable Ace Volume,High DF Liability,Backdoor Risk,Resistance / Set Extension,Volatile Upside Player,Hard-Liability,STALE_NON_AUTHORITATIVE_NOT_REGENERATED,,,
Elsa Jacquemot,Clay,44,16,Stable Sample,Complete Profile,0.375,0.25,9.75,21.5625,0.5748502994011976,0.3488372093023256,0.620125,0.6035625,0.38625,0.506,charting_raw_spw,4.0,5.0625,8.3125,0.45112781954887216,0.4928571428571429,0.444,0.473,0.9,1.0,Serve Liability,Average Return Profile,Creator Profile,Playable Ace Volume,High DF Liability,Backdoor Risk,Volatile Resistance,Volatile Upside Player,Clay-Liability,STALE_NON_AUTHORITATIVE_NOT_REGENERATED,,,
Elsa Jacquemot,Grass,44,9,Stable Sample,Complete Profile,0.0,0.5555555555555556,12.333333333333334,23.11111111111111,0.6990291262135923,0.375,0.6001111111111112,0.6990000000000001,0.45955555555555555,0.508,charting_raw_spw,5.111111111111111,4.666666666666667,10.222222222222221,0.42391304347826086,0.5866666666666667,0.338,0.417,0.69,2.3,Average Serve Profile,Weak Return Profile,Creator Profile,Grass Ace Boost,Elevated DF Risk,Low Separation Profile,Resistance / Set Extension,Volatile Upside Player,Grass-Pressure,STALE_NON_AUTHORITATIVE_NOT_REGENERATED,,,
Elvina Kalieva,All,26,26,Stable Sample,Raw Match Log Aggregate,0.5769230769230769,0.5,11.26086956521739,24.192307692307693,0.6640625,0.33840304182509506,0.5650434782608695,0.6569565217391304,0.47008695652173915,0.5756763856332702980302457467,reconstructed_from_serve_components,4.045454545454546,3.6956521739130435,8.652173913043478,0.4472361809045226,0.5784313725490197,0.44482826086956523,,,,Average Serve Profile,Average Return Profile,Creator Profile,Playable Ace Volume,Elevated DF Risk,Low-Data Separation Profile,Low-Data Resistance Profile,,,STALE_NON_AUTHORITATIVE_NOT_REGENERATED,,,
Elvina Kalieva,Hard,26,22,Stable Sample,Complete Profile,0.5714285714285714,0.5,10.842105263157896,23.954545454545453,0.6650485436893204,0.32547169811320753,0.5777894736842105,0.6554736842105264,0.46842105263157896,0.556,charting_raw_spw,4.111111111111111,3.263157894736842,7.7894736842105265,0.46621621621621623,0.5941176470588235,0.453,0.503,1.02,5.4,Average Serve Profile,Low Return Profile,Balanced BP Profile,High Ace Upside,Elevated DF Risk,Backdoor Risk,Resistance / Set Extension,Volatile Upside Player,Hard-Resistance,STALE_NON_AUTHORITATIVE_NOT_REGENERATED,,,
Elvina Kalieva,Clay,26,4,Usable / Thin,Low Surface Sample,0.0,0.5,13.25,25.5,0.66,0.39215686274509803,0.5045000000000001,0.664,0.478,0.571,charting_raw_spw,3.75,5.75,12.75,0.39215686274509803,0.5,0.338,0.448,0.79,2.7,Average Serve Profile,Weak Return Profile,Balanced BP Profile,Playable Ace Volume,High DF Liability,Break-and-Giveback Risk,Resistance / Set Extension,Volatile Upside Player,Clay-Liability,STALE_NON_AUTHORITATIVE_NOT_REGENERATED,,,
Elvina Kalieva,Grass,26,0,No Surface Data,No Surface Match Sample,No Surface W/L,,,,,,,,,,missing_service_components,,,,,,,,,,No Surface Data,No Surface Data,No Surface Data,No Surface Data,No Surface Data,No Surface Data,No Surface Data,,,STALE_NON_AUTHORITATIVE_NOT_REGENERATED,,,
Emerson Jones,All,3,3,Usable / Thin,Raw Match Log Aggregate,0.6666666666666666,0.6666666666666666,14.0,26.0,0.75,0.39473684210526316,0.65,0.6666666666666667,0.5633333333333334,0.630500000000000045,reconstructed_from_serve_components,2.3333333333333335,1.6666666666666667,8.333333333333334,0.6,0.6086956521739131,0.4859,,,,Stable Serve Profile,Strong Return Profile,Creator Profile,Opponent-Dependent Ace Profile,Clean DF Profile,Low-Data Separation Profile,Low-Data Resistance Profile,,,STALE_NON_AUTHORITATIVE_NOT_REGENERATED,,,
Emiliana Arango,All,47,47,Stable Sample,Raw Match Log Aggregate,0.3829787234042553,0.3617021276595745,10.30232558139535,21.425531914893618,0.6048034934497817,0.3524416135881104,0.6822093023255814,0.592139534883721,0.44453488372093025,0.5452321498107085449016495403,reconstructed_from_serve_components,1.88,3.275,8.829787234042554,0.4,0.5347043701799485,0.44363409302325585,,,,Fragile Serve Profile,Average Return Profile,Creator Profile,Low Ace Profile,Moderate DF Profile,Low-Data Separation Profile,Low-Data Resistance Profile,,,STALE_NON_AUTHORITATIVE_NOT_REGENERATED,,,
Emiliana Arango,Hard,47,24,Stable Sample,Complete Profile,0.30434782608695654,0.3333333333333333,9.5,20.625,0.6,0.3004694835680751,0.6483,0.5627,0.46735,0.52,charting_raw_spw,1.9090909090909092,3.888888888888889,6.708333333333333,0.39751552795031053,0.5531914893617021,0.444,0.481,0.92,2.2,Fragile Serve Profile,Low Return Profile,Balanced BP Profile,Low Ace Profile,Elevated DF Risk,Backdoor Risk,Resistance / Set Extension,Return-Led Winner,Hard-Liability,STALE_NON_AUTHORITATIVE_NOT_REGENERATED,,,
Emiliana Arango,Clay,47,18,Stable Sample,Complete Profile,0.5555555555555556,0.4444444444444444,10.944444444444445,22.27777777777778,0.6030927835051546,0.39603960396039606,0.7242222222222222,0.6076111111111111,0.4296666666666667,0.583,charting_raw_spw,1.75,2.411764705882353,11.444444444444445,0.3883495145631068,0.5217391304347826,0.468,0.521,1.12,6.9,Fragile Serve Profile,Strong Return Profile,Balanced BP Profile,Low Ace Profile,Moderate DF Profile,Break-and-Giveback Risk,Resistance / Set Extension,Return-Led Winner,Clay-Neutral,STALE_NON_AUTHORITATIVE_NOT_REGENERATED,,,
Emiliana Arango,Grass,47,5,Usable / Thin,Complete Profile,0.5,0.2,11.2,22.2,0.6296296296296297,0.39285714285714285,0.6666,0.6542,0.4068,0.531,charting_raw_spw,2.5,4.0,9.6,0.4583333333333333,0.5,0.48,0.504,1.02,4.7,Fragile Serve Profile,Strong Return Profile,Creator Profile,Low Ace Profile,Pressure DF Risk,Break-and-Giveback Risk,Volatile Resistance,Return-Led Winner,Grass-Pressure,STALE_NON_AUTHORITATIVE_NOT_REGENERATED,,,
Emma Navarro,All,54,54,Stable Sample,Raw Match Log Aggregate,0.5283018867924528,0.42592592592592593,11.764705882352942,22.566037735849058,0.6993243243243243,0.3436960276338515,0.5886981132075472,0.6606037735849057,0.47847169811320756,0.5856925072979708422179494482,reconstructed_from_serve_components,4.613636363636363,3.9615384615384617,8.61111111111111,0.43010752688172044,0.5895691609977324,0.4406401132075472,,,,Average Serve Profile,Average Return Profile,Creator Profile,Playable Ace Volume,Elevated DF Risk,Low-Data Separation Profile,Low-Data Resistance Profile,,,STALE_NON_AUTHORITATIVE_NOT_REGENERATED,,,
Emma Navarro,Hard,54,27,Stable Sample,Complete Profile,0.5172413793103449,0.4444444444444444,11.333333333333334,22.576923076923077,0.6968641114982579,0.30141843971631205,0.5670000000000001,0.656076923076923,0.47080769230769226,0.576,charting_raw_spw,5.125,5.1923076923076925,7.7407407407407405,0.41148325358851673,0.5754716981132075,0.425,0.502,1,3.6,Average Serve Profile,Low Return Profile,Balanced BP Profile,High Ace Upside,High DF Liability,Neutral Separation Profile,Resistance / Set Extension,Volatile Upside Player,Hard-Resistance,STALE_NON_AUTHORITATIVE_NOT_REGENERATED,,,
Emma Navarro,Clay,54,8,Stable Sample,Complete Profile,0.75,0.375,11.5,20.875,0.6309523809523809,0.47560975609756095,0.542125,0.64275,0.46675,0.562,charting_raw_spw,3.1666666666666665,4.285714285714286,11.25,0.43333333333333335,0.6125,0.506,0.534,1.16,8.0,Fragile Serve Profile,Elite Return Profile,Creator Profile,Playable Ace Volume,Elevated DF Risk,Break-and-Giveback Risk,Stable Resistance,Return-Led Winner,Clay-Control,STALE_NON_AUTHORITATIVE_NOT_REGENERATED,,,
Emma Navarro,Grass,54,19,Stable Sample,Complete Profile,0.6666666666666666,0.42105263157894735,12.421052631578947,23.263157894736842,0.7285067873303167,0.3488372093023256,0.638,0.6743157894736842,0.4938947368421052,0.612,charting_raw_spw,4.357142857142857,2.1578947368421053,8.736842105263158,0.45180722891566266,0.5973154362416108,0.403,0.507,1.04,6.5,Stable Serve Profile,Average Return Profile,Creator Profile,Playable Ace Volume,Moderate DF Profile,Neutral Separation Profile,Resistance / Set Extension,Volatile Upside Player,Grass-Resistance,STALE_NON_AUTHORITATIVE_NOT_REGENERATED,,,
Emma Raducanu,All,25,25,Stable Sample,Raw Match Log Aggregate,0.56,0.2,10.52,19.96,0.6422764227642277,0.42857142857142855,0.6761199999999999,0.62584,0.46308,0.573125291199999983724,reconstructed_from_serve_components,2.5789473684210527,3.4347826086956523,8.28,0.5072463768115942,0.5829383886255924,0.47174151999999997,,,,Fragile Serve Profile,Elite Return Profile,Creator Profile,Opponent-Dependent Ace Profile,Elevated DF Risk,Low-Data Separation Profile,Low-Data Resistance Profile,,,STALE_NON_AUTHORITATIVE_NOT_REGENERATED,,,
Emma Raducanu,Hard,25,13,Stable Sample,Complete Profile,0.53125,0.23076923076923078,9.76923076923077,19.23076923076923,0.6129032258064516,0.4112903225806452,0.6707692307692308,0.6030769230769231,0.47107692307692306,0.578,charting_raw_spw,2.375,3.3333333333333335,7.6923076923076925,0.51,0.5247524752475248,0.441,0.51,1.05,5.8,Fragile Serve Profile,Strong Return Profile,Balanced BP Profile,Opponent-Dependent Ace Profile,Elevated DF Risk,Break-and-Giveback Risk,Neutral Resistance Profile,Return-Led Winner,Hard-Pressure,STALE_NON_AUTHORITATIVE_NOT_REGENERATED,,,
Emma Raducanu,Grass,25,10,Stable Sample,Complete Profile,0.6923076923076923,0.2,12.0,20.7,0.7156862745098039,0.46534653465346537,0.6947999999999999,0.6717,0.4672,0.597,charting_raw_spw,2.4444444444444446,2.7777777777777777,9.2,0.5108695652173914,0.6081081081081081,0.477,0.537,1.18,10.0,Average Serve Profile,Elite Return Profile,Creator Profile,Opponent-Dependent Ace Profile,Moderate DF Profile,Controlled Separator,Serve-Hold Resistance,Volatile Upside Player,Grass-Pressure,STALE_NON_AUTHORITATIVE_NOT_REGENERATED,,,
Ena Shibahara,All,1,1,Low Surface Data,Raw Match Log Aggregate,0.0,1.0,9.0,28.0,0.45454545454545453,0.36363636363636365,0.69,0.52,0.35,0.4673,reconstructed_from_serve_components,3.0,1.0,7.0,0.5714285714285714,0.5384615384615384,0.39590000000000003,,,,Serve Liability,Average Return Profile,Balanced BP Profile,Playable Ace Volume,Moderate DF Profile,Low-Data Separation Profile,Low-Data Resistance Profile,,,STALE_NON_AUTHORITATIVE_NOT_REGENERATED,,,
Erika Sema,All,1,1,Low Surface Data,Raw Match Log Aggregate,0.0,1.0,,28.0,,,,,,,missing_service_components,,,,,,,,,,Low-Data Serve Profile,Low-Data Return Profile,Low-Data BP Profile,Low-Data Ace Profile,Low-Data DF Profile,Low-Data Separation Profile,Low-Data Resistance Profile,,,STALE_NON_AUTHORITATIVE_NOT_REGENERATED,,,
Erjavec V.,All,1,1,Low Surface Data,Raw Match Log Aggregate,1.0,0.0,12.0,17.0,0.75,0.6666666666666666,0.51,0.74,0.58,0.6616,reconstructed_from_serve_components,6.0,3.0,4.0,0.75,1.0,0.42,,,,Stable Serve Profile,Strong Return Profile,Balanced BP Profile,High Ace Upside,Elevated DF Risk,Low-Data Separation Profile,Low-Data Resistance Profile,,,STALE_NON_AUTHORITATIVE_NOT_REGENERATED,,,
Eva Lys,All,32,32,Stable Sample,Raw Match Log Aggregate,0.375,0.5,10.15625,21.78125,0.5580736543909348,0.375366568914956,0.67859375,0.5841562499999999,0.407875,0.527498354492187432140625,reconstructed_from_serve_components,1.9230769230769231,4.25,9.3125,0.42953020134228187,0.5015974440894568,0.4419623125,,,,Serve Liability,Average Return Profile,Creator Profile,Low Ace Profile,Pressure DF Risk,Low-Data Separation Profile,Low-Data Resistance Profile,,,STALE_NON_AUTHORITATIVE_NOT_REGENERATED,,,
Eva Lys,Hard,32,17,Stable Sample,Complete Profile,0.56,0.47058823529411764,10.294117647058824,21.235294117647058,0.5846994535519126,0.38636363636363635,0.6849411764705883,0.5893529411764706,0.4399411764705882,0.555,charting_raw_spw,2.125,4.0,9.235294117647058,0.43312101910828027,0.5279503105590062,0.463,0.51,1.04,5.3,Fragile Serve Profile,Strong Return Profile,Creator Profile,Low Ace Profile,Elevated DF Risk,Break-and-Giveback Risk,Resistance / Set Extension,Return-Led Winner,Hard-Pressure,STALE_NON_AUTHORITATIVE_NOT_REGENERATED,,,
Eva Lys,Clay,32,9,Stable Sample,Complete Profile,0.375,0.5555555555555556,9.222222222222221,22.11111111111111,0.47058823529411764,0.36082474226804123,0.6594444444444444,0.5314444444444445,0.3827777777777778,0.492,charting_raw_spw,1.6666666666666667,5.333333333333333,9.0,0.43209876543209874,0.425531914893617,0.44,0.467,0.87,1.0,Serve Liability,Average Return Profile,Creator Profile,Low Ace Profile,High DF Liability,Backdoor Risk,Resistance / Set Extension,Return-Led Winner,Clay-Liability,STALE_NON_AUTHORITATIVE_NOT_REGENERATED,,,
Eva Lys,Grass,32,6,Stable Sample,Complete Profile,0.4,0.5,11.166666666666666,22.833333333333332,0.6176470588235294,0.36764705882352944,0.6893333333333332,0.6485000000000001,0.3546666666666667,0.516,charting_raw_spw,1.5,3.3333333333333335,10.0,0.4166666666666667,0.5517241379310345,0.443,0.48,0.92,3.6,Serve Liability,Average Return Profile,Creator Profile,Low Ace Profile,Moderate DF Profile,Backdoor Risk,Resistance / Set Extension,Return-Led Winner,Grass-Pressure,STALE_NON_AUTHORITATIVE_NOT_REGENERATED,,,
Fiona Ferro,All,26,26,Stable Sample,Raw Match Log Aggregate,0.7692307692307693,0.19230769230769232,10.476190476190476,18.884615384615383,0.6683937823834197,0.4690721649484536,0.6609999999999999,0.6039047619047619,0.49280952380952386,0.5662434761904761933304761905,reconstructed_from_serve_components,0.8571428571428571,1.9523809523809523,8.142857142857142,0.5321637426900585,0.5923566878980892,0.4920477619047619,,,,Average Serve Profile,Elite Return Profile,Creator Profile,Low Ace Profile,Moderate DF Profile,Low-Data Separation Profile,Low-Data Resistance Profile,,,STALE_NON_AUTHORITATIVE_NOT_REGENERATED,,,
Fiona Ferro,Hard,26,13,Stable Sample,Complete Profile,0.5,0.15384615384615385,9.76923076923077,17.53846153846154,0.6842105263157895,0.4298245614035088,0.6298461538461538,0.5994615384615384,0.4961538461538461,0.532,charting_raw_spw,0.8461538461538461,1.6923076923076923,7.769230769230769,0.48514851485148514,0.6326530612244898,0.504,0.517,1.08,8.4,Fragile Serve Profile,Elite Return Profile,Balanced BP Profile,Low Ace Profile,Moderate DF Profile,Controlled Separator,Stable Resistance,Balanced Winner,Hard-Pressure,STALE_NON_AUTHORITATIVE_NOT_REGENERATED,,,
Fiona Ferro,Clay,26,12,Stable Sample,Complete Profile,0.5,0.25,12.714285714285714,20.583333333333332,0.6619718309859155,0.5833333333333334,0.7281428571428572,0.6168571428571429,0.4968571428571429,0.542,charting_raw_spw,0.8571428571428571,2.0,9.714285714285714,0.6176470588235294,0.5384615384615384,0.488,0.514,1.07,8.0,Average Serve Profile,Elite Return Profile,Creator Profile,Low Ace Profile,Moderate DF Profile,Break-and-Giveback Risk,Neutral Resistance Profile,Return-Led Winner,Clay-Control,STALE_NON_AUTHORITATIVE_NOT_REGENERATED,,,
Fiona Ferro,Grass,26,1,Low Surface Data,Low Surface Sample,No Surface W/L,0.0,4.0,16.0,0.5,0.0,0.596,0.5710000000000001,0.42100000000000004,0.51040000000000007576,reconstructed_from_serve_components,1.0,5.0,2.0,0.0,0.42857142857142855,0.22999999999999998,,,,Serve Liability,Weak Return Profile,Low Pressure / Weak Survivor,Low Ace Profile,High DF Liability,Low-Data Separation Profile,Low-Data Resistance Profile,,,STALE_NON_AUTHORITATIVE_NOT_REGENERATED,,,
Francesca Jones,All,40,40,Stable Sample,Raw Match Log Aggregate,0.475,0.375,10.235294117647058,21.675,0.5815789473684211,0.3359375,0.6670833333333333,0.5913333333333334,0.41424999999999995,0.5323793402777777997013888889,reconstructed_from_serve_components,2.413793103448276,4.303030303030303,7.225,0.4463667820069204,0.5323529411764706,0.4066039444444444,,,,Fragile Serve Profile,Average Return Profile,Balanced BP Profile,Opponent-Dependent Ace Profile,Elevated DF Risk,Low-Data Separation Profile,Low-Data Resistance Profile,,,STALE_NON_AUTHORITATIVE_NOT_REGENERATED,,,
Francesca Jones,Hard,40,19,Stable Sample,Complete Profile,0.4,0.3157894736842105,10.352941176470589,20.36842105263158,0.6282722513089005,0.3005181347150259,0.6712631578947369,0.6007894736842105,0.4388421052631579,0.532,charting_raw_spw,2.1875,3.6875,6.842105263157895,0.4461538461538462,0.5328947368421053,0.409,0.472,0.87,1.5,Fragile Serve Profile,Low Return Profile,Balanced BP Profile,Opponent-Dependent Ace Profile,Elevated DF Risk,Backdoor Risk,Resistance / Set Extension,Return-Led Winner,Hard-Liability,STALE_NON_AUTHORITATIVE_NOT_REGENERATED,,,
Francesca Jones,Clay,40,13,Stable Sample,Complete Profile,0.3333333333333333,0.5384615384615384,11.333333333333334,24.076923076923077,0.4953271028037383,0.45794392523364486,0.6671111111111111,0.5675555555555556,0.3863333333333333,0.531,charting_raw_spw,1.7142857142857142,5.555555555555555,8.615384615384615,0.4375,0.44329896907216493,0.436,0.483,0.93,2.1,Serve Liability,Strong Return Profile,Creator Profile,Low Ace Profile,High DF Liability,Break-and-Giveback Risk,Resistance / Set Extension,Return-Led Winner,Clay-Liability,STALE_NON_AUTHORITATIVE_NOT_REGENERATED,,,
Francesca Jones,Grass,40,8,Stable Sample,Complete Profile,0.2857142857142857,0.25,8.75,20.875,0.5853658536585366,0.2619047619047619,0.6571250000000001,0.595625,0.38725000000000004,0.528,charting_raw_spw,3.8333333333333335,4.125,5.875,0.46808510638297873,0.6263736263736264,0.385,0.464,0.82,1.0,Serve Liability,Weak Return Profile,Balanced BP Profile,Playable Ace Volume,Elevated DF Risk,Backdoor Risk,Volatile Resistance,Volatile Upside Player,Grass-Liability,STALE_NON_AUTHORITATIVE_NOT_REGENERATED,,,
Gabriela Knutson,All,6,6,Stable Sample,Raw Match Log Aggregate,0.5,0.3333333333333333,11.333333333333334,21.166666666666668,0.7164179104477612,0.29411764705882354,0.6033333333333334,0.7166666666666667,0.43666666666666665,0.6056000000000000321666666667,reconstructed_from_serve_components,1.6666666666666667,5.5,8.5,0.39215686274509803,0.5365853658536586,0.4164999999999999,,,,Fragile Serve Profile,Low Return Profile,Balanced BP Profile,Opponent-Dependent Ace Profile,High DF Liability,Low-Data Separation Profile,Low-Data Resistance Profile,,,STALE_NON_AUTHORITATIVE_NOT_REGENERATED,,,
Gabriela Knutson,Hard,6,6,Stable Sample,Charting Raw Missing,No Surface W/L,0.3333333333333333,11.333333333333334,21.166666666666668,0.7164179104477612,0.29411764705882354,0.6033333333333334,0.7166666666666667,0.43666666666666665,0.6056000000000000321666666667,reconstructed_from_serve_components,1.6666666666666667,5.5,8.5,0.39215686274509803,0.5365853658536586,0.4164999999999999,,,,Fragile Serve Profile,Low Return Profile,Balanced BP Profile,Opponent-Dependent Ace Profile,High DF Liability,Low-Data Separation Profile,Low-Data Resistance Profile,,,STALE_NON_AUTHORITATIVE_NOT_REGENERATED,,,
Gadamauri T.,All,1,1,Low Surface Data,Raw Match Log Aggregate,0.0,1.0,,28.0,,,0.6,0.61,0.42,0.534,reconstructed_from_serve_components,1.0,7.0,7.0,0.5714285714285714,0.5,0.434,,,,Low-Data Serve Profile,Low-Data Return Profile,Balanced BP Profile,Low-Data Ace Profile,Low-Data DF Profile,Low-Data Separation Profile,Low-Data Resistance Profile,,,STALE_NON_AUTHORITATIVE_NOT_REGENERATED,,,
Georgia Pedone,All,1,1,Low Surface Data,Raw Match Log Aggregate,0.0,0.0,2.0,14.0,0.2857142857142857,0.0,0.58,0.49,0.39,0.4480,reconstructed_from_serve_components,0.0,5.0,0.0,,0.6875,0.1264,,,,Serve Liability,Weak Return Profile,Low-Data BP Profile,Low Ace Profile,High DF Liability,Low-Data Separation Profile,Low-Data Resistance Profile,,,STALE_NON_AUTHORITATIVE_NOT_REGENERATED,,,
Hannah Klugman,All,5,5,Usable / Thin,Raw Match Log Aggregate,0.4,0.2,12.4,22.6,0.6964285714285714,0.4107142857142857,0.628,0.698,0.52,0.631784,reconstructed_from_serve_components,3.4,4.2,9.0,0.5111111111111111,0.48484848484848486,0.4641,,,,Average Serve Profile,Strong Return Profile,Creator Profile,Playable Ace Volume,Elevated DF Risk,Low-Data Separation Profile,Low-Data Resistance Profile,,,STALE_NON_AUTHORITATIVE_NOT_REGENERATED,,,
Hannah Klugman,Hard,5,0,No Surface Data,No Surface Match Sample,0.6521739130434783,,,,,,,,,0.585,charting_raw_spw,,,,,,0.446,0.515,1.08,,No Surface Data,No Surface Data,No Surface Data,No Surface Data,No Surface Data,No Surface Data,No Surface Data,,,STALE_NON_AUTHORITATIVE_NOT_REGENERATED,,,
Hannah Klugman,Clay,5,0,No Surface Data,No Surface Match Sample,0.5,,,,,,,,,0.573,charting_raw_spw,,,,,,0.44,0.504,1.03,,No Surface Data,No Surface Data,No Surface Data,No Surface Data,No Surface Data,No Surface Data,No Surface Data,,,STALE_NON_AUTHORITATIVE_NOT_REGENERATED,,,
Hannah Klugman,Grass,5,5,Usable / Thin,Charting Support Missing,0.0,0.2,12.4,22.6,0.6964285714285714,0.4107142857142857,0.628,0.698,0.52,0.631784,reconstructed_from_serve_components,3.4,4.2,9.0,0.5111111111111111,0.48484848484848486,0.4641,,,,Average Serve Profile,Strong Return Profile,Creator Profile,Grass Ace Boost,Elevated DF Risk,Low-Data Separation Profile,Low-Data Resistance Profile,,,STALE_NON_AUTHORITATIVE_NOT_REGENERATED,,,
Hanne Vandewinkel,All,57,57,Stable Sample,Raw Match Log Aggregate,0.6964285714285714,0.21052631578947367,10.5,20.125,0.6825938566552902,0.3511705685618729,0.6554666666666666,0.6447666666666666,0.4353,0.5725984177777777201155555556,reconstructed_from_serve_components,3.391304347826087,4.428571428571429,3.526315789473684,0.5223880597014925,0.6092436974789915,0.4419074666666667,,,,Fragile Serve Profile,Average Return Profile,Balanced BP Profile,Playable Ace Volume,Elevated DF Risk,Low-Data Separation Profile,Low-Data Resistance Profile,,,STALE_NON_AUTHORITATIVE_NOT_REGENERATED,,,
Hanne Vandewinkel,Hard,57,22,Stable Sample,Complete Profile,0.0,0.22727272727272727,11.571428571428571,19.181818181818183,0.7733333333333333,0.38461538461538464,0.60625,0.7022499999999999,0.47924999999999995,0.479,charting_raw_spw,4.666666666666667,4.125,2.5454545454545454,0.5357142857142857,0.6909090909090909,0.404,0.452,0.77,4.3,Stable Serve Profile,Average Return Profile,Balanced BP Profile,High Ace Upside,Elevated DF Risk,Low Separation Profile,Volatile Resistance,Volatile Upside Player,Hard-Liability,STALE_NON_AUTHORITATIVE_NOT_REGENERATED,,,
Hanne Vandewinkel,Grass,57,7,Stable Sample,Complete Profile,0.3333333333333333,0.2857142857142857,10.571428571428571,23.0,0.7466666666666667,0.23076923076923078,0.6579999999999999,0.6844285714285715,0.47471428571428576,0.579,charting_raw_spw,3.7142857142857144,4.285714285714286,4.857142857142857,0.5294117647058824,0.6607142857142857,0.35,0.471,0.83,2.2,Stable Serve Profile,Weak Return Profile,Balanced BP Profile,Playable Ace Volume,Elevated DF Risk,Low Separation Profile,Serve-Hold Resistance,Volatile Upside Player,Grass-Liability,STALE_NON_AUTHORITATIVE_NOT_REGENERATED,,,
Harriet Dart,All,23,23,Stable Sample,Raw Match Log Aggregate,0.5652173913043478,0.5652173913043478,11.91304347826087,22.695652173913043,0.6209677419354839,0.47244094488188976,0.5562608695652175,0.6684347826086957,0.4305652173913043,0.5628827485822306550553875236,reconstructed_from_serve_components,2.6666666666666665,4.454545454545454,10.782608695652174,0.4798387096774194,0.5688073394495413,0.4715458695652174,,,,Fragile Serve Profile,Elite Return Profile,Creator Profile,Playable Ace Volume,Elevated DF Risk,Low-Data Separation Profile,Low-Data Resistance Profile,,,STALE_NON_AUTHORITATIVE_NOT_REGENERATED,,,
Harriet Dart,Hard,23,18,Stable Sample,Complete Profile,0.5,0.5,11.777777777777779,21.22222222222222,0.6358695652173914,0.5,0.5424444444444444,0.6807777777777778,0.4290555555555555,0.488,charting_raw_spw,2.4375,4.470588235294118,11.277777777777779,0.4630541871921182,0.5864197530864198,0.497,0.492,0.97,3.8,Fragile Serve Profile,Elite Return Profile,Creator Profile,Low Ace Profile,Elevated DF Risk,Break-and-Giveback Risk,Resistance / Set Extension,Volatile Upside Player,Hard-Pressure,STALE_NON_AUTHORITATIVE_NOT_REGENERATED,,,
Harriet Dart,Clay,23,0,No Surface Data,No Surface Match Sample,No Surface W/L,,,,,,,,,,missing_service_components,,,,,,,,,,No Surface Data,No Surface Data,No Surface Data,No Surface Data,No Surface Data,No Surface Data,No Surface Data,,,STALE_NON_AUTHORITATIVE_NOT_REGENERATED,,,
Harriet Dart,Grass,23,5,Usable / Thin,Complete Profile,0.2,0.8,12.4,28.0,0.578125,0.390625,0.606,0.624,0.436,0.521,charting_raw_spw,3.4,4.4,9.0,0.5555555555555556,0.5178571428571429,0.447,0.484,0.93,2.8,Serve Liability,Strong Return Profile,Creator Profile,Playable Ace Volume,Elevated DF Risk,Break-and-Giveback Risk,Resistance / Set Extension,Volatile Upside Player,Grass-Pressure,STALE_NON_AUTHORITATIVE_NOT_REGENERATED,,,
Hayu Kinoshita,All,1,1,Low Surface Data,Raw Match Log Aggregate,0.0,0.0,,17.0,,,,,,,missing_service_components,,,,,,,,,,Low-Data Serve Profile,Low-Data Return Profile,Low-Data BP Profile,Low-Data Ace Profile,Low-Data DF Profile,Low-Data Separation Profile,Low-Data Resistance Profile,,,STALE_NON_AUTHORITATIVE_NOT_REGENERATED,,,
Heather Watson,All,11,11,Stable Sample,Raw Match Log Aggregate,0.6363636363636364,0.2727272727272727,11.181818181818182,21.90909090909091,0.6916666666666667,0.33613445378151263,0.5581818181818182,0.69,0.4418181818181818,0.5803487603305785088760330579,reconstructed_from_serve_components,3.909090909090909,5.2727272727272725,7.2727272727272725,0.5,0.6262626262626263,0.43612727272727275,,,,Average Serve Profile,Average Return Profile,Balanced BP Profile,High Ace Upside,High DF Liability,Low-Data Separation Profile,Low-Data Resistance Profile,,,STALE_NON_AUTHORITATIVE_NOT_REGENERATED,,,
Heather Watson,Hard,11,7,Stable Sample,Complete Profile,0.375,0.14285714285714285,11.0,21.285714285714285,0.6891891891891891,0.3561643835616438,0.5642857142857143,0.6814285714285714,0.43142857142857144,0.566,charting_raw_spw,3.142857142857143,6.0,6.857142857142857,0.5416666666666666,0.5892857142857143,0.433,0.497,1,4.8,Fragile Serve Profile,Average Return Profile,Balanced BP Profile,Playable Ace Volume,High DF Liability,Neutral Separation Profile,Volatile Resistance,Volatile Upside Player,Hard-Neutral,STALE_NON_AUTHORITATIVE_NOT_REGENERATED,,,
Heather Watson,Clay,11,0,No Surface Data,No Surface Match Sample,No Surface W/L,,,,,,,,,,missing_service_components,,,,,,,,,,No Surface Data,No Surface Data,No Surface Data,No Surface Data,No Surface Data,No Surface Data,No Surface Data,,,STALE_NON_AUTHORITATIVE_NOT_REGENERATED,,,
Heather Watson,Grass,11,4,Usable / Thin,Low Surface Sample,No Surface W/L,0.5,11.5,23.0,0.6956521739130435,0.30434782608695654,0.5475,0.705,0.46,0.5941375,reconstructed_from_serve_components,5.25,4.0,8.0,0.4375,0.6744186046511628,0.4207,,,,Average Serve Profile,Low Return Profile,Creator Profile,Grass Ace Boost,Elevated DF Risk,Low-Data Separation Profile,Low-Data Resistance Profile,,,STALE_NON_AUTHORITATIVE_NOT_REGENERATED,,,
Himeno Sakatsume,All,35,35,Stable Sample,Raw Match Log Aggregate,0.5142857142857142,0.37142857142857144,9.916666666666666,21.17142857142857,0.631578947368421,0.3374485596707819,0.685625,0.6116666666666667,0.48612500000000003,0.57219950520833336561875,reconstructed_from_serve_components,1.7647058823529411,2.5238095238095237,5.0285714285714285,0.4659090909090909,0.5054347826086957,0.4308660416666667,,,,Fragile Serve Profile,Average Return Profile,Balanced BP Profile,Opponent-Dependent Ace Profile,Moderate DF Profile,Low-Data Separation Profile,Low-Data Resistance Profile,,,STALE_NON_AUTHORITATIVE_NOT_REGENERATED,,,
Himeno Sakatsume,Hard,35,23,Stable Sample,Complete Profile,0.5,0.391304347826087,10.1875,21.782608695652176,0.6352941176470588,0.3313253012048193,0.657625,0.6145625,0.4590625,0.59,charting_raw_spw,1.8333333333333333,2.8125,5.521739130434782,0.4330708661417323,0.5338345864661654,0.448,0.522,1.09,6.5,Fragile Serve Profile,Average Return Profile,Balanced BP Profile,Opponent-Dependent Ace Profile,Moderate DF Profile,Backdoor Risk,Resistance / Set Extension,Return-Led Winner,Hard-Neutral,STALE_NON_AUTHORITATIVE_NOT_REGENERATED,,,
Himeno Sakatsume,Clay,35,8,Stable Sample,Complete Profile,No Surface W/L,0.5,9.5,20.375,0.575,0.38461538461538464,0.68375,0.56575,0.5825,0.5710471875,reconstructed_from_serve_components,2.0,1.6666666666666667,2.75,0.6818181818181818,0.34615384615384615,0.47805450000000005,,,,Serve Liability,Strong Return Profile,Low Pressure / Weak Survivor,Opponent-Dependent Ace Profile,Clean DF Profile,Low-Data Separation Profile,Low-Data Resistance Profile,,,STALE_NON_AUTHORITATIVE_NOT_REGENERATED,,,
Himeno Sakatsume,Grass,35,4,Usable / Thin,Low Surface Sample,0.0,0.0,9.25,19.25,0.6756756756756757,0.3157894736842105,0.7995,0.6459999999999999,0.498,0.506,charting_raw_spw,1.0,1.5,6.75,0.4444444444444444,0.52,0.368,0.448,0.75,2.6,Average Serve Profile,Low Return Profile,Balanced BP Profile,Low Ace Profile,Clean DF Profile,Low Separation Profile,Neutral Resistance Profile,Serve-Led Winner,Grass-Neutral,STALE_NON_AUTHORITATIVE_NOT_REGENERATED,,,
Hiroko Kaji,All,1,1,Low Surface Data,Raw Match Log Aggregate,0.0,1.0,,29.0,,,,,,,missing_service_components,,,,,,,,,,Low-Data Serve Profile,Low-Data Return Profile,Low-Data BP Profile,Low-Data Ace Profile,Low-Data DF Profile,Low-Data Separation Profile,Low-Data Resistance Profile,,,STALE_NON_AUTHORITATIVE_NOT_REGENERATED,,,
Iga Swiatek,All,51,51,Stable Sample,Raw Match Log Aggregate,0.72,0.3137254901960784,12.5,20.46,0.7661596958174905,0.44313725490196076,0.6446274509803921,0.713,0.5211764705882352,0.6448311833910034158531718570,reconstructed_from_serve_components,2.9130434782608696,3.2,8.627450980392156,0.5159090909090909,0.6121794871794872,0.49125623529411766,,,,Stable Serve Profile,Elite Return Profile,Creator Profile,Playable Ace Volume,Elevated DF Risk,Low-Data Separation Profile,Low-Data Resistance Profile,,,STALE_NON_AUTHORITATIVE_NOT_REGENERATED,,,
Iga Swiatek,Hard,51,25,Stable Sample,Complete Profile,0.7272727272727273,0.36,12.666666666666666,21.25,0.753731343283582,0.4108527131782946,0.64604,0.7034,0.5222399999999999,0.618,charting_raw_spw,2.5217391304347827,3.08,8.12,0.5270935960591133,0.6342857142857142,0.475,0.545,1.24,10.0,Stable Serve Profile,Strong Return Profile,Creator Profile,Opponent-Dependent Ace Profile,Moderate DF Profile,Clean Separator,Resistance / Set Extension,Volatile Upside Player,Hard-Control,STALE_NON_AUTHORITATIVE_NOT_REGENERATED,,,
Iga Swiatek,Clay,51,13,Stable Sample,Complete Profile,0.7368421052631579,0.3076923076923077,12.076923076923077,19.46153846153846,0.703125,0.5447154471544715,0.6487692307692308,0.6776923076923077,0.5174615384615385,0.616,charting_raw_spw,2.0,2.923076923076923,10.461538461538462,0.49264705882352944,0.43283582089552236,0.484,0.548,1.26,8.2,Average Serve Profile,Elite Return Profile,Strong Creator / Weak Survivor,Opponent-Dependent Ace Profile,Moderate DF Profile,Controlled Separator,Neutral Resistance Profile,Volatile Upside Player,Clay-Control,STALE_NON_AUTHORITATIVE_NOT_REGENERATED,,,
Iga Swiatek,Grass,51,13,Stable Sample,Complete Profile,0.9090909090909091,0.23076923076923078,12.615384615384615,20.0,0.8538461538461538,0.4108527131782946,0.6377692307692308,0.7667692307692308,0.5228461538461538,0.68,charting_raw_spw,4.3076923076923075,3.75,7.769230769230769,0.5247524752475248,0.7285714285714285,0.468,0.573,1.46,10.0,Stable Serve Profile,Strong Return Profile,Balanced BP Profile,Grass Ace Boost,Elevated DF Risk,Clean Separator,Stable Resistance,Volatile Upside Player,Grass-Control,STALE_NON_AUTHORITATIVE_NOT_REGENERATED,,,
Ilinca Dalina Amariei,All,3,3,Usable / Thin,Raw Match Log Aggregate,0.6666666666666666,0.3333333333333333,6.666666666666667,20.0,0.5416666666666666,0.30434782608695654,0.7333333333333333,0.56,0.54,0.554666666666666666,reconstructed_from_serve_components,1.6666666666666667,0.3333333333333333,5.333333333333333,0.4375,0.21428571428571427,0.42,,,,Serve Liability,Low Return Profile,Balanced BP Profile,Low Ace Profile,Clean DF Profile,Low-Data Separation Profile,Low-Data Resistance Profile,,,STALE_NON_AUTHORITATIVE_NOT_REGENERATED,,,
Ilinca Dalina Amariei,Clay,3,3,Usable / Thin,Low Surface Sample,0.6071428571428571,0.3333333333333333,6.666666666666667,20.0,0.5416666666666666,0.30434782608695654,0.7333333333333333,0.56,0.54,0.538,charting_raw_spw,1.6666666666666667,0.3333333333333333,5.333333333333333,0.4375,0.21428571428571427,0.486,0.512,1.05,4.3,Serve Liability,Low Return Profile,Balanced BP Profile,Low Ace Profile,Clean DF Profile,Neutral Separation Profile,Neutral Resistance Profile,Return-Led Winner,Clay-Neutral,STALE_NON_AUTHORITATIVE_NOT_REGENERATED,,,
Ipek Oz,All,3,3,Usable / Thin,Raw Match Log Aggregate,0.3333333333333333,0.3333333333333333,10.0,18.666666666666668,0.5925925925925926,0.5,0.6366666666666666,0.6566666666666667,0.33666666666666667,0.5404000000000000011000000000,reconstructed_from_serve_components,0.3333333333333333,3.0,6.666666666666667,0.7,0.5217391304347826,0.5013333333333334,,,,Serve Liability,Elite Return Profile,Balanced BP Profile,Low Ace Profile,Elevated DF Risk,Low-Data Separation Profile,Low-Data Resistance Profile,,,STALE_NON_AUTHORITATIVE_NOT_REGENERATED,,,
Ipek Oz,Clay,3,3,Usable / Thin,Low Surface Sample,0.4827586206896552,0.3333333333333333,10.0,18.666666666666668,0.5925925925925926,0.5,0.6366666666666666,0.6566666666666667,0.33666666666666667,0.56,charting_raw_spw,0.3333333333333333,3.0,6.666666666666667,0.7,0.5217391304347826,0.469,0.513,1.07,6.1,Serve Liability,Elite Return Profile,Balanced BP Profile,Low Ace Profile,Elevated DF Risk,Break-and-Giveback Risk,Neutral Resistance Profile,Return-Led Winner,Clay-Pressure,STALE_NON_AUTHORITATIVE_NOT_REGENERATED,,,
Irina Camelia Begu,All,0,0,No Surface Data,Raw Match Missing,,,,,,,,,,,missing_service_components,,,,,,,,,,No Surface Data,No Surface Data,No Surface Data,No Surface Data,No Surface Data,No Surface Data,No Surface Data,,,STALE_NON_AUTHORITATIVE_NOT_REGENERATED,,,
Irina Camelia Begu,Hard,0,0,No Surface Data,Raw Match Missing,No Surface W/L,,,,,,,,,,missing_service_components,,,,,,,,,,No Surface Data,No Surface Data,No Surface Data,No Surface Data,No Surface Data,No Surface Data,No Surface Data,,,STALE_NON_AUTHORITATIVE_NOT_REGENERATED,,,
Irina Camelia Begu,Clay,0,0,No Surface Data,Raw Match Missing,0.8333333333333334,,,,,,,,,0.565,charting_raw_spw,,,,,,0.496,0.531,1.14,,No Surface Data,No Surface Data,No Surface Data,No Surface Data,No Surface Data,No Surface Data,No Surface Data,,,STALE_NON_AUTHORITATIVE_NOT_REGENERATED,,,
Irina Camelia Begu,Grass,0,0,No Surface Data,Raw Match Missing,0.5,,,,,,,,,0.514,charting_raw_spw,,,,,,0.401,0.457,0.82,,No Surface Data,No Surface Data,No Surface Data,No Surface Data,No Surface Data,No Surface Data,No Surface Data,,,STALE_NON_AUTHORITATIVE_NOT_REGENERATED,,,
Irina-Camelia Begu,All,1,1,Low Surface Data,Raw Match Log Aggregate,1.0,1.0,6.0,31.0,0.4444444444444444,0.2222222222222222,0.57,0.64,0.27,0.4809,reconstructed_from_serve_components,0.0,3.0,4.0,0.5,0.5454545454545454,0.3752,,,,Serve Liability,Weak Return Profile,Balanced BP Profile,Low Ace Profile,Elevated DF Risk,Low-Data Separation Profile,Low-Data Resistance Profile,,,STALE_NON_AUTHORITATIVE_NOT_REGENERATED,,,
Iryna Shymanovich,All,15,15,Stable Sample,Raw Match Log Aggregate,0.4666666666666667,0.3333333333333333,9.538461538461538,21.2,0.5611510791366906,0.33093525179856115,0.5976923076923076,0.5638461538461539,0.47076923076923083,0.5264005917159763794005917159,reconstructed_from_serve_components,0.38461538461538464,3.8461538461538463,7.384615384615385,0.4791666666666667,0.5307692307692308,0.4318230769230769,,,,Serve Liability,Average Return Profile,Balanced BP Profile,Low Ace Profile,Elevated DF Risk,Low-Data Separation Profile,Low-Data Resistance Profile,,,STALE_NON_AUTHORITATIVE_NOT_REGENERATED,,,
Iryna Shymanovich,Hard,15,12,Stable Sample,Complete Profile,0.5,0.25,9.583333333333334,21.0,0.5625,0.33858267716535434,0.5975,0.5608333333333334,0.4775,0.534,charting_raw_spw,0.25,3.8333333333333335,7.666666666666667,0.4673913043478261,0.5130434782608696,0.425,0.484,0.91,1.5,Serve Liability,Average Return Profile,Balanced BP Profile,Low Ace Profile,Elevated DF Risk,Backdoor Risk,Volatile Resistance,Return-Led Winner,Hard-Liability,STALE_NON_AUTHORITATIVE_NOT_REGENERATED,,,
Iryna Shymanovich,Clay,15,0,No Surface Data,No Surface Match Sample,0.6666666666666666,,,,,,,,,0.572,charting_raw_spw,,,,,,0.439,0.509,1.03,,No Surface Data,No Surface Data,No Surface Data,No Surface Data,No Surface Data,No Surface Data,No Surface Data,,,STALE_NON_AUTHORITATIVE_NOT_REGENERATED,,,
Iryna Shymanovich,Grass,15,3,Usable / Thin,Low Surface Sample,0.0,0.6666666666666666,9.0,22.0,0.5454545454545454,0.25,0.6,0.6,0.39,0.518,charting_raw_spw,2.0,4.0,4.0,0.75,0.6666666666666666,0.386,0.458,0.8,1.0,Serve Liability,Weak Return Profile,Balanced BP Profile,Low Ace Profile,Elevated DF Risk,Backdoor Risk,Resistance / Set Extension,Balanced Winner,Grass-Liability,STALE_NON_AUTHORITATIVE_NOT_REGENERATED,,,
Ito A.,All,6,6,Stable Sample,Raw Match Log Aggregate,0.0,0.16666666666666666,7.166666666666667,20.0,0.543859649122807,0.20689655172413793,0.655,0.5266666666666666,0.37166666666666665,0.47319166666666661725,reconstructed_from_serve_components,2.0,5.166666666666667,6.166666666666667,0.32432432432432434,0.5084745762711864,0.39466666666666667,,,,Serve Liability,Weak Return Profile,Balanced BP Profile,Opponent-Dependent Ace Profile,High DF Liability,Low-Data Separation Profile,Low-Data Resistance Profile,,,STALE_NON_AUTHORITATIVE_NOT_REGENERATED,,,
Iva Jovic,All,49,49,Stable Sample,Raw Match Log Aggregate,0.6938775510204082,0.3469387755102041,12.0,21.79591836734694,0.7225325884543762,0.36015325670498083,0.6018775510204081,0.6709795918367347,0.4916122448979592,0.5995694244064972916318617243,reconstructed_from_serve_components,2.902439024390244,3.227272727272727,8.26530612244898,0.47901234567901235,0.5858310626702997,0.4483555510204082,,,,Stable Serve Profile,Average Return Profile,Creator Profile,Playable Ace Volume,Moderate DF Profile,Low-Data Separation Profile,Low-Data Resistance Profile,,,STALE_NON_AUTHORITATIVE_NOT_REGENERATED,,,
Iva Jovic,Hard,49,22,Stable Sample,Complete Profile,0.6756756756756757,0.22727272727272727,11.285714285714286,20.818181818181817,0.7056277056277056,0.3288888888888889,0.590590909090909,0.6681818181818181,0.4842727272727273,0.59,charting_raw_spw,3.1818181818181817,3.45,8.409090909090908,0.43243243243243246,0.5847953216374269,0.458,0.524,1.12,8.5,Average Serve Profile,Low Return Profile,Creator Profile,Playable Ace Volume,Moderate DF Profile,Controlled Separator,Serve-Hold Resistance,Volatile Upside Player,Hard-Control,STALE_NON_AUTHORITATIVE_NOT_REGENERATED,,,
Iva Jovic,Clay,49,11,Stable Sample,Complete Profile,0.6153846153846154,0.45454545454545453,12.636363636363637,24.272727272727273,0.6766917293233082,0.3769230769230769,0.5907272727272727,0.6674545454545455,0.48436363636363633,0.571,charting_raw_spw,2.6,3.2,7.909090909090909,0.5632183908045977,0.47560975609756095,0.461,0.516,1.08,7.1,Average Serve Profile,Average Return Profile,Balanced BP Profile,Opponent-Dependent Ace Profile,Moderate DF Profile,Backdoor Risk,Resistance / Set Extension,Volatile Upside Player,Clay-Control,STALE_NON_AUTHORITATIVE_NOT_REGENERATED,,,
Iva Jovic,Grass,49,16,Stable Sample,Complete Profile,0.6,0.4375,12.5,21.4375,0.7803468208092486,0.38922155688622756,0.6250625,0.6772500000000001,0.5066875000000001,0.55,charting_raw_spw,2.5555555555555554,2.9285714285714284,8.3125,0.48872180451127817,0.6666666666666666,0.453,0.499,1.01,7.5,Stable Serve Profile,Strong Return Profile,Creator Profile,Opponent-Dependent Ace Profile,Moderate DF Profile,Neutral Separation Profile,Resistance / Set Extension,Volatile Upside Player,Grass-Pressure,STALE_NON_AUTHORITATIVE_NOT_REGENERATED,,,
Janice Tjen,All,36,36,Stable Sample,Raw Match Log Aggregate,0.5,0.3055555555555556,10.03125,21.583333333333332,0.6745562130177515,0.26878612716763006,0.60471875,0.66015625,0.45865625,0.5805070781250000,reconstructed_from_serve_components,4.2592592592592595,3.6129032258064515,6.638888888888889,0.3891213389121339,0.5111111111111111,0.40581390624999997,,,,Average Serve Profile,Weak Return Profile,Balanced BP Profile,Playable Ace Volume,Elevated DF Risk,Low-Data Separation Profile,Low-Data Resistance Profile,,,STALE_NON_AUTHORITATIVE_NOT_REGENERATED,,,
Janice Tjen,Hard,36,20,Stable Sample,Complete Profile,0.5555555555555556,0.3,10.3125,21.7,0.6666666666666666,0.29310344827586204,0.5670000000000001,0.6729999999999999,0.4505625,0.606,charting_raw_spw,4.666666666666667,4.25,6.4,0.3984375,0.4722222222222222,0.405,0.504,1.03,3.5,Average Serve Profile,Low Return Profile,Balanced BP Profile,High Ace Upside,Elevated DF Risk,Backdoor Risk,Resistance / Set Extension,Volatile Upside Player,Hard-Neutral,STALE_NON_AUTHORITATIVE_NOT_REGENERATED,,,
Janice Tjen,Clay,36,10,Stable Sample,Complete Profile,0.2857142857142857,0.3,9.9,20.9,0.6504854368932039,0.3047619047619048,0.6253,0.6408,0.42719999999999997,0.532,charting_raw_spw,4.0,3.1,7.6,0.42105263157894735,0.55,0.427,0.48,0.91,2.0,Fragile Serve Profile,Low Return Profile,Balanced BP Profile,Playable Ace Volume,Elevated DF Risk,Neutral Separation Profile,Volatile Resistance,Volatile Upside Player,Clay-Neutral,STALE_NON_AUTHORITATIVE_NOT_REGENERATED,,,
Janice Tjen,Grass,36,6,Stable Sample,Complete Profile,0.0,0.3333333333333333,9.5,22.333333333333332,0.734375,0.14925373134328357,0.671,0.6581666666666667,0.5326666666666667,0.576,charting_raw_spw,3.4,2.6,5.833333333333333,0.2857142857142857,0.5405405405405406,0.281,0.427,0.66,2.1,Average Serve Profile,Weak Return Profile,Balanced BP Profile,Grass Ace Boost,Moderate DF Profile,Low Separation Profile,Resistance / Set Extension,Volatile Upside Player,Grass-Neutral,STALE_NON_AUTHORITATIVE_NOT_REGENERATED,,,
Jaqueline Cristian,All,31,31,Stable Sample,Raw Match Log Aggregate,0.4666666666666667,0.41935483870967744,10.866666666666667,23.6,0.6473988439306358,0.3050847457627119,0.6144193548387097,0.6386129032258064,0.46938709677419355,0.5733627075962538749163891779,reconstructed_from_serve_components,3.423076923076923,3.793103448275862,8.258064516129032,0.41796875,0.5468164794007491,0.4134962903225807,,,,Fragile Serve Profile,Low Return Profile,Creator Profile,Playable Ace Volume,Elevated DF Risk,Low-Data Separation Profile,Low-Data Resistance Profile,,,STALE_NON_AUTHORITATIVE_NOT_REGENERATED,,,
Jaqueline Cristian,Hard,31,13,Stable Sample,Complete Profile,0.5,0.3076923076923077,9.916666666666666,21.833333333333332,0.6287878787878788,0.3181818181818182,0.5985384615384616,0.6502307692307692,0.43776923076923074,0.563,charting_raw_spw,3.5,4.3076923076923075,7.615384615384615,0.42424242424242425,0.5811965811965812,0.418,0.49,0.96,1.4,Fragile Serve Profile,Low Return Profile,Balanced BP Profile,Playable Ace Volume,Elevated DF Risk,Backdoor Risk,Resistance / Set Extension,Volatile Upside Player,Hard-Neutral,STALE_NON_AUTHORITATIVE_NOT_REGENERATED,,,
Jaqueline Cristian,Grass,31,4,Usable / Thin,Low Surface Sample,0.25,0.0,7.5,19.5,0.5675675675675675,0.23076923076923078,0.64625,0.602,0.495,0.567,charting_raw_spw,3.6666666666666665,2.6666666666666665,4.0,0.5,0.4,0.351,0.462,0.81,1.0,Serve Liability,Weak Return Profile,Low Pressure / Weak Survivor,Playable Ace Volume,Moderate DF Profile,Backdoor Risk,Volatile Resistance,Volatile Upside Player,Grass-Liability,STALE_NON_AUTHORITATIVE_NOT_REGENERATED,,,
Jasmine Paolini,All,33,33,Stable Sample,Raw Match Log Aggregate,0.5757575757575758,0.42424242424242425,11.636363636363637,22.848484848484848,0.660427807486631,0.3682795698924731,0.661,0.6145454545454545,0.4974545454545454,0.5748516363636363151,reconstructed_from_serve_components,3.25,2.4642857142857144,9.363636363636363,0.44336569579288027,0.5694915254237288,0.4361340909090909,,,,Average Serve Profile,Average Return Profile,Creator Profile,Opponent-Dependent Ace Profile,Moderate DF Profile,Low-Data Separation Profile,Low-Data Resistance Profile,,,STALE_NON_AUTHORITATIVE_NOT_REGENERATED,,,
Jasmine Paolini,Hard,33,16,Stable Sample,Complete Profile,0.6190476190476191,0.4375,12.0,22.25,0.6534090909090909,0.4350282485875706,0.6735,0.5991875,0.541875,0.576,charting_raw_spw,4.125,2.6666666666666665,9.6875,0.4967741935483871,0.5579710144927537,0.443,0.511,1.04,7.3,Fragile Serve Profile,Elite Return Profile,Creator Profile,Opponent-Dependent Ace Profile,Moderate DF Profile,Break-and-Giveback Risk,Resistance / Set Extension,Return-Led Winner,Hard-Pressure,STALE_NON_AUTHORITATIVE_NOT_REGENERATED,,,
Jasmine Paolini,Clay,33,7,Stable Sample,Complete Profile,0.42857142857142855,0.5714285714285714,12.285714285714286,25.142857142857142,0.6781609195402298,0.3103448275862069,0.6531428571428571,0.6367142857142857,0.4258571428571429,0.559,charting_raw_spw,2.0,2.5714285714285716,10.857142857142858,0.35526315789473684,0.5483870967741935,0.427,0.491,0.97,3.2,Fragile Serve Profile,Low Return Profile,Balanced BP Profile,Low Ace Profile,Moderate DF Profile,Backdoor Risk,Resistance / Set Extension,Return-Led Winner,Clay-Neutral,STALE_NON_AUTHORITATIVE_NOT_REGENERATED,,,
Jasmine Paolini,Grass,33,10,Stable Sample,Complete Profile,0.3333333333333333,0.3,10.6,22.2,0.6576576576576577,0.3055555555555556,0.6465000000000001,0.6236,0.4765,0.557,charting_raw_spw,2.6,2.111111111111111,7.8,0.4230769230769231,0.6,0.413,0.487,0.93,4.0,Average Serve Profile,Low Return Profile,Balanced BP Profile,Low Ace Profile,Clean DF Profile,Backdoor Risk,Resistance / Set Extension,Balanced Winner,Grass-Neutral,STALE_NON_AUTHORITATIVE_NOT_REGENERATED,,,
Jelena Ostapenko,All,42,42,Stable Sample,Raw Match Log Aggregate,0.5476190476190477,0.40476190476190477,11.023809523809524,21.761904761904763,0.6431718061674009,0.3758241758241758,0.5660238095238096,0.6753571428571429,0.4132619047619048,0.5616140498866213759524943311,reconstructed_from_serve_components,4.078947368421052,6.325,8.285714285714286,0.4885057471264368,0.5306122448979592,0.4414934285714286,,,,Fragile Serve Profile,Average Return Profile,Creator Profile,Playable Ace Volume,High DF Liability,Low-Data Separation Profile,Low-Data Resistance Profile,,,STALE_NON_AUTHORITATIVE_NOT_REGENERATED,,,
Jelena Ostapenko,Hard,42,22,Stable Sample,Complete Profile,0.44,0.3181818181818182,10.181818181818182,21.636363636363637,0.6111111111111112,0.3389121338912134,0.5584545454545454,0.66,0.38945454545454544,0.55,charting_raw_spw,3.7777777777777777,5.6,7.636363636363637,0.47619047619047616,0.5431472081218274,0.429,0.49,0.95,1.4,Serve Liability,Average Return Profile,Balanced BP Profile,Playable Ace Volume,High DF Liability,Backdoor Risk,Resistance / Set Extension,Volatile Upside Player,Hard-Neutral,STALE_NON_AUTHORITATIVE_NOT_REGENERATED,,,
Jelena Ostapenko,Clay,42,12,Stable Sample,Complete Profile,0.5833333333333334,0.5,12.25,23.0,0.6594202898550725,0.40875912408759124,0.5731666666666666,0.6781666666666666,0.4374166666666667,0.556,charting_raw_spw,4.0,7.25,8.916666666666666,0.5233644859813084,0.53,0.477,0.516,1.07,7.0,Fragile Serve Profile,Strong Return Profile,Creator Profile,Playable Ace Volume,High DF Liability,Break-and-Giveback Risk,Resistance / Set Extension,Volatile Upside Player,Clay-Control,STALE_NON_AUTHORITATIVE_NOT_REGENERATED,,,
Jelena Ostapenko,Grass,42,8,Stable Sample,Complete Profile,0.5714285714285714,0.5,11.5,20.25,0.7073170731707317,0.43037974683544306,0.576125,0.7133750000000001,0.4425,0.598,charting_raw_spw,4.875,6.75,9.125,0.4657534246575342,0.4782608695652174,0.463,0.53,1.15,8.3,Average Serve Profile,Elite Return Profile,Creator Profile,High Ace Upside,High DF Liability,Controlled Separator,Resistance / Set Extension,Volatile Upside Player,Grass-Control,STALE_NON_AUTHORITATIVE_NOT_REGENERATED,,,
Jennifer Brady,All,1,1,Low Surface Data,Raw Match Log Aggregate,0.0,0.0,4.0,18.0,0.4444444444444444,0.0,0.57,0.66,0.46,0.5740,reconstructed_from_serve_components,1.0,0.0,6.0,0.0,0.4,0.3116,,,,Serve Liability,Weak Return Profile,Balanced BP Profile,Low Ace Profile,Clean DF Profile,Low-Data Separation Profile,Low-Data Resistance Profile,,,STALE_NON_AUTHORITATIVE_NOT_REGENERATED,,,
Jessica Bouzas Maneiro,All,38,38,Stable Sample,Raw Match Log Aggregate,0.42105263157894735,0.39473684210526316,10.81081081081081,22.894736842105264,0.5798525798525799,0.39709443099273606,0.6178918918918919,0.6069459459459459,0.450918918918919,0.5473267538349160009353542731,reconstructed_from_serve_components,2.2413793103448274,4.9714285714285715,8.947368421052632,0.4823529411764706,0.4554140127388535,0.4513045945945946,,,,Serve Liability,Strong Return Profile,Creator Profile,Opponent-Dependent Ace Profile,Elevated DF Risk,Low-Data Separation Profile,Low-Data Resistance Profile,,,STALE_NON_AUTHORITATIVE_NOT_REGENERATED,,,
Jessica Bouzas Maneiro,Hard,38,21,Stable Sample,Complete Profile,0.45161290322580644,0.42857142857142855,10.571428571428571,23.38095238095238,0.5521739130434783,0.405982905982906,0.5832380952380952,0.5934761904761905,0.44542857142857145,0.553,charting_raw_spw,1.8888888888888888,5.9523809523809526,8.666666666666666,0.521978021978022,0.38323353293413176,0.446,0.499,1,2.8,Serve Liability,Strong Return Profile,Creator Profile,Opponent-Dependent Ace Profile,High DF Liability,Break-and-Giveback Risk,Resistance / Set Extension,Return-Led Winner,Hard-Pressure,STALE_NON_AUTHORITATIVE_NOT_REGENERATED,,,
Jessica Bouzas Maneiro,Clay,38,11,Stable Sample,Complete Profile,0.4444444444444444,0.36363636363636365,11.7,22.90909090909091,0.5614035087719298,0.45689655172413796,0.6926000000000001,0.5729,0.48989999999999995,0.556,charting_raw_spw,1.5,2.125,10.0,0.4818181818181818,0.5327102803738317,0.478,0.515,1.08,7.1,Serve Liability,Elite Return Profile,Creator Profile,Low Ace Profile,Clean DF Profile,Break-and-Giveback Risk,Resistance / Set Extension,Return-Led Winner,Clay-Pressure,STALE_NON_AUTHORITATIVE_NOT_REGENERATED,,,
Jessica Bouzas Maneiro,Grass,38,6,Stable Sample,Complete Profile,0.7142857142857143,0.3333333333333333,10.166666666666666,21.166666666666668,0.7142857142857143,0.25396825396825395,0.6146666666666667,0.7108333333333333,0.4051666666666667,0.605,charting_raw_spw,4.4,5.333333333333333,8.0,0.3333333333333333,0.55,0.429,0.516,1.09,5.2,Fragile Serve Profile,Weak Return Profile,Balanced BP Profile,Grass Ace Boost,High DF Liability,Neutral Separation Profile,Resistance / Set Extension,Volatile Upside Player,Grass-Control,STALE_NON_AUTHORITATIVE_NOT_REGENERATED,,,
Jessica Pegula,All,68,68,Stable Sample,Raw Match Log Aggregate,0.7794117647058824,0.4264705882352941,12.402985074626866,22.397058823529413,0.7709720372836218,0.3448275862068966,0.6251470588235294,0.7139852941176471,0.49694117647058816,0.6326256682525951506730103806,reconstructed_from_serve_components,4.149253731343284,2.5081967213114753,9.029411764705882,0.42996742671009774,0.5934579439252337,0.4429895588235294,,,,Stable Serve Profile,Average Return Profile,Creator Profile,High Ace Upside,Moderate DF Profile,Low-Data Separation Profile,Low-Data Resistance Profile,,,STALE_NON_AUTHORITATIVE_NOT_REGENERATED,,,
Jessica Pegula,Hard,68,47,Stable Sample,Complete Profile,0.7758620689655172,0.44680851063829785,12.478260869565217,22.404255319148938,0.7634615384615384,0.3544061302681992,0.6290851063829787,0.7131489361702128,0.49763829787234043,0.614,charting_raw_spw,4.521739130434782,2.3863636363636362,8.574468085106384,0.46898263027295284,0.5629370629370629,0.454,0.532,1.17,9.8,Stable Serve Profile,Average Return Profile,Creator Profile,High Ace Upside,Moderate DF Profile,Controlled Separator,Resistance / Set Extension,Volatile Upside Player,Hard-Control,STALE_NON_AUTHORITATIVE_NOT_REGENERATED,,,
Jessica Pegula,Clay,68,12,Stable Sample,Complete Profile,0.75,0.4166666666666667,11.833333333333334,21.5,0.7401574803149606,0.37209302325581395,0.6335000000000001,0.693,0.4940833333333333,0.622,charting_raw_spw,3.0,2.375,11.083333333333334,0.3609022556390977,0.6206896551724138,0.451,0.531,1.19,10.0,Stable Serve Profile,Average Return Profile,Balanced BP Profile,Playable Ace Volume,Clean DF Profile,Controlled Separator,Resistance / Set Extension,Volatile Upside Player,Clay-Control,STALE_NON_AUTHORITATIVE_NOT_REGENERATED,,,
Jessica Pegula,Grass,68,9,Stable Sample,Complete Profile,0.7777777777777778,0.3333333333333333,12.777777777777779,23.555555555555557,0.8461538461538461,0.2621359223300971,0.5934444444444444,0.7463333333333334,0.49711111111111106,0.627,charting_raw_spw,3.7777777777777777,3.2222222222222223,8.666666666666666,0.34615384615384615,0.7090909090909091,0.454,0.536,1.22,8.2,Stable Serve Profile,Weak Return Profile,Balanced BP Profile,Grass Ace Boost,Moderate DF Profile,Serve-Led Separator,Resistance / Set Extension,Volatile Upside Player,Grass-Control,STALE_NON_AUTHORITATIVE_NOT_REGENERATED,,,
Jil Teichmann,All,1,1,Low Surface Data,Raw Match Log Aggregate,1.0,1.0,14.0,27.0,0.8666666666666667,0.07142857142857142,0.56,0.76,0.53,0.6588,reconstructed_from_serve_components,10.0,7.0,4.0,0.25,0.6666666666666666,0.318,,,,Stable Serve Profile,Weak Return Profile,Balanced BP Profile,High Ace Upside,High DF Liability,Low-Data Separation Profile,Low-Data Resistance Profile,,,STALE_NON_AUTHORITATIVE_NOT_REGENERATED,,,
Jing-Jing Lu,All,1,1,Low Surface Data,Raw Match Log Aggregate,1.0,0.0,12.0,22.0,0.6923076923076923,0.21428571428571427,0.67,0.65,0.5,0.6005,reconstructed_from_serve_components,3.0,0.0,11.0,0.2727272727272727,0.6,0.376,,,,Average Serve Profile,Weak Return Profile,Balanced BP Profile,Playable Ace Volume,Clean DF Profile,Low-Data Separation Profile,Low-Data Resistance Profile,,,STALE_NON_AUTHORITATIVE_NOT_REGENERATED,,,
Jule Niemeier,All,1,1,Low Surface Data,Raw Match Log Aggregate,0.0,1.0,13.0,29.0,0.5333333333333333,0.35714285714285715,0.52,0.65,0.38,0.5204,reconstructed_from_serve_components,0.0,8.0,9.0,0.5555555555555556,0.4166666666666667,0.4196,,,,Serve Liability,Average Return Profile,Creator Profile,Low Ace Profile,High DF Liability,Low-Data Separation Profile,Low-Data Resistance Profile,,,STALE_NON_AUTHORITATIVE_NOT_REGENERATED,,,
Julia Grabher,All,9,9,Stable Sample,Raw Match Log Aggregate,0.2222222222222222,0.2222222222222222,8.88888888888889,20.88888888888889,0.6021505376344086,0.2553191489361702,0.5857777777777777,0.6302222222222222,0.3940000000000001,0.5323737283950617384271604938,reconstructed_from_serve_components,3.625,4.444444444444445,6.444444444444445,0.41379310344827586,0.5,0.3999522222222222,,,,Serve Liability,Weak Return Profile,Balanced BP Profile,Playable Ace Volume,Pressure DF Risk,Low-Data Separation Profile,Low-Data Resistance Profile,,,STALE_NON_AUTHORITATIVE_NOT_REGENERATED,,,
Julia Grabher,Hard,9,9,Stable Sample,Complete Profile,0.25,0.2222222222222222,8.88888888888889,20.88888888888889,0.6021505376344086,0.2553191489361702,0.5857777777777777,0.6302222222222222,0.3940000000000001,0.512,charting_raw_spw,3.625,4.444444444444445,6.444444444444445,0.41379310344827586,0.5,0.349,0.436,0.72,1.0,Serve Liability,Weak Return Profile,Balanced BP Profile,Playable Ace Volume,Pressure DF Risk,Low Separation Profile,Neutral Resistance Profile,Volatile Upside Player,Hard-Liability,STALE_NON_AUTHORITATIVE_NOT_REGENERATED,,,
Julia Stusek,All,6,6,Stable Sample,Raw Match Log Aggregate,0.5,0.3333333333333333,7.5,22.333333333333332,0.5333333333333333,0.4666666666666667,0.6,0.525,0.49,0.5110,reconstructed_from_serve_components,1.0,4.5,2.6666666666666665,0.4375,0.5625,0.467,,,,Serve Liability,Elite Return Profile,Balanced BP Profile,Opponent-Dependent Ace Profile,High DF Liability,Low-Data Separation Profile,Low-Data Resistance Profile,,,STALE_NON_AUTHORITATIVE_NOT_REGENERATED,,,
Julia Stusek,Clay,6,5,Usable / Thin,Charting Support Missing,0.5714285714285714,0.4,12.0,23.8,0.8571428571428571,0.75,0.68,0.59,0.63,0.505,charting_raw_spw,1.0,3.0,1.8,0.6666666666666666,0.8571428571428571,0.496,0.5,1,7.5,Fragile Serve Profile,Elite Return Profile,Balanced BP Profile,Opponent-Dependent Ace Profile,Elevated DF Risk,Neutral Separation Profile,Resistance / Set Extension,Return-Led Winner,Clay-Pressure,STALE_NON_AUTHORITATIVE_NOT_REGENERATED,,,
Julieta Pareja,All,6,6,Stable Sample,Raw Match Log Aggregate,0.3333333333333333,0.16666666666666666,7.666666666666667,21.0,0.7307692307692307,0.14814814814814814,0.7166666666666667,0.71,0.43666666666666665,0.6325555555555555599444444444,reconstructed_from_serve_components,2.6666666666666665,2.6666666666666665,6.0,0.2222222222222222,0.5333333333333333,0.3349666666666667,,,,Fragile Serve Profile,Weak Return Profile,Balanced BP Profile,Playable Ace Volume,Elevated DF Risk,Low-Data Separation Profile,Low-Data Resistance Profile,,,STALE_NON_AUTHORITATIVE_NOT_REGENERATED,,,
Julieta Pareja,Hard,6,6,Stable Sample,Complete Profile,0.7,0.16666666666666666,7.666666666666667,21.0,0.7307692307692307,0.14814814814814814,0.7166666666666667,0.71,0.43666666666666665,0.567,charting_raw_spw,2.6666666666666665,2.6666666666666665,6.0,0.2222222222222222,0.5333333333333333,0.488,0.527,1.13,6.8,Fragile Serve Profile,Weak Return Profile,Balanced BP Profile,Playable Ace Volume,Elevated DF Risk,Serve-Led Separator,Neutral Resistance Profile,Volatile Upside Player,Hard-Control,STALE_NON_AUTHORITATIVE_NOT_REGENERATED,,,
Julieta Pareja,Clay,6,0,No Surface Data,No Surface Match Sample,0.5,,,,,,,,,0.473,charting_raw_spw,,,,,,0.55,0.511,1.04,,No Surface Data,No Surface Data,No Surface Data,No Surface Data,No Surface Data,No Surface Data,No Surface Data,,,STALE_NON_AUTHORITATIVE_NOT_REGENERATED,,,
Julieta Pareja,Grass,6,0,No Surface Data,No Surface Match Sample,No Surface W/L,,,,,,,,,,missing_service_components,,,,,,,,,,No Surface Data,No Surface Data,No Surface Data,No Surface Data,No Surface Data,No Surface Data,No Surface Data,,,STALE_NON_AUTHORITATIVE_NOT_REGENERATED,,,
Kaitlin Quevedo,All,38,38,Stable Sample,Raw Match Log Aggregate,0.6578947368421053,0.34210526315789475,11.216216216216216,22.0,0.6370370370370371,0.3994910941475827,0.6218947368421052,0.6247368421052631,0.46878947368421053,0.5657723213296398447359556787,reconstructed_from_serve_components,3.2413793103448274,2.8529411764705883,9.657894736842104,0.4359673024523161,0.5531914893617021,0.4491556315789474,,,,Fragile Serve Profile,Strong Return Profile,Creator Profile,Playable Ace Volume,Moderate DF Profile,Low-Data Separation Profile,Low-Data Resistance Profile,,,STALE_NON_AUTHORITATIVE_NOT_REGENERATED,,,
Kaitlin Quevedo,Hard,38,26,Stable Sample,Complete Profile,0.3333333333333333,0.2692307692307692,10.72,20.884615384615383,0.637065637065637,0.412,0.6211923076923077,0.624423076923077,0.48150000000000004,0.54,charting_raw_spw,3.4210526315789473,2.6818181818181817,9.192307692307692,0.4435146443514644,0.5502392344497608,0.354,0.449,0.77,3.5,Fragile Serve Profile,Low Return Profile,Creator Profile,Playable Ace Volume,Moderate DF Profile,Break-and-Giveback Risk,Volatile Resistance,Volatile Upside Player,Hard-Pressure,STALE_NON_AUTHORITATIVE_NOT_REGENERATED,,,
Kaitlin Quevedo,Clay,38,12,Stable Sample,Complete Profile,0.42857142857142855,0.5,12.25,24.416666666666668,0.636986301369863,0.3776223776223776,0.6234166666666667,0.6254166666666666,0.44125,0.525,charting_raw_spw,2.9,3.1666666666666665,10.666666666666666,0.421875,0.5583333333333333,0.474,0.499,1,4.3,Fragile Serve Profile,Average Return Profile,Creator Profile,Opponent-Dependent Ace Profile,Moderate DF Profile,Backdoor Risk,Resistance / Set Extension,Volatile Upside Player,Clay-Neutral,STALE_NON_AUTHORITATIVE_NOT_REGENERATED,,,
Kaja Juvan,All,1,1,Low Surface Data,Raw Match Log Aggregate,,0.0,,,,,0.67,0.54,0.47,0.5169,reconstructed_from_serve_components,3.0,0.0,18.0,0.2222222222222222,0.16666666666666666,0.4552,,,,Low-Data Serve Profile,Low-Data Return Profile,Balanced BP Profile,Low-Data Ace Profile,Low-Data DF Profile,Low-Data Separation Profile,Low-Data Resistance Profile,,,STALE_NON_AUTHORITATIVE_NOT_REGENERATED,,,
Kamilla Rakhimova,All,47,47,Stable Sample,Raw Match Log Aggregate,0.46808510638297873,0.46808510638297873,11.521739130434783,22.95744680851064,0.6337209302325582,0.3941747572815534,0.5738723404255319,0.6166170212765958,0.4462340425531915,0.5440121213218651310708918062,reconstructed_from_serve_components,2.918918918918919,5.319148936170213,8.51063829787234,0.525,0.5100502512562815,0.4514183404255319,,,,Fragile Serve Profile,Strong Return Profile,Creator Profile,Low Ace Profile,High DF Liability,Low-Data Separation Profile,Low-Data Resistance Profile,,,STALE_NON_AUTHORITATIVE_NOT_REGENERATED,,,
Kamilla Rakhimova,Hard,47,32,Stable Sample,Complete Profile,0.38095238095238093,0.4375,11.419354838709678,22.15625,0.649546827794562,0.4174174174174174,0.5695625,0.61571875,0.45503125,0.534,charting_raw_spw,2.7857142857142856,5.1875,8.75,0.525,0.5271317829457365,0.443,0.489,0.95,3.0,Fragile Serve Profile,Strong Return Profile,Creator Profile,Playable Ace Volume,High DF Liability,Break-and-Giveback Risk,Resistance / Set Extension,Return-Led Winner,Hard-Pressure,STALE_NON_AUTHORITATIVE_NOT_REGENERATED,,,
Kamilla Rakhimova,Grass,47,8,Stable Sample,Complete Profile,0.5,0.5,12.75,25.375,0.6633663366336634,0.35,0.572875,0.642625,0.4815,0.567,charting_raw_spw,3.8,5.5,8.0,0.53125,0.4603174603174603,0.443,0.506,1.02,4.3,Average Serve Profile,Average Return Profile,Creator Profile,Low Ace Profile,Elevated DF Risk,Backdoor Risk,Resistance / Set Extension,Return-Led Winner,Grass-Neutral,STALE_NON_AUTHORITATIVE_NOT_REGENERATED,,,
Karolina Muchova,All,37,37,Stable Sample,Raw Match Log Aggregate,0.7837837837837838,0.24324324324324326,11.194444444444445,20.16216216216216,0.7768817204301075,0.32791327913279134,0.6412972972972973,0.716135135135135,0.49889189189189187,0.6382093966398830324422790358,reconstructed_from_serve_components,4.32258064516129,2.206896551724138,7.4324324324324325,0.44,0.592964824120603,0.4378808648648649,,,,Stable Serve Profile,Low Return Profile,Balanced BP Profile,High Ace Upside,Clean DF Profile,Low-Data Separation Profile,Low-Data Resistance Profile,,,STALE_NON_AUTHORITATIVE_NOT_REGENERATED,,,
Karolina Muchova,Hard,37,15,Stable Sample,Complete Profile,0.7380952380952381,0.2,10.733333333333333,19.533333333333335,0.7808219178082192,0.32413793103448274,0.6434666666666666,0.7070000000000001,0.49993333333333334,0.622,charting_raw_spw,3.3636363636363638,2.0,8.266666666666667,0.3790322580645161,0.5428571428571428,0.429,0.522,1.14,8.5,Average Serve Profile,Low Return Profile,Balanced BP Profile,Playable Ace Volume,Clean DF Profile,Controlled Separator,Serve-Hold Resistance,Volatile Upside Player,Hard-Control,STALE_NON_AUTHORITATIVE_NOT_REGENERATED,,,
Karolina Muchova,Clay,37,9,Stable Sample,Complete Profile,0.6666666666666666,0.3333333333333333,10.88888888888889,21.0,0.6808510638297872,0.35789473684210527,0.6608888888888889,0.6419999999999999,0.4487777777777777,0.58,charting_raw_spw,3.75,2.2857142857142856,7.777777777777778,0.4857142857142857,0.6081081081081081,0.409,0.495,0.97,5.1,Average Serve Profile,Average Return Profile,Balanced BP Profile,Playable Ace Volume,Moderate DF Profile,Neutral Separation Profile,Resistance / Set Extension,Volatile Upside Player,Clay-Neutral,STALE_NON_AUTHORITATIVE_NOT_REGENERATED,,,
Karolina Muchova,Grass,37,13,Stable Sample,Complete Profile,0.7142857142857143,0.23076923076923078,12.0,20.307692307692307,0.8409090909090909,0.31007751937984496,0.6252307692307693,0.778,0.5323846153846155,0.636,charting_raw_spw,5.583333333333333,2.4,6.230769230769231,0.49382716049382713,0.6363636363636364,0.437,0.537,1.2,8.7,Elite Serve Profile,Low Return Profile,Balanced BP Profile,Grass Ace Boost,Moderate DF Profile,Controlled Separator,Stable Resistance,Volatile Upside Player,Grass-Control,STALE_NON_AUTHORITATIVE_NOT_REGENERATED,,,
Karolina Pliskova,All,53,53,Stable Sample,Raw Match Log Aggregate,0.6153846153846154,0.3584905660377358,10.884615384615385,22.423076923076923,0.6620450606585788,0.3184931506849315,0.6551509433962265,0.6536037735849056,0.3994905660377359,0.5659730736917052327662157351,reconstructed_from_serve_components,3.423076923076923,6.113207547169812,7.415094339622642,0.4732824427480916,0.5475638051044084,0.4109195283018868,,,,Serve Liability,Low Return Profile,Balanced BP Profile,Playable Ace Volume,High DF Liability,Low-Data Separation Profile,Low-Data Resistance Profile,,,STALE_NON_AUTHORITATIVE_NOT_REGENERATED,,,
Karolina Pliskova,Hard,53,18,Stable Sample,Complete Profile,0.5714285714285714,0.2777777777777778,10.058823529411764,21.235294117647058,0.6195652173913043,0.31891891891891894,0.6505555555555556,0.6228333333333333,0.3906111111111111,0.575,charting_raw_spw,4.235294117647059,5.777777777777778,7.333333333333333,0.44696969696969696,0.554140127388535,0.424,0.503,1,2.0,Serve Liability,Low Return Profile,Balanced BP Profile,High Ace Upside,High DF Liability,Neutral Separation Profile,Volatile Resistance,Volatile Upside Player,Hard-Neutral,STALE_NON_AUTHORITATIVE_NOT_REGENERATED,,,
Karolina Pliskova,Clay,53,22,Stable Sample,Complete Profile,0.75,0.5,11.5,23.727272727272727,0.6692913385826772,0.3204633204633205,0.6662727272727272,0.6619545454545454,0.3857272727272727,0.595,charting_raw_spw,2.772727272727273,6.363636363636363,7.863636363636363,0.4797687861271676,0.5555555555555556,0.416,0.505,1.03,3.9,Serve Liability,Low Return Profile,Balanced BP Profile,Playable Ace Volume,High DF Liability,Backdoor Risk,Resistance / Set Extension,Volatile Upside Player,Clay-Neutral,STALE_NON_AUTHORITATIVE_NOT_REGENERATED,,,
Karolina Pliskova,Grass,53,13,Stable Sample,Complete Profile,0.7142857142857143,0.23076923076923078,10.923076923076923,21.76923076923077,0.7050359712230215,0.3142857142857143,0.6426923076923078,0.6820769230769231,0.4350769230769231,0.582,charting_raw_spw,3.4615384615384617,6.153846153846154,6.769230769230769,0.5,0.5176470588235295,0.426,0.504,1.02,3.9,Fragile Serve Profile,Low Return Profile,Balanced BP Profile,Grass Ace Boost,High DF Liability,Neutral Separation Profile,Serve-Hold Resistance,Volatile Upside Player,Grass-Neutral,STALE_NON_AUTHORITATIVE_NOT_REGENERATED,,,
Katarzyna Kawa,All,43,43,Stable Sample,Raw Match Log Aggregate,0.5116279069767442,0.3023255813953488,10.023255813953488,20.488372093023255,0.5787037037037037,0.41043083900226757,0.5485348837209302,0.604,0.43979069767441864,0.5298652282314764843820227150,reconstructed_from_serve_components,2.303030303030303,3.511627906976744,8.534883720930232,0.49318801089918257,0.5223097112860893,0.4588375581395349,,,,Serve Liability,Strong Return Profile,Creator Profile,Low Ace Profile,Elevated DF Risk,Low-Data Separation Profile,Low-Data Resistance Profile,,,STALE_NON_AUTHORITATIVE_NOT_REGENERATED,,,
Katarzyna Kawa,Hard,43,16,Stable Sample,Complete Profile,0.25,0.4375,8.9375,21.9375,0.49710982658959535,0.32571428571428573,0.5391874999999999,0.591125,0.36418750000000005,0.518,charting_raw_spw,3.090909090909091,4.4375,7.25,0.49137931034482757,0.5396825396825397,0.44,0.48,0.91,1.0,Serve Liability,Low Return Profile,Balanced BP Profile,Low Ace Profile,Elevated DF Risk,Backdoor Risk,Resistance / Set Extension,Return-Led Winner,Hard-Liability,STALE_NON_AUTHORITATIVE_NOT_REGENERATED,,,
Katarzyna Kawa,Clay,43,27,Stable Sample,Complete Profile,0.5,0.2222222222222222,10.666666666666666,19.62962962962963,0.6332046332046332,0.46616541353383456,0.554074074074074,0.6116296296296296,0.48459259259259263,0.57,charting_raw_spw,1.9090909090909092,2.962962962962963,9.296296296296296,0.4940239043824701,0.5052083333333334,0.478,0.525,1.11,6.5,Fragile Serve Profile,Elite Return Profile,Creator Profile,Low Ace Profile,Elevated DF Risk,Break-and-Giveback Risk,Neutral Resistance Profile,Return-Led Winner,Clay-Pressure,STALE_NON_AUTHORITATIVE_NOT_REGENERATED,,,
Katarzyna Kawa,Grass,43,0,No Surface Data,No Surface Match Sample,No Surface W/L,,,,,,,,,,missing_service_components,,,,,,,,,,No Surface Data,No Surface Data,No Surface Data,No Surface Data,No Surface Data,No Surface Data,No Surface Data,,,STALE_NON_AUTHORITATIVE_NOT_REGENERATED,,,
Katerina Siniakova,All,31,31,Stable Sample,Raw Match Log Aggregate,0.5483870967741935,0.3225806451612903,11.419354838709678,21.870967741935484,0.6755952380952381,0.37797619047619047,0.6090645161290322,0.6599032258064516,0.4673225806451613,0.5846166181061394228275754422,reconstructed_from_serve_components,2.782608695652174,4.666666666666667,9.483870967741936,0.43197278911564624,0.5807692307692308,0.4455284193548387,,,,Average Serve Profile,Average Return Profile,Creator Profile,Low Ace Profile,Elevated DF Risk,Low-Data Separation Profile,Low-Data Resistance Profile,,,STALE_NON_AUTHORITATIVE_NOT_REGENERATED,,,
Katerina Siniakova,Hard,31,14,Stable Sample,Complete Profile,0.5384615384615384,0.42857142857142855,10.928571428571429,21.571428571428573,0.6357615894039735,0.37748344370860926,0.6065,0.6346428571428572,0.4433571428571429,0.563,charting_raw_spw,2.3636363636363638,5.142857142857143,10.285714285714286,0.3958333333333333,0.5736434108527132,0.448,0.506,1.03,4.7,Fragile Serve Profile,Average Return Profile,Balanced BP Profile,Low Ace Profile,High DF Liability,Backdoor Risk,Resistance / Set Extension,Return-Led Winner,Hard-Pressure,STALE_NON_AUTHORITATIVE_NOT_REGENERATED,,,
Katerina Siniakova,Clay,31,8,Stable Sample,Complete Profile,0.4444444444444444,0.375,12.75,24.0,0.6808510638297872,0.40425531914893614,0.61275,0.63775,0.506625,0.561,charting_raw_spw,2.75,5.142857142857143,9.75,0.48717948717948717,0.6511627906976745,0.472,0.517,1.08,8.1,Average Serve Profile,Strong Return Profile,Creator Profile,Low Ace Profile,Elevated DF Risk,Neutral Separation Profile,Resistance / Set Extension,Balanced Winner,Clay-Control,STALE_NON_AUTHORITATIVE_NOT_REGENERATED,,,
Katerina Siniakova,Grass,31,9,Stable Sample,Complete Profile,0.42857142857142855,0.1111111111111111,11.0,20.444444444444443,0.7362637362637363,0.3516483516483517,0.6097777777777778,0.7188888888888889,0.4696666666666667,0.579,charting_raw_spw,3.375,3.5555555555555554,8.0,0.4444444444444444,0.4666666666666667,0.394,0.488,0.94,4.4,Average Serve Profile,Average Return Profile,Creator Profile,Playable Ace Volume,Elevated DF Risk,Neutral Separation Profile,Serve-Hold Resistance,Volatile Upside Player,Grass-Neutral,STALE_NON_AUTHORITATIVE_NOT_REGENERATED,,,
Katherine Sebov,All,1,1,Low Surface Data,Raw Match Log Aggregate,0.0,0.0,6.0,19.0,0.3333333333333333,0.3333333333333333,0.68,0.44,0.39,0.4240,reconstructed_from_serve_components,0.0,6.0,5.0,0.6,0.14285714285714285,0.39199999999999996,,,,Serve Liability,Average Return Profile,Balanced BP Profile,Low Ace Profile,High DF Liability,Low-Data Separation Profile,Low-Data Resistance Profile,,,STALE_NON_AUTHORITATIVE_NOT_REGENERATED,,,
Katie Boulter,All,42,42,Stable Sample,Raw Match Log Aggregate,0.5853658536585366,0.4523809523809524,12.024390243902438,23.48780487804878,0.6981132075471698,0.34368530020703936,0.5914285714285714,0.6894285714285714,0.44076190476190474,0.5878304761904761575238095238,reconstructed_from_serve_components,3.411764705882353,6.048780487804878,8.69047619047619,0.4547945205479452,0.5428571428571428,0.4405760476190477,,,,Average Serve Profile,Average Return Profile,Creator Profile,Playable Ace Volume,High DF Liability,Low-Data Separation Profile,Low-Data Resistance Profile,,,STALE_NON_AUTHORITATIVE_NOT_REGENERATED,,,
Katie Boulter,Hard,42,22,Stable Sample,Complete Profile,0.5,0.36363636363636365,11.857142857142858,22.38095238095238,0.7051282051282052,0.37656903765690375,0.5738636363636364,0.6898181818181819,0.4742727272727273,0.559,charting_raw_spw,3.1333333333333333,5.523809523809524,8.681818181818182,0.4712041884816754,0.5208333333333334,0.447,0.501,1.01,5.0,Average Serve Profile,Average Return Profile,Creator Profile,Opponent-Dependent Ace Profile,High DF Liability,Neutral Separation Profile,Resistance / Set Extension,Volatile Upside Player,Hard-Pressure,STALE_NON_AUTHORITATIVE_NOT_REGENERATED,,,
Katie Boulter,Clay,42,11,Stable Sample,Complete Profile,0.4444444444444444,0.45454545454545453,12.181818181818182,24.454545454545453,0.6541353383458647,0.3560606060606061,0.615909090909091,0.653,0.4152727272727273,0.557,charting_raw_spw,4.2,5.2727272727272725,10.272727272727273,0.415929203539823,0.5490196078431373,0.448,0.502,1.01,5.1,Fragile Serve Profile,Average Return Profile,Creator Profile,Playable Ace Volume,Elevated DF Risk,Backdoor Risk,Resistance / Set Extension,Volatile Upside Player,Clay-Neutral,STALE_NON_AUTHORITATIVE_NOT_REGENERATED,,,
Katie Boulter,Grass,42,9,Stable Sample,Complete Profile,0.6363636363636364,0.6666666666666666,12.222222222222221,24.88888888888889,0.7363636363636363,0.25892857142857145,0.6044444444444445,0.7330000000000001,0.39,0.586,charting_raw_spw,3.0,8.222222222222221,6.777777777777778,0.47540983606557374,0.5797101449275363,0.394,0.493,0.95,2.8,Serve Liability,Weak Return Profile,Balanced BP Profile,Grass Ace Boost,High DF Liability,Neutral Separation Profile,Resistance / Set Extension,Volatile Upside Player,Grass-Neutral,STALE_NON_AUTHORITATIVE_NOT_REGENERATED,,,
Katie Swan,All,9,9,Stable Sample,Raw Match Log Aggregate,0.75,0.2222222222222222,11.0,20.25,0.8059701492537313,0.25757575757575757,0.6728571428571429,0.6957142857142857,0.5471428571428572,0.6471102040816326685102040816,reconstructed_from_serve_components,4.142857142857143,2.0,5.571428571428571,0.38461538461538464,0.6904761904761905,0.40816714285714284,,,,Elite Serve Profile,Weak Return Profile,Balanced BP Profile,High Ace Upside,Moderate DF Profile,Low-Data Separation Profile,Low-Data Resistance Profile,,,STALE_NON_AUTHORITATIVE_NOT_REGENERATED,,,
Katie Swan,Hard,9,5,Usable / Thin,Complete Profile,0.6875,0.2,10.0,19.8,0.78125,0.15625,0.66,0.69,0.54,0.595,charting_raw_spw,3.6666666666666665,1.0,3.6666666666666665,0.45454545454545453,0.6956521739130435,0.493,0.542,1.22,7.5,Elite Serve Profile,Weak Return Profile,Balanced BP Profile,Playable Ace Volume,Clean DF Profile,Serve-Led Separator,Serve-Hold Resistance,Volatile Upside Player,Hard-Control,STALE_NON_AUTHORITATIVE_NOT_REGENERATED,,,
Katie Swan,Grass,9,4,Usable / Thin,Low Surface Sample,0.6,0.25,12.5,21.0,0.8285714285714286,0.35294117647058826,0.6825,0.7,0.5525,0.609,charting_raw_spw,4.5,2.75,7.0,0.35714285714285715,0.6842105263157895,0.42,0.505,1.07,7.5,Stable Serve Profile,Average Return Profile,Balanced BP Profile,Grass Ace Boost,Elevated DF Risk,Neutral Separation Profile,Serve-Hold Resistance,Volatile Upside Player,Grass-Control,STALE_NON_AUTHORITATIVE_NOT_REGENERATED,,,
Katie Volynets,All,42,42,Stable Sample,Raw Match Log Aggregate,0.6190476190476191,0.30952380952380953,11.414634146341463,21.19047619047619,0.6373873873873874,0.4321266968325792,0.7504285714285714,0.5997142857142858,0.4586190476190476,0.5645009455782313480544217687,reconstructed_from_serve_components,2.5714285714285716,1.8275862068965518,9.428571428571429,0.4823232323232323,0.5091463414634146,0.48741147619047615,,,,Fragile Serve Profile,Elite Return Profile,Creator Profile,Low Ace Profile,Clean DF Profile,Low-Data Separation Profile,Low-Data Resistance Profile,,,STALE_NON_AUTHORITATIVE_NOT_REGENERATED,,,
Katie Volynets,Hard,42,23,Stable Sample,Complete Profile,0.3684210526315789,0.21739130434782608,11.318181818181818,20.304347826086957,0.6567796610169492,0.43103448275862066,0.7554782608695652,0.6143913043478261,0.4273913043478261,0.538,charting_raw_spw,2.466666666666667,1.875,8.91304347826087,0.4878048780487805,0.5120481927710844,0.434,0.487,0.94,6.4,Fragile Serve Profile,Strong Return Profile,Creator Profile,Low Ace Profile,Moderate DF Profile,Break-and-Giveback Risk,Neutral Resistance Profile,Return-Led Winner,Hard-Pressure,STALE_NON_AUTHORITATIVE_NOT_REGENERATED,,,
Katie Volynets,Clay,42,10,Stable Sample,Complete Profile,0.2857142857142857,0.4,11.5,21.0,0.5714285714285714,0.5288461538461539,0.7386,0.5611,0.5405,0.519,charting_raw_spw,1.6666666666666667,2.1666666666666665,10.9,0.5045871559633027,0.4578313253012048,0.446,0.483,0.93,3.9,Serve Liability,Elite Return Profile,Strong Creator / Weak Survivor,Low Ace Profile,Clean DF Profile,Break-and-Giveback Risk,Volatile Resistance,Return-Led Winner,Clay-Pressure,STALE_NON_AUTHORITATIVE_NOT_REGENERATED,,,
Katie Volynets,Grass,42,9,Stable Sample,Complete Profile,0.25,0.4444444444444444,11.555555555555555,23.666666666666668,0.6601941747572816,0.33962264150943394,0.7506666666666666,0.6051111111111112,0.4474444444444444,0.507,charting_raw_spw,3.5714285714285716,1.4285714285714286,9.11111111111111,0.43902439024390244,0.5569620253164557,0.434,0.47,0.88,3.7,Average Serve Profile,Average Return Profile,Creator Profile,Playable Ace Volume,Moderate DF Profile,Backdoor Risk,Resistance / Set Extension,Return-Led Winner,Grass-Neutral,STALE_NON_AUTHORITATIVE_NOT_REGENERATED,,,
Katrina Scott,All,2,2,Low Surface Data,Raw Match Log Aggregate,0.0,0.0,5.5,17.5,0.5294117647058824,0.1111111111111111,0.69,0.525,0.455,0.50330,reconstructed_from_serve_components,0.0,2.0,2.0,0.5,0.5555555555555556,0.29845,,,,Serve Liability,Weak Return Profile,Balanced BP Profile,Low Ace Profile,Moderate DF Profile,Low-Data Separation Profile,Low-Data Resistance Profile,,,STALE_NON_AUTHORITATIVE_NOT_REGENERATED,,,
Kayla Cross,All,5,5,Usable / Thin,Raw Match Log Aggregate,0.4,0.0,8.6,21.8,0.6326530612244898,0.23529411764705882,0.56,0.606,0.44799999999999995,0.5364799999999999780,reconstructed_from_serve_components,2.6,4.0,7.6,0.3157894736842105,0.5714285714285714,0.39626,,,,Fragile Serve Profile,Weak Return Profile,Balanced BP Profile,Playable Ace Volume,Elevated DF Risk,Low-Data Separation Profile,Low-Data Resistance Profile,,,STALE_NON_AUTHORITATIVE_NOT_REGENERATED,,,
Kayla Cross,Hard,5,5,Usable / Thin,Complete Profile,0.6666666666666666,0.0,8.6,21.8,0.6326530612244898,0.23529411764705882,0.56,0.606,0.44799999999999995,0.556,charting_raw_spw,2.6,4.0,7.6,0.3157894736842105,0.5714285714285714,0.465,0.51,1.05,4.1,Fragile Serve Profile,Weak Return Profile,Balanced BP Profile,Playable Ace Volume,Elevated DF Risk,Backdoor Risk,Volatile Resistance,Volatile Upside Player,Hard-Neutral,STALE_NON_AUTHORITATIVE_NOT_REGENERATED,,,
Kayla Day,All,49,49,Stable Sample,Raw Match Log Aggregate,0.6122448979591837,0.2857142857142857,11.333333333333334,21.346938775510203,0.6965065502183406,0.35201793721973096,0.6321666666666667,0.666047619047619,0.519095238095238,0.6119936349206348603984126984,reconstructed_from_serve_components,5.333333333333333,3.4473684210526314,7.224489795918367,0.4322033898305085,0.6011904761904762,0.44076076190476193,,,,Average Serve Profile,Average Return Profile,Balanced BP Profile,High Ace Upside,Moderate DF Profile,Low-Data Separation Profile,Low-Data Resistance Profile,,,STALE_NON_AUTHORITATIVE_NOT_REGENERATED,,,
Kayla Day,Hard,49,37,Stable Sample,Complete Profile,0.25925925925925924,0.32432432432432434,11.2,21.43243243243243,0.6607142857142857,0.35294117647058826,0.6179333333333333,0.6512666666666667,0.5186999999999999,0.556,charting_raw_spw,5.9,3.5517241379310347,6.972972972972973,0.4263565891472868,0.5823754789272031,0.372,0.466,0.84,3.4,Average Serve Profile,Low Return Profile,Balanced BP Profile,High Ace Upside,Elevated DF Risk,Backdoor Risk,Resistance / Set Extension,Volatile Upside Player,Hard-Neutral,STALE_NON_AUTHORITATIVE_NOT_REGENERATED,,,
Kayla Day,Grass,49,6,Stable Sample,Complete Profile,0.0,0.0,10.166666666666666,19.166666666666668,0.7592592592592593,0.35714285714285715,0.6843333333333333,0.6920000000000001,0.5015,0.596,charting_raw_spw,2.5,3.2,8.5,0.39215686274509803,0.6829268292682927,0.326,0.467,0.81,5.4,Stable Serve Profile,Weak Return Profile,Balanced BP Profile,Grass Ace Boost,Moderate DF Profile,Low Separation Profile,Serve-Hold Resistance,Volatile Upside Player,Grass-Pressure,STALE_NON_AUTHORITATIVE_NOT_REGENERATED,,,
Kimberly Birrell,All,37,37,Stable Sample,Raw Match Log Aggregate,0.4864864864864865,0.3783783783783784,11.405405405405405,22.72972972972973,0.6601466992665037,0.3671497584541063,0.640054054054054,0.6485405405405404,0.41410810810810816,0.5641575368882395069950036523,reconstructed_from_serve_components,3.0,5.444444444444445,8.756756756756756,0.4691358024691358,0.5736196319018405,0.44750318918918924,,,,Fragile Serve Profile,Average Return Profile,Creator Profile,Low Ace Profile,High DF Liability,Low-Data Separation Profile,Low-Data Resistance Profile,,,STALE_NON_AUTHORITATIVE_NOT_REGENERATED,,,
Kimberly Birrell,Hard,37,18,Stable Sample,Complete Profile,0.5,0.3888888888888889,11.555555555555555,23.0,0.6318407960199005,0.40298507462686567,0.6233888888888888,0.6345555555555555,0.4041666666666666,0.567,charting_raw_spw,2.7857142857142856,6.222222222222222,8.61111111111111,0.5225806451612903,0.5911602209944752,0.426,0.495,0.98,3.7,Fragile Serve Profile,Strong Return Profile,Creator Profile,Low Ace Profile,High DF Liability,Break-and-Giveback Risk,Resistance / Set Extension,Return-Led Winner,Hard-Pressure,STALE_NON_AUTHORITATIVE_NOT_REGENERATED,,,
Kimberly Birrell,Clay,37,5,Usable / Thin,Complete Profile,0.3333333333333333,0.6,11.0,23.8,0.5789473684210527,0.36666666666666664,0.6694,0.5876,0.39160000000000006,0.473,charting_raw_spw,1.75,6.75,9.6,0.4583333333333333,0.38461538461538464,0.512,0.494,0.97,1.6,Serve Liability,Average Return Profile,Creator Profile,Low Ace Profile,High DF Liability,Backdoor Risk,Resistance / Set Extension,Return-Led Winner,Clay-Neutral,STALE_NON_AUTHORITATIVE_NOT_REGENERATED,,,
Kimberly Birrell,Grass,37,14,Stable Sample,Complete Profile,0.2857142857142857,0.2857142857142857,11.357142857142858,22.0,0.7284768211920529,0.3202614379084967,0.6509999999999999,0.6882857142857144,0.4349285714285714,0.581,charting_raw_spw,3.727272727272727,4.071428571428571,8.642857142857142,0.4049586776859504,0.6132075471698113,0.374,0.474,0.89,3.4,Fragile Serve Profile,Low Return Profile,Creator Profile,Playable Ace Volume,Elevated DF Risk,Low Separation Profile,Serve-Hold Resistance,Volatile Upside Player,Grass-Neutral,STALE_NON_AUTHORITATIVE_NOT_REGENERATED,,,
Knutson G.,All,6,6,Stable Sample,Raw Match Log Aggregate,0.5,0.5,10.666666666666666,21.833333333333332,0.676923076923077,0.30303030303030304,0.578,0.648,0.4182,0.5510244,reconstructed_from_serve_components,1.8,4.4,7.166666666666667,0.3953488372093023,0.574468085106383,0.41684,,,,Fragile Serve Profile,Low Return Profile,Balanced BP Profile,Opponent-Dependent Ace Profile,Elevated DF Risk,Low-Data Separation Profile,Low-Data Resistance Profile,,,STALE_NON_AUTHORITATIVE_NOT_REGENERATED,,,
Kristina Liutova,All,7,7,Stable Sample,Raw Match Log Aggregate,0.8333333333333334,0.2857142857142857,12.0,21.166666666666668,0.6612903225806451,0.3114754098360656,0.568,0.7020000000000001,0.424,0.5819040000000000568,reconstructed_from_serve_components,4.0,7.2,8.4,0.42857142857142855,0.62,0.40814000000000006,,,,Fragile Serve Profile,Low Return Profile,Creator Profile,Playable Ace Volume,High DF Liability,Low-Data Separation Profile,Low-Data Resistance Profile,,,STALE_NON_AUTHORITATIVE_NOT_REGENERATED,,,
Kristina Liutova,Hard,7,7,Stable Sample,Charting Raw Missing,No Surface W/L,0.2857142857142857,12.0,21.166666666666668,0.6612903225806451,0.3114754098360656,0.568,0.7020000000000001,0.424,0.5819040000000000568,reconstructed_from_serve_components,4.0,7.2,8.4,0.42857142857142855,0.62,0.40814000000000006,,,,Fragile Serve Profile,Low Return Profile,Creator Profile,Playable Ace Volume,High DF Liability,Low-Data Separation Profile,Low-Data Resistance Profile,,,STALE_NON_AUTHORITATIVE_NOT_REGENERATED,,,
Kristina Liutova,Clay,7,0,No Surface Data,Charting Raw Missing,No Surface W/L,,,,,,,,,,missing_service_components,,,,,,,,,,No Surface Data,No Surface Data,No Surface Data,No Surface Data,No Surface Data,No Surface Data,No Surface Data,,,STALE_NON_AUTHORITATIVE_NOT_REGENERATED,,,
Kristina Liutova,Grass,7,0,No Surface Data,Charting Raw Missing,No Surface W/L,,,,,,,,,,missing_service_components,,,,,,,,,,No Surface Data,No Surface Data,No Surface Data,No Surface Data,No Surface Data,No Surface Data,No Surface Data,,,STALE_NON_AUTHORITATIVE_NOT_REGENERATED,,,
Kurt I.,All,2,2,Low Surface Data,Raw Match Log Aggregate,0.0,1.0,11.0,26.0,0.6153846153846154,0.21428571428571427,0.58,0.63,0.43,0.5460,reconstructed_from_serve_components,4.0,7.0,5.0,0.6,0.5833333333333334,0.4088,,,,Fragile Serve Profile,Weak Return Profile,Balanced BP Profile,Playable Ace Volume,High DF Liability,Low-Data Separation Profile,Low-Data Resistance Profile,,,STALE_NON_AUTHORITATIVE_NOT_REGENERATED,,,
Kyoka Okamura,All,2,2,Low Surface Data,Raw Match Log Aggregate,0.0,0.0,7.0,19.0,0.4444444444444444,0.3,0.63,0.66,0.24,0.5046,reconstructed_from_serve_components,4.0,3.0,7.0,0.42857142857142855,0.2857142857142857,0.44720000000000004,,,,Serve Liability,Low Return Profile,Balanced BP Profile,High Ace Upside,Elevated DF Risk,Low-Data Separation Profile,Low-Data Resistance Profile,,,STALE_NON_AUTHORITATIVE_NOT_REGENERATED,,,
Lanlana Tararudee,All,47,47,Stable Sample,Raw Match Log Aggregate,0.7021276595744681,0.3617021276595745,12.3,22.361702127659573,0.7070484581497798,0.3877551020408163,0.60405,0.6730750000000001,0.48285000000000006,0.5977554112500000841620,reconstructed_from_serve_components,3.2,4.083333333333333,7.9361702127659575,0.4584450402144772,0.5817610062893082,0.459560175,,,,Average Serve Profile,Strong Return Profile,Balanced BP Profile,Playable Ace Volume,Elevated DF Risk,Low-Data Separation Profile,Low-Data Resistance Profile,,,STALE_NON_AUTHORITATIVE_NOT_REGENERATED,,,
Lanlana Tararudee,Hard,47,33,Stable Sample,Complete Profile,0.5454545454545454,0.36363636363636365,12.923076923076923,22.151515151515152,0.7364864864864865,0.41403508771929826,0.585076923076923,0.6927692307692308,0.4932692307692308,0.558,charting_raw_spw,3.6818181818181817,4.478260869565218,8.030303030303031,0.44528301886792454,0.6213592233009708,0.452,0.504,1.02,7.5,Stable Serve Profile,Strong Return Profile,Creator Profile,Playable Ace Volume,Elevated DF Risk,Neutral Separation Profile,Resistance / Set Extension,Volatile Upside Player,Hard-Pressure,STALE_NON_AUTHORITATIVE_NOT_REGENERATED,,,
Lanlana Tararudee,Grass,47,8,Stable Sample,Complete Profile,0.5,0.25,10.625,23.0,0.7,0.24719101123595505,0.629875,0.6552500000000001,0.47574999999999995,0.638,charting_raw_spw,2.625,3.142857142857143,5.875,0.46808510638297873,0.4,0.351,0.492,0.97,2.3,Average Serve Profile,Weak Return Profile,Balanced BP Profile,Grass Ace Boost,Moderate DF Profile,Neutral Separation Profile,Serve-Hold Resistance,Serve-Led Winner,Grass-Neutral,STALE_NON_AUTHORITATIVE_NOT_REGENERATED,,,
Laura Samson,All,41,41,Stable Sample,Raw Match Log Aggregate,0.4878048780487805,0.2926829268292683,9.346153846153847,21.24390243902439,0.5433070866141733,0.40229885057471265,0.5652307692307692,0.5917307692307692,0.4295384615384615,0.5212145443786981857479289941,reconstructed_from_serve_components,2.1904761904761907,5.038461538461538,5.439024390243903,0.47085201793721976,0.5063829787234042,0.45045134615384613,,,,Serve Liability,Strong Return Profile,Balanced BP Profile,Low Ace Profile,High DF Liability,Low-Data Separation Profile,Low-Data Resistance Profile,,,STALE_NON_AUTHORITATIVE_NOT_REGENERATED,,,
Laura Samson,Hard,41,18,Stable Sample,Complete Profile,0.0,0.2777777777777778,7.222222222222222,20.77777777777778,0.44871794871794873,0.38461538461538464,0.5767777777777777,0.5757777777777778,0.3674444444444444,0.446,charting_raw_spw,2.111111111111111,5.444444444444445,3.0555555555555554,0.5454545454545454,0.4266666666666667,0.446,0.446,0.81,1.0,Serve Liability,Strong Return Profile,Low Pressure / Weak Survivor,Playable Ace Volume,High DF Liability,Break-and-Giveback Risk,Collapse Risk,Return-Led Winner,Hard-Pressure,STALE_NON_AUTHORITATIVE_NOT_REGENERATED,,,
Laura Samson,Clay,41,22,Stable Sample,Complete Profile,0.875,0.3181818181818182,10.470588235294118,21.727272727272727,0.5852272727272727,0.4098360655737705,0.5591176470588235,0.6001764705882353,0.46241176470588236,0.576,charting_raw_spw,2.25,4.823529411764706,7.636363636363637,0.44642857142857145,0.54375,0.527,0.551,1.24,6.7,Fragile Serve Profile,Strong Return Profile,Balanced BP Profile,Low Ace Profile,High DF Liability,Break-and-Giveback Risk,Resistance / Set Extension,Return-Led Winner,Clay-Neutral,STALE_NON_AUTHORITATIVE_NOT_REGENERATED,,,
Laura Samson,Grass,41,1,Low Surface Data,Core Profile Stats Missing,No Surface W/L,0.0,,19.0,,,,,,,missing_service_components,,,0.0,,,,,,,Low-Data Serve Profile,Low-Data Return Profile,Low-Data BP Profile,Low-Data Ace Profile,Low-Data DF Profile,Low-Data Separation Profile,Low-Data Resistance Profile,,,STALE_NON_AUTHORITATIVE_NOT_REGENERATED,,,
Laura Siegemund,All,30,30,Stable Sample,Raw Match Log Aggregate,0.5,0.4,11.3,23.033333333333335,0.655786350148368,0.34502923976608185,0.7408666666666666,0.5994,0.45519999999999994,0.5620329733333333081720000000,reconstructed_from_serve_components,1.8888888888888888,3.0,8.6,0.4573643410852713,0.5671641791044776,0.43802833333333335,,,,Fragile Serve Profile,Average Return Profile,Creator Profile,Low Ace Profile,Moderate DF Profile,Low-Data Separation Profile,Low-Data Resistance Profile,,,STALE_NON_AUTHORITATIVE_NOT_REGENERATED,,,
Laura Siegemund,Hard,30,13,Stable Sample,Complete Profile,0.45,0.5384615384615384,11.692307692307692,25.307692307692307,0.63125,0.3148148148148148,0.7299230769230769,0.5795384615384616,0.46715384615384614,0.55,charting_raw_spw,1.9,3.6666666666666665,9.384615384615385,0.4180327868852459,0.553030303030303,0.43,0.489,0.95,2.1,Fragile Serve Profile,Low Return Profile,Creator Profile,Low Ace Profile,Moderate DF Profile,Backdoor Risk,Resistance / Set Extension,Return-Led Winner,Hard-Neutral,STALE_NON_AUTHORITATIVE_NOT_REGENERATED,,,
Laura Siegemund,Clay,30,8,Stable Sample,Complete Profile,0.5,0.375,11.125,22.375,0.6206896551724138,0.39325842696629215,0.744375,0.5715,0.45475,0.538,charting_raw_spw,1.8,2.7142857142857144,8.75,0.5,0.6162790697674418,0.473,0.506,1.02,5.8,Fragile Serve Profile,Strong Return Profile,Creator Profile,Low Ace Profile,Moderate DF Profile,Break-and-Giveback Risk,Resistance / Set Extension,Return-Led Winner,Clay-Neutral,STALE_NON_AUTHORITATIVE_NOT_REGENERATED,,,
Laura Siegemund,Grass,30,9,Stable Sample,Complete Profile,0.5555555555555556,0.2222222222222222,10.88888888888889,20.333333333333332,0.7333333333333333,0.3516483516483517,0.7535555555555555,0.652888888888889,0.43833333333333335,0.59,charting_raw_spw,2.0,2.142857142857143,7.333333333333333,0.48484848484848486,0.52,0.431,0.51,1.05,8.6,Fragile Serve Profile,Average Return Profile,Balanced BP Profile,Low Ace Profile,Moderate DF Profile,Controlled Separator,Serve-Hold Resistance,Return-Led Winner,Grass-Control,STALE_NON_AUTHORITATIVE_NOT_REGENERATED,,,
Leolia Jeanjean,All,44,44,Stable Sample,Raw Match Log Aggregate,0.5909090909090909,0.4318181818181818,11.916666666666666,23.34090909090909,0.6727272727272727,0.3114754098360656,0.5727777777777778,0.6483888888888889,0.46358333333333335,0.5694358487654321163567901235,reconstructed_from_serve_components,3.6666666666666665,5.361111111111111,7.159090909090909,0.4158730158730159,0.6016949152542372,0.4356521666666667,,,,Average Serve Profile,Low Return Profile,Balanced BP Profile,Playable Ace Volume,Elevated DF Risk,Low-Data Separation Profile,Low-Data Resistance Profile,,,STALE_NON_AUTHORITATIVE_NOT_REGENERATED,,,
Leolia Jeanjean,Hard,44,27,Stable Sample,Complete Profile,0.0,0.37037037037037035,11.31578947368421,22.296296296296298,0.6447368421052632,0.30493273542600896,0.5565263157894738,0.6344736842105263,0.46189473684210525,0.505,charting_raw_spw,3.6470588235294117,6.0,5.888888888888889,0.41509433962264153,0.5873015873015873,0.365,0.432,0.74,1.2,Fragile Serve Profile,Low Return Profile,Balanced BP Profile,Playable Ace Volume,High DF Liability,Backdoor Risk,Resistance / Set Extension,Volatile Upside Player,Hard-Resistance,STALE_NON_AUTHORITATIVE_NOT_REGENERATED,,,
Leolia Jeanjean,Grass,44,4,Usable / Thin,Low Surface Sample,0.5,0.5,14.0,24.0,0.7959183673469388,0.3695652173913043,0.5245000000000001,0.7175,0.58275,0.555,charting_raw_spw,4.0,4.0,9.25,0.4594594594594595,0.6428571428571429,0.435,0.492,0.98,6.8,Stable Serve Profile,Average Return Profile,Creator Profile,Playable Ace Volume,Elevated DF Risk,Neutral Separation Profile,Resistance / Set Extension,Volatile Upside Player,Grass-Pressure,STALE_NON_AUTHORITATIVE_NOT_REGENERATED,,,
Leylah Fernandez,All,48,48,Stable Sample,Raw Match Log Aggregate,0.5208333333333334,0.25,11.08695652173913,21.104166666666668,0.7352342158859471,0.3104166666666667,0.6148913043478261,0.6687826086956522,0.48452173913043484,0.5978221455576559951773156900,reconstructed_from_serve_components,3.1842105263157894,4.586956521739131,7.1521739130434785,0.45288753799392095,0.6388888888888888,0.416568,,,,Stable Serve Profile,Low Return Profile,Balanced BP Profile,Playable Ace Volume,Elevated DF Risk,Low-Data Separation Profile,Low-Data Resistance Profile,,,STALE_NON_AUTHORITATIVE_NOT_REGENERATED,,,
Leylah Fernandez,Hard,48,28,Stable Sample,Complete Profile,0.5675675675675675,0.25,10.692307692307692,20.5,0.7236363636363636,0.2958801498127341,0.5996923076923077,0.6707307692307692,0.4804615384615385,0.608,charting_raw_spw,3.3043478260869565,4.538461538461538,6.8076923076923075,0.4463276836158192,0.6292682926829268,0.416,0.51,1.06,7.3,Stable Serve Profile,Low Return Profile,Balanced BP Profile,Playable Ace Volume,Elevated DF Risk,Serve-Led Separator,Serve-Hold Resistance,Volatile Upside Player,Hard-Control,STALE_NON_AUTHORITATIVE_NOT_REGENERATED,,,
Leylah Fernandez,Clay,48,13,Stable Sample,Complete Profile,0.5714285714285714,0.3076923076923077,11.76923076923077,22.0,0.7375886524822695,0.35,0.6406153846153846,0.6582307692307693,0.4753076923076923,0.589,charting_raw_spw,3.111111111111111,5.230769230769231,8.461538461538462,0.44545454545454544,0.6666666666666666,0.434,0.513,1.06,7.6,Stable Serve Profile,Average Return Profile,Creator Profile,Opponent-Dependent Ace Profile,High DF Liability,Controlled Separator,Resistance / Set Extension,Balanced Winner,Clay-Control,STALE_NON_AUTHORITATIVE_NOT_REGENERATED,,,
Leylah Fernandez,Grass,48,7,Stable Sample,Complete Profile,0.4444444444444444,0.14285714285714285,11.285714285714286,21.857142857142858,0.7733333333333333,0.2876712328767123,0.6235714285714286,0.6811428571428572,0.5167142857142857,0.611,charting_raw_spw,2.8333333333333335,3.5714285714285716,6.0,0.5,0.6136363636363636,0.407,0.511,1.05,7.0,Stable Serve Profile,Low Return Profile,Balanced BP Profile,Grass Ace Boost,Elevated DF Risk,Neutral Separation Profile,Serve-Hold Resistance,Volatile Upside Player,Grass-Control,STALE_NON_AUTHORITATIVE_NOT_REGENERATED,,,
Leyre Romero Gormaz,All,23,23,Stable Sample,Raw Match Log Aggregate,0.4782608695652174,0.391304347826087,10.173913043478262,21.043478260869566,0.5643153526970954,0.4083333333333333,0.5904347826086956,0.6173913043478261,0.41995652173913045,0.5365288846880907408729678639,reconstructed_from_serve_components,1.7272727272727273,4.608695652173913,9.869565217391305,0.43171806167400884,0.4473684210526316,0.47073043478260873,,,,Serve Liability,Strong Return Profile,Creator Profile,Opponent-Dependent Ace Profile,Pressure DF Risk,Low-Data Separation Profile,Low-Data Resistance Profile,,,STALE_NON_AUTHORITATIVE_NOT_REGENERATED,,,
Leyre Romero Gormaz,Clay,23,23,Stable Sample,Complete Profile,0.5909090909090909,0.391304347826087,10.173913043478262,21.043478260869566,0.5643153526970954,0.4083333333333333,0.5904347826086956,0.6173913043478261,0.41995652173913045,0.543,charting_raw_spw,1.7272727272727273,4.608695652173913,9.869565217391305,0.43171806167400884,0.4473684210526316,0.485,0.514,1.06,4.5,Serve Liability,Strong Return Profile,Creator Profile,Opponent-Dependent Ace Profile,Pressure DF Risk,Break-and-Giveback Risk,Collapse Risk,Volatile Upside Player,Clay-Neutral,STALE_NON_AUTHORITATIVE_NOT_REGENERATED,,,
Lia Karatancheva,All,1,1,Low Surface Data,Raw Match Log Aggregate,0.0,1.0,14.0,31.0,0.6666666666666666,0.25,0.59,0.63,0.44,0.5521,reconstructed_from_serve_components,1.0,3.0,8.0,0.5,0.5454545454545454,0.40440000000000004,,,,Average Serve Profile,Weak Return Profile,Creator Profile,Low Ace Profile,Moderate DF Profile,Low-Data Separation Profile,Low-Data Resistance Profile,,,STALE_NON_AUTHORITATIVE_NOT_REGENERATED,,,
Lilli Tagger,All,37,37,Stable Sample,Raw Match Log Aggregate,0.5945945945945946,0.21621621621621623,11.058823529411764,20.486486486486488,0.7106741573033708,0.3426183844011142,0.6741764705882352,0.6701470588235294,0.46244117647058824,0.6024715951557093166135640138,reconstructed_from_serve_components,4.32258064516129,3.193548387096774,7.5675675675675675,0.4392857142857143,0.5093457943925234,0.4399330882352941,,,,Average Serve Profile,Average Return Profile,Balanced BP Profile,High Ace Upside,Moderate DF Profile,Low-Data Separation Profile,Low-Data Resistance Profile,,,STALE_NON_AUTHORITATIVE_NOT_REGENERATED,,,
Lilli Tagger,Hard,37,24,Stable Sample,Complete Profile,0.7333333333333333,0.16666666666666666,11.142857142857142,19.541666666666668,0.7476635514018691,0.34418604651162793,0.661047619047619,0.6923333333333334,0.46823809523809523,0.608,charting_raw_spw,5.052631578947368,3.0,6.833333333333333,0.45121951219512196,0.5462184873949579,0.442,0.523,1.13,7.3,Average Serve Profile,Average Return Profile,Balanced BP Profile,High Ace Upside,Moderate DF Profile,Controlled Separator,Serve-Hold Resistance,Volatile Upside Player,Hard-Control,STALE_NON_AUTHORITATIVE_NOT_REGENERATED,,,
Lilli Tagger,Grass,37,1,Low Surface Data,Low Surface Sample,0.0,1.0,17.0,35.0,0.8235294117647058,0.17647058823529413,0.657,0.7829999999999999,0.43200000000000005,0.682,charting_raw_spw,7.0,9.0,5.0,0.6,0.4,0.306,0.493,0.96,2.1,Serve Liability,Weak Return Profile,Balanced BP Profile,Grass Ace Boost,High DF Liability,Neutral Separation Profile,Resistance / Set Extension,Volatile Upside Player,Grass-Neutral,STALE_NON_AUTHORITATIVE_NOT_REGENERATED,,,
Lilli Tagger Rothensteiner,All,1,1,Low Surface Data,Raw Match Log Aggregate,0.0,0.0,,17.0,,,,,,,missing_service_components,,,,,,,,,,Low-Data Serve Profile,Low-Data Return Profile,Low-Data BP Profile,Low-Data Ace Profile,Low-Data DF Profile,Low-Data Separation Profile,Low-Data Resistance Profile,,,STALE_NON_AUTHORITATIVE_NOT_REGENERATED,,,
Lin Zhu,All,37,37,Stable Sample,Raw Match Log Aggregate,0.5405405405405406,0.2702702702702703,10.8,19.54054054054054,0.6645962732919255,0.3525641025641026,0.6826666666666666,0.6205333333333333,0.47159999999999996,0.5732718222222221768444444445,reconstructed_from_serve_components,2.25,3.1666666666666665,3.918918918918919,0.3793103448275862,0.5609756097560976,0.45064740000000003,,,,Average Serve Profile,Average Return Profile,Balanced BP Profile,Low Ace Profile,Moderate DF Profile,Low-Data Separation Profile,Low-Data Resistance Profile,,,STALE_NON_AUTHORITATIVE_NOT_REGENERATED,,,
Lin Zhu,Hard,37,30,Stable Sample,Complete Profile,0.375,0.2,11.1,18.533333333333335,0.6698113207547169,0.39215686274509803,0.6921,0.6069,0.5073000000000001,0.549,charting_raw_spw,2.125,2.4285714285714284,3.1666666666666665,0.42105263157894735,0.5512820512820513,0.445,0.496,0.99,5.8,Average Serve Profile,Strong Return Profile,Balanced BP Profile,Low Ace Profile,Clean DF Profile,Break-and-Giveback Risk,Neutral Resistance Profile,Return-Led Winner,Hard-Pressure,STALE_NON_AUTHORITATIVE_NOT_REGENERATED,,,
Lin Zhu,Clay,37,2,Low Surface Data,Core Profile Stats Missing,No Surface W/L,1.0,,28.0,,,,,,,missing_service_components,,,0.0,,,,,,,Low-Data Serve Profile,Low-Data Return Profile,Low-Data BP Profile,Low-Data Ace Profile,Low-Data DF Profile,Low-Data Separation Profile,Low-Data Resistance Profile,,,STALE_NON_AUTHORITATIVE_NOT_REGENERATED,,,
Lin Zhu,Grass,37,5,Usable / Thin,Complete Profile,0.3333333333333333,0.4,10.2,22.2,0.6545454545454545,0.2777777777777778,0.6638,0.6478,0.40020000000000006,0.552,charting_raw_spw,2.5,4.2,10.0,0.3,0.5777777777777777,0.415,0.481,0.92,2.4,Fragile Serve Profile,Weak Return Profile,Balanced BP Profile,Low Ace Profile,Elevated DF Risk,Neutral Separation Profile,Volatile Resistance,Balanced Winner,Grass-Neutral,STALE_NON_AUTHORITATIVE_NOT_REGENERATED,,,
Linda Fruhvirtova,All,11,11,Stable Sample,Raw Match Log Aggregate,0.45454545454545453,0.36363636363636365,11.3,22.545454545454547,0.6761904761904762,0.3925233644859813,0.623,0.6579999999999999,0.43700000000000006,0.57468299999999996032,reconstructed_from_serve_components,2.9,4.1,10.7,0.42990654205607476,0.47058823529411764,0.47306,,,,Fragile Serve Profile,Strong Return Profile,Strong Creator / Weak Survivor,Playable Ace Volume,Pressure DF Risk,Low-Data Separation Profile,Low-Data Resistance Profile,,,STALE_NON_AUTHORITATIVE_NOT_REGENERATED,,,
Linda Fruhvirtova,Hard,11,10,Stable Sample,Complete Profile,0.3333333333333333,0.4,12.222222222222221,23.3,0.7010309278350515,0.42,0.6177777777777778,0.6733333333333333,0.45333333333333337,0.537,charting_raw_spw,2.888888888888889,4.222222222222222,11.88888888888889,0.42990654205607476,0.4918032786885246,0.448,0.493,0.97,4.9,Average Serve Profile,Elite Return Profile,Strong Creator / Weak Survivor,Playable Ace Volume,Elevated DF Risk,Neutral Separation Profile,Resistance / Set Extension,Volatile Upside Player,Hard-Pressure,STALE_NON_AUTHORITATIVE_NOT_REGENERATED,,,
Linda Fruhvirtova,Clay,11,0,No Surface Data,No Surface Match Sample,0.0,,,,,,,,,0.407,charting_raw_spw,,,,,,0.444,0.426,0.75,,No Surface Data,No Surface Data,No Surface Data,No Surface Data,No Surface Data,No Surface Data,No Surface Data,,,STALE_NON_AUTHORITATIVE_NOT_REGENERATED,,,
Linda Fruhvirtova,Grass,11,1,Low Surface Data,Low Surface Sample,No Surface W/L,0.0,3.0,15.0,0.375,0.0,0.67,0.52,0.29,0.4441,reconstructed_from_serve_components,3.0,3.0,0.0,,0.2857142857142857,0.245,,,,Serve Liability,Weak Return Profile,Low-Data BP Profile,High Ace Upside,Pressure DF Risk,Low-Data Separation Profile,Low-Data Resistance Profile,,,STALE_NON_AUTHORITATIVE_NOT_REGENERATED,,,
Linda Noskova,All,56,56,Stable Sample,Raw Match Log Aggregate,0.6428571428571429,0.2857142857142857,11.321428571428571,21.642857142857142,0.777027027027027,0.2934232715008432,0.6094999999999999,0.721875,0.4761785714285714,0.6259305446428571071303571429,reconstructed_from_serve_components,7.054545454545455,5.327272727272727,7.107142857142857,0.4321608040201005,0.6144578313253012,0.41285857142857146,,,,Stable Serve Profile,Low Return Profile,Balanced BP Profile,High Ace Upside,High DF Liability,Low-Data Separation Profile,Low-Data Resistance Profile,,,STALE_NON_AUTHORITATIVE_NOT_REGENERATED,,,
Linda Noskova,Hard,56,25,Stable Sample,Complete Profile,0.6666666666666666,0.28,10.56,21.72,0.7384615384615385,0.2727272727272727,0.60768,0.68884,0.44928000000000007,0.609,charting_raw_spw,7.28,6.5,6.84,0.4093567251461988,0.5816993464052288,0.409,0.51,1.05,5.2,Average Serve Profile,Weak Return Profile,Balanced BP Profile,High Ace Upside,High DF Liability,Serve-Led Separator,Serve-Hold Resistance,Volatile Upside Player,Hard-Control,STALE_NON_AUTHORITATIVE_NOT_REGENERATED,,,
Linda Noskova,Clay,56,9,Stable Sample,Complete Profile,0.6,0.1111111111111111,10.555555555555555,20.11111111111111,0.7415730337078652,0.32954545454545453,0.5744444444444444,0.7211111111111111,0.4528888888888889,0.621,charting_raw_spw,6.0,5.666666666666667,7.111111111111111,0.453125,0.6461538461538462,0.413,0.516,1.09,6.9,Average Serve Profile,Low Return Profile,Balanced BP Profile,High Ace Upside,High DF Liability,Neutral Separation Profile,Serve-Hold Resistance,Volatile Upside Player,Clay-Control,STALE_NON_AUTHORITATIVE_NOT_REGENERATED,,,
Linda Noskova,Grass,56,22,Stable Sample,Complete Profile,0.9230769230769231,0.36363636363636365,12.5,22.181818181818183,0.831275720164609,0.3029045643153527,0.625909090909091,0.7597272727272728,0.5162727272727272,0.669,charting_raw_spw,7.181818181818182,3.909090909090909,7.409090909090909,0.44785276073619634,0.6403508771929824,0.424,0.546,1.28,8.4,Stable Serve Profile,Low Return Profile,Balanced BP Profile,Grass Ace Boost,Elevated DF Risk,Controlled Separator,Resistance / Set Extension,Volatile Upside Player,Grass-Control,STALE_NON_AUTHORITATIVE_NOT_REGENERATED,,,
Lisa Pigato,All,1,1,Low Surface Data,Raw Match Log Aggregate,0.0,0.0,5.0,17.0,0.5555555555555556,0.0,0.63,0.56,0.39,0.4971,reconstructed_from_serve_components,0.0,2.0,1.0,0.0,0.5555555555555556,0.19270000000000004,,,,Serve Liability,Weak Return Profile,Balanced BP Profile,Low Ace Profile,Moderate DF Profile,Low-Data Separation Profile,Low-Data Resistance Profile,,,STALE_NON_AUTHORITATIVE_NOT_REGENERATED,,,
Liudmila Samsonova,All,47,47,Stable Sample,Raw Match Log Aggregate,0.48936170212765956,0.40425531914893614,11.212765957446809,22.95744680851064,0.6857142857142857,0.3081180811808118,0.5798085106382979,0.6742765957446808,0.4763617021276596,0.5911144418288818335848800362,reconstructed_from_serve_components,3.6097560975609757,4.644444444444445,8.063829787234043,0.45646437994722955,0.5102639296187683,0.42427253191489367,,,,Average Serve Profile,Low Return Profile,Creator Profile,Playable Ace Volume,Elevated DF Risk,Low-Data Separation Profile,Low-Data Resistance Profile,,,STALE_NON_AUTHORITATIVE_NOT_REGENERATED,,,
Liudmila Samsonova,Hard,47,24,Stable Sample,Complete Profile,0.5,0.5416666666666666,11.541666666666666,24.583333333333332,0.6724738675958188,0.2847457627118644,0.56075,0.6630833333333334,0.475625,0.585,charting_raw_spw,2.85,5.666666666666667,8.166666666666666,0.42857142857142855,0.489010989010989,0.414,0.498,1,2.5,Average Serve Profile,Low Return Profile,Creator Profile,Opponent-Dependent Ace Profile,High DF Liability,Backdoor Risk,Resistance / Set Extension,Volatile Upside Player,Hard-Neutral,STALE_NON_AUTHORITATIVE_NOT_REGENERATED,,,
Liudmila Samsonova,Clay,47,8,Stable Sample,Complete Profile,0.3333333333333333,0.0,8.875,18.5,0.647887323943662,0.32894736842105265,0.6152500000000001,0.669375,0.45275,0.576,charting_raw_spw,1.875,3.4285714285714284,6.5,0.4807692307692308,0.4444444444444444,0.426,0.495,1,2.4,Fragile Serve Profile,Low Return Profile,Balanced BP Profile,Opponent-Dependent Ace Profile,Elevated DF Risk,Neutral Separation Profile,Volatile Resistance,Volatile Upside Player,Clay-Neutral,STALE_NON_AUTHORITATIVE_NOT_REGENERATED,,,
Liudmila Samsonova,Grass,47,15,Stable Sample,Complete Profile,0.42857142857142855,0.4,11.933333333333334,22.733333333333334,0.7245508982035929,0.3391812865497076,0.5914,0.6948000000000001,0.49013333333333337,0.585,charting_raw_spw,5.846153846153846,3.5,8.733333333333333,0.48854961832061067,0.5701754385964912,0.423,0.503,1.02,6.2,Stable Serve Profile,Average Return Profile,Creator Profile,High Ace Upside,Moderate DF Profile,Neutral Separation Profile,Resistance / Set Extension,Volatile Upside Player,Grass-Control,STALE_NON_AUTHORITATIVE_NOT_REGENERATED,,,
Lois Boisson,All,11,11,Stable Sample,Raw Match Log Aggregate,0.4444444444444444,0.6363636363636364,12.0,25.0,0.7637795275590551,0.23809523809523808,0.6690909090909091,0.6572727272727273,0.48636363636363633,0.6007173553719008351173553719,reconstructed_from_serve_components,3.6363636363636362,3.727272727272727,8.818181818181818,0.32989690721649484,0.581081081081081,0.4143636363636363,,,,Stable Serve Profile,Weak Return Profile,Balanced BP Profile,Playable Ace Volume,Elevated DF Risk,Low-Data Separation Profile,Low-Data Resistance Profile,,,STALE_NON_AUTHORITATIVE_NOT_REGENERATED,,,
Lois Boisson,Hard,11,11,Stable Sample,Complete Profile,0.42857142857142855,0.6363636363636364,12.0,25.0,0.7637795275590551,0.23809523809523808,0.6690909090909091,0.6572727272727273,0.48636363636363633,0.609,charting_raw_spw,3.6363636363636362,3.727272727272727,8.818181818181818,0.32989690721649484,0.581081081081081,0.402,0.506,1.03,5.1,Stable Serve Profile,Weak Return Profile,Balanced BP Profile,Playable Ace Volume,Elevated DF Risk,Neutral Separation Profile,Resistance / Set Extension,Volatile Upside Player,Hard-Resistance,STALE_NON_AUTHORITATIVE_NOT_REGENERATED,,,
Lois Boisson,Grass,11,0,No Surface Data,No Surface Match Sample,0.0,,,,,,,,,0.587,charting_raw_spw,,,,,,0.396,0.485,0.96,,No Surface Data,No Surface Data,No Surface Data,No Surface Data,No Surface Data,No Surface Data,No Surface Data,,,STALE_NON_AUTHORITATIVE_NOT_REGENERATED,,,
Lucie Havlickova,All,7,7,Stable Sample,Raw Match Log Aggregate,0.42857142857142855,0.2857142857142857,13.0,22.285714285714285,0.7755102040816326,0.27450980392156865,0.5675,0.685,0.445,0.5812000,reconstructed_from_serve_components,3.75,4.5,7.5,0.43333333333333335,0.7105263157894737,0.402,,,,Average Serve Profile,Weak Return Profile,Balanced BP Profile,Playable Ace Volume,Elevated DF Risk,Low-Data Separation Profile,Low-Data Resistance Profile,,,STALE_NON_AUTHORITATIVE_NOT_REGENERATED,,,
Lucie Havlickova,Hard,7,7,Stable Sample,Charting Support Missing,0.6363636363636364,0.2857142857142857,13.0,22.285714285714285,0.7755102040816326,0.27450980392156865,0.5675,0.685,0.445,0.588,charting_raw_spw,3.75,4.5,7.5,0.43333333333333335,0.7105263157894737,0.448,0.518,1.09,7.3,Average Serve Profile,Weak Return Profile,Balanced BP Profile,Playable Ace Volume,Elevated DF Risk,Serve-Led Separator,Serve-Hold Resistance,Volatile Upside Player,Hard-Control,STALE_NON_AUTHORITATIVE_NOT_REGENERATED,,,
Lucrezia Stefanini,All,13,13,Stable Sample,Raw Match Log Aggregate,0.6666666666666666,0.07692307692307693,10.636363636363637,18.166666666666668,0.6086956521739131,0.46846846846846846,0.7385833333333334,0.5884166666666667,0.44725000000000004,0.5515133472222222667094444445,reconstructed_from_serve_components,1.25,3.0,7.416666666666667,0.5842696629213483,0.5108695652173914,0.4937799166666667,,,,Fragile Serve Profile,Elite Return Profile,Balanced BP Profile,Low Ace Profile,Moderate DF Profile,Low-Data Separation Profile,Low-Data Resistance Profile,,,STALE_NON_AUTHORITATIVE_NOT_REGENERATED,,,
Lucrezia Stefanini,Hard,13,13,Stable Sample,Complete Profile,0.42424242424242425,0.07692307692307693,10.636363636363637,18.166666666666668,0.6086956521739131,0.46846846846846846,0.7385833333333334,0.5884166666666667,0.44725000000000004,0.524,charting_raw_spw,1.25,3.0,7.416666666666667,0.5842696629213483,0.5108695652173914,0.453,0.49,0.95,4.9,Fragile Serve Profile,Elite Return Profile,Balanced BP Profile,Low Ace Profile,Moderate DF Profile,Break-and-Giveback Risk,Neutral Resistance Profile,Return-Led Winner,Hard-Pressure,STALE_NON_AUTHORITATIVE_NOT_REGENERATED,,,
Lulu Sun,All,1,1,Low Surface Data,Raw Match Log Aggregate,0.0,0.0,6.0,17.0,0.5555555555555556,0.1111111111111111,0.69,0.56,0.44,0.5228,reconstructed_from_serve_components,2.0,6.0,5.0,0.2,0.0,0.3685,,,,Serve Liability,Weak Return Profile,Balanced BP Profile,Playable Ace Volume,High DF Liability,Low-Data Separation Profile,Low-Data Resistance Profile,,,STALE_NON_AUTHORITATIVE_NOT_REGENERATED,,,
Maddison Inglis,All,15,15,Stable Sample,Raw Match Log Aggregate,0.5333333333333333,0.13333333333333333,9.615384615384615,20.2,0.6976744186046512,0.26515151515151514,0.5944666666666667,0.6777333333333334,0.4792666666666666,0.5972484844444444636555555556,reconstructed_from_serve_components,3.0833333333333335,2.8666666666666667,6.3076923076923075,0.4268292682926829,0.4868421052631579,0.42419120000000005,,,,Average Serve Profile,Weak Return Profile,Balanced BP Profile,Playable Ace Volume,Elevated DF Risk,Low-Data Separation Profile,Low-Data Resistance Profile,,,STALE_NON_AUTHORITATIVE_NOT_REGENERATED,,,
Maddison Inglis,Hard,15,15,Stable Sample,Complete Profile,0.5,0.13333333333333333,9.615384615384615,20.2,0.6976744186046512,0.26515151515151514,0.5944666666666667,0.6777333333333334,0.4792666666666666,0.592,charting_raw_spw,3.0833333333333335,2.8666666666666667,6.3076923076923075,0.4268292682926829,0.4868421052631579,0.373,0.48,0.91,1.0,Average Serve Profile,Weak Return Profile,Balanced BP Profile,Playable Ace Volume,Elevated DF Risk,Neutral Separation Profile,Volatile Resistance,Volatile Upside Player,Hard-Neutral,STALE_NON_AUTHORITATIVE_NOT_REGENERATED,,,
Madison Brengle,All,1,1,Low Surface Data,Raw Match Log Aggregate,0.0,1.0,13.0,32.0,0.5,0.3333333333333333,0.82,0.48,0.52,0.4872,reconstructed_from_serve_components,0.0,3.0,9.0,0.5555555555555556,0.4666666666666667,0.41559999999999997,,,,Serve Liability,Average Return Profile,Creator Profile,Low Ace Profile,Moderate DF Profile,Low-Data Separation Profile,Low-Data Resistance Profile,,,STALE_NON_AUTHORITATIVE_NOT_REGENERATED,,,
Madison Keys,All,47,47,Stable Sample,Raw Match Log Aggregate,0.6739130434782609,0.3404255319148936,11.847826086956522,22.152173913043477,0.7621951219512195,0.352,0.6438936170212766,0.7034893617021276,0.4663404255319149,0.6190391118153010061176550475,reconstructed_from_serve_components,3.8444444444444446,4.375,8.212765957446809,0.45595854922279794,0.629746835443038,0.4466972340425532,,,,Average Serve Profile,Average Return Profile,Creator Profile,High Ace Upside,Elevated DF Risk,Low-Data Separation Profile,Low-Data Resistance Profile,,,STALE_NON_AUTHORITATIVE_NOT_REGENERATED,,,
Madison Keys,Hard,47,21,Stable Sample,Complete Profile,0.5454545454545454,0.42857142857142855,11.0,22.761904761904763,0.6888888888888889,0.336283185840708,0.6067142857142857,0.662952380952381,0.43433333333333335,0.593,charting_raw_spw,4.523809523809524,5.7,8.0,0.4523809523809524,0.6132596685082873,0.43,0.509,1.06,5.0,Fragile Serve Profile,Average Return Profile,Creator Profile,High Ace Upside,High DF Liability,Neutral Separation Profile,Resistance / Set Extension,Volatile Upside Player,Hard-Control,STALE_NON_AUTHORITATIVE_NOT_REGENERATED,,,
Madison Keys,Clay,47,10,Stable Sample,Complete Profile,0.7,0.4,12.2,20.9,0.7864077669902912,0.3867924528301887,0.6938,0.6724,0.5575,0.606,charting_raw_spw,2.625,2.5,9.6,0.4270833333333333,0.6451612903225806,0.455,0.529,1.15,10.0,Stable Serve Profile,Strong Return Profile,Creator Profile,Opponent-Dependent Ace Profile,Moderate DF Profile,Controlled Separator,Stable Resistance,Volatile Upside Player,Clay-Control,STALE_NON_AUTHORITATIVE_NOT_REGENERATED,,,
Madison Keys,Grass,47,16,Stable Sample,Complete Profile,0.8333333333333334,0.1875,12.8,22.133333333333333,0.8475609756097561,0.35119047619047616,0.6615000000000001,0.776125,0.451375,0.684,charting_raw_spw,3.5625,3.4166666666666665,7.625,0.48360655737704916,0.6575342465753424,0.428,0.548,1.36,10.0,Average Serve Profile,Average Return Profile,Balanced BP Profile,Grass Ace Boost,Moderate DF Profile,Controlled Separator,Serve-Hold Resistance,Volatile Upside Player,Grass-Control,STALE_NON_AUTHORITATIVE_NOT_REGENERATED,,,
Magda Linette,All,34,34,Stable Sample,Raw Match Log Aggregate,0.47058823529411764,0.38235294117647056,10.294117647058824,21.941176470588236,0.6721311475409836,0.2857142857142857,0.5865588235294118,0.6435000000000001,0.458235294117647,0.5669039420415225322240484429,reconstructed_from_serve_components,3.71875,2.8333333333333335,7.588235294117647,0.40310077519379844,0.5020746887966805,0.3957316764705882,,,,Average Serve Profile,Low Return Profile,Balanced BP Profile,Playable Ace Volume,Moderate DF Profile,Low-Data Separation Profile,Low-Data Resistance Profile,,,STALE_NON_AUTHORITATIVE_NOT_REGENERATED,,,
Magda Linette,Hard,34,22,Stable Sample,Complete Profile,0.43333333333333335,0.4090909090909091,10.272727272727273,22.318181818181817,0.6736401673640168,0.27310924369747897,0.5877727272727272,0.6399545454545454,0.4462727272727273,0.561,charting_raw_spw,3.5714285714285716,2.9523809523809526,7.636363636363637,0.3869047619047619,0.48344370860927155,0.403,0.481,0.92,1.6,Average Serve Profile,Weak Return Profile,Balanced BP Profile,Playable Ace Volume,Moderate DF Profile,Backdoor Risk,Resistance / Set Extension,Volatile Upside Player,Hard-Neutral,STALE_NON_AUTHORITATIVE_NOT_REGENERATED,,,
Magda Linette,Grass,34,6,Stable Sample,Complete Profile,0.6,0.3333333333333333,10.833333333333334,20.833333333333332,0.7258064516129032,0.3225806451612903,0.6131666666666666,0.6633333333333333,0.5028333333333334,0.61,charting_raw_spw,5.4,3.25,8.0,0.4166666666666667,0.6222222222222222,0.429,0.518,1.1,8.3,Stable Serve Profile,Low Return Profile,Creator Profile,Grass Ace Boost,Moderate DF Profile,Controlled Separator,Resistance / Set Extension,Volatile Upside Player,Grass-Control,STALE_NON_AUTHORITATIVE_NOT_REGENERATED,,,
Magdalena Frech,All,42,42,Stable Sample,Raw Match Log Aggregate,0.4523809523809524,0.42857142857142855,11.428571428571429,22.88095238095238,0.6547368421052632,0.3506224066390041,0.5908333333333333,0.6475238095238095,0.4598809523809524,0.5707466071428571303285714286,reconstructed_from_serve_components,3.5384615384615383,2.736842105263158,8.928571428571429,0.44266666666666665,0.5403899721448467,0.44112321428571427,,,,Average Serve Profile,Average Return Profile,Creator Profile,Playable Ace Volume,Moderate DF Profile,Low-Data Separation Profile,Low-Data Resistance Profile,,,STALE_NON_AUTHORITATIVE_NOT_REGENERATED,,,
Magdalena Frech,Hard,42,29,Stable Sample,Complete Profile,0.5,0.41379310344827586,11.96551724137931,22.551724137931036,0.676923076923077,0.38368580060422963,0.586551724137931,0.6553448275862068,0.4676206896551724,0.575,charting_raw_spw,3.814814814814815,2.6538461538461537,9.344827586206897,0.4575645756457565,0.5391304347826087,0.438,0.506,1.03,6.5,Average Serve Profile,Strong Return Profile,Creator Profile,Playable Ace Volume,Moderate DF Profile,Break-and-Giveback Risk,Resistance / Set Extension,Volatile Upside Player,Hard-Pressure,STALE_NON_AUTHORITATIVE_NOT_REGENERATED,,,
Magdalena Frech,Clay,42,7,Stable Sample,Complete Profile,0.3333333333333333,0.2857142857142857,9.571428571428571,21.857142857142858,0.5866666666666667,0.3026315789473684,0.6238571428571429,0.6127142857142857,0.46871428571428575,0.554,charting_raw_spw,2.3333333333333335,1.8333333333333333,7.285714285714286,0.45098039215686275,0.5507246376811594,0.438,0.496,0.98,3.0,Fragile Serve Profile,Low Return Profile,Balanced BP Profile,Low Ace Profile,Clean DF Profile,Backdoor Risk,Volatile Resistance,Return-Led Winner,Clay-Resistance,STALE_NON_AUTHORITATIVE_NOT_REGENERATED,,,
Magdalena Frech,Grass,42,6,Stable Sample,Complete Profile,0.2,0.6666666666666666,11.0,25.666666666666668,0.6266666666666667,0.25333333333333335,0.5730000000000001,0.6503333333333333,0.4121666666666667,0.542,charting_raw_spw,3.5,4.0,8.833333333333334,0.3584905660377358,0.5333333333333333,0.394,0.467,0.86,1.0,Fragile Serve Profile,Weak Return Profile,Balanced BP Profile,Playable Ace Volume,Elevated DF Risk,Backdoor Risk,Resistance / Set Extension,Volatile Upside Player,Grass-Liability,STALE_NON_AUTHORITATIVE_NOT_REGENERATED,,,
Mai Hontama,All,11,11,Stable Sample,Raw Match Log Aggregate,0.6363636363636364,0.2727272727272727,11.545454545454545,20.727272727272727,0.628099173553719,0.425,0.6327272727272727,0.5872727272727273,0.5309090909090909,0.5665719008264462933719008264,reconstructed_from_serve_components,1.1818181818181819,4.0,8.272727272727273,0.5604395604395604,0.5588235294117647,0.48379999999999995,,,,Fragile Serve Profile,Elite Return Profile,Creator Profile,Low Ace Profile,Elevated DF Risk,Low-Data Separation Profile,Low-Data Resistance Profile,,,STALE_NON_AUTHORITATIVE_NOT_REGENERATED,,,
Mai Hontama,Hard,11,11,Stable Sample,Complete Profile,0.4,0.2727272727272727,11.545454545454545,20.727272727272727,0.628099173553719,0.425,0.6327272727272727,0.5872727272727273,0.5309090909090909,0.55,charting_raw_spw,1.1818181818181819,4.0,8.272727272727273,0.5604395604395604,0.5588235294117647,0.439,0.497,0.98,4.9,Fragile Serve Profile,Strong Return Profile,Creator Profile,Low Ace Profile,Elevated DF Risk,Break-and-Giveback Risk,Volatile Resistance,Return-Led Winner,Hard-Pressure,STALE_NON_AUTHORITATIVE_NOT_REGENERATED,,,
Maja Chwalinska,All,48,48,Stable Sample,Raw Match Log Aggregate,0.6458333333333334,0.3125,11.355555555555556,20.541666666666668,0.6594827586206896,0.45414847161572053,0.7067391304347826,0.6052173913043478,0.5342826086956521,0.5844149952741020386657844991,reconstructed_from_serve_components,1.4,2.2222222222222223,8.125,0.5333333333333333,0.5558739255014327,0.5012447173913044,,,,Average Serve Profile,Elite Return Profile,Creator Profile,Low Ace Profile,Clean DF Profile,Low-Data Separation Profile,Low-Data Resistance Profile,,,STALE_NON_AUTHORITATIVE_NOT_REGENERATED,,,
Maja Chwalinska,Hard,48,26,Stable Sample,Complete Profile,0.6666666666666666,0.34615384615384615,11.26923076923077,20.884615384615383,0.6407407407407407,0.4444444444444444,0.703423076923077,0.5976538461538462,0.5575,0.568,charting_raw_spw,1.2666666666666666,2.3636363636363638,8.884615384615385,0.5194805194805194,0.5502392344497608,0.439,0.508,1.02,5.5,Fragile Serve Profile,Strong Return Profile,Creator Profile,Low Ace Profile,Moderate DF Profile,Break-and-Giveback Risk,Resistance / Set Extension,Return-Led Winner,Hard-Pressure,STALE_NON_AUTHORITATIVE_NOT_REGENERATED,,,
Maja Chwalinska,Grass,48,2,Low Surface Data,Low Surface Sample,0.5,1.0,12.5,27.5,0.6428571428571429,0.25925925925925924,0.701,0.6145,0.38549999999999995,0.565,charting_raw_spw,1.0,2.0,9.5,0.3684210526315789,0.6666666666666666,0.409,0.491,0.94,3.1,Serve Liability,Weak Return Profile,Balanced BP Profile,Low Ace Profile,Moderate DF Profile,Backdoor Risk,Resistance / Set Extension,Balanced Winner,Grass-Neutral,STALE_NON_AUTHORITATIVE_NOT_REGENERATED,,,
Manachaya Sawangkaew,All,6,6,Stable Sample,Raw Match Log Aggregate,0.6666666666666666,0.3333333333333333,12.833333333333334,21.833333333333332,0.6571428571428571,0.43661971830985913,0.62,0.6666666666666667,0.4083333333333334,0.568500000000000046,reconstructed_from_serve_components,4.0,4.666666666666667,9.0,0.5740740740740741,0.4666666666666667,0.48466666666666663,,,,Serve Liability,Elite Return Profile,Creator Profile,Playable Ace Volume,Pressure DF Risk,Low-Data Separation Profile,Low-Data Resistance Profile,,,STALE_NON_AUTHORITATIVE_NOT_REGENERATED,,,
Manachaya Sawangkaew,Hard,6,0,No Surface Data,No Surface Match Sample,0.71875,,,,,,,,,0.584,charting_raw_spw,,,,,,0.468,0.525,1.12,,No Surface Data,No Surface Data,No Surface Data,No Surface Data,No Surface Data,No Surface Data,No Surface Data,,,STALE_NON_AUTHORITATIVE_NOT_REGENERATED,,,
Manachaya Sawangkaew,Grass,6,6,Stable Sample,Complete Profile,0.5,0.3333333333333333,12.833333333333334,21.833333333333332,0.6571428571428571,0.43661971830985913,0.62,0.6666666666666667,0.4083333333333334,0.532,charting_raw_spw,4.0,4.666666666666667,9.0,0.5740740740740741,0.4666666666666667,0.434,0.479,0.93,3.3,Serve Liability,Strong Return Profile,Creator Profile,Playable Ace Volume,Pressure DF Risk,Break-and-Giveback Risk,Resistance / Set Extension,Volatile Upside Player,Grass-Pressure,STALE_NON_AUTHORITATIVE_NOT_REGENERATED,,,
Mananchaya Sawangkaew,All,16,16,Stable Sample,Raw Match Log Aggregate,0.625,0.375,11.0625,21.75,0.621301775147929,0.4161849710982659,0.6206875000000001,0.6304375,0.4465,0.56066770703125001839375,reconstructed_from_serve_components,2.4166666666666665,4.8125,9.3125,0.48322147651006714,0.5378787878787878,0.46803825,,,,Fragile Serve Profile,Strong Return Profile,Creator Profile,Opponent-Dependent Ace Profile,High DF Liability,Low-Data Separation Profile,Low-Data Resistance Profile,,,STALE_NON_AUTHORITATIVE_NOT_REGENERATED,,,
Mananchaya Sawangkaew,Hard,16,9,Stable Sample,Complete Profile,0.0,0.2222222222222222,10.0,19.88888888888889,0.6206896551724138,0.3956043956043956,0.5945555555555555,0.623,0.45266666666666666,0.55,charting_raw_spw,2.4,5.222222222222222,9.0,0.4444444444444444,0.5217391304347826,0.404,0.473,0.9,1.9,Fragile Serve Profile,Average Return Profile,Creator Profile,Opponent-Dependent Ace Profile,High DF Liability,Break-and-Giveback Risk,Volatile Resistance,Return-Led Winner,Hard-Pressure,STALE_NON_AUTHORITATIVE_NOT_REGENERATED,,,
Mananchaya Sawangkaew,Clay,16,0,No Surface Data,No Surface Match Sample,No Surface W/L,,,,,,,,,,missing_service_components,,,,,,,,,,No Surface Data,No Surface Data,No Surface Data,No Surface Data,No Surface Data,No Surface Data,No Surface Data,,,STALE_NON_AUTHORITATIVE_NOT_REGENERATED,,,
Maria Kozyreva,All,1,1,Low Surface Data,Raw Match Log Aggregate,0.0,1.0,15.0,30.0,0.625,0.3333333333333333,0.75,0.59,0.54,0.5775,reconstructed_from_serve_components,0.0,6.0,21.0,0.23809523809523808,0.45454545454545453,0.4504,,,,Fragile Serve Profile,Average Return Profile,Balanced BP Profile,Low Ace Profile,Elevated DF Risk,Low-Data Separation Profile,Low-Data Resistance Profile,,,STALE_NON_AUTHORITATIVE_NOT_REGENERATED,,,
Maria Lourdes Carle,All,7,7,Stable Sample,Raw Match Log Aggregate,0.7142857142857143,0.42857142857142855,10.571428571428571,19.428571428571427,0.5507246376811594,0.5294117647058824,0.6485714285714286,0.63,0.49857142857142855,0.5838122448979591798979591837,reconstructed_from_serve_components,1.1428571428571428,4.285714285714286,11.285714285714286,0.5063291139240507,0.6031746031746031,0.5511428571428572,,,,Serve Liability,Elite Return Profile,Strong Creator / Strong Survivor,Low Ace Profile,Elevated DF Risk,Low-Data Separation Profile,Low-Data Resistance Profile,,,STALE_NON_AUTHORITATIVE_NOT_REGENERATED,,,
Maria Lourdes Carle,Clay,7,2,Low Surface Data,Low Surface Sample,0.4857142857142857,0.0,12.5,19.0,0.5714285714285714,0.6190476190476191,0.64,0.625,0.41,0.5,charting_raw_spw,2.5,3.0,10.0,0.65,0.6086956521739131,0.501,0.501,1,5.4,Serve Liability,Elite Return Profile,Strong Creator / Strong Survivor,Playable Ace Volume,Moderate DF Profile,Break-and-Giveback Risk,Neutral Resistance Profile,Volatile Upside Player,Clay-Pressure,STALE_NON_AUTHORITATIVE_NOT_REGENERATED,,,
Maria Sakkari,All,40,40,Stable Sample,Raw Match Log Aggregate,0.55,0.275,10.725,21.1,0.7183770883054893,0.30843373493975906,0.61775,0.659075,0.51325,0.60333339375,reconstructed_from_serve_components,3.787878787878788,2.7142857142857144,6.875,0.46545454545454545,0.5522388059701493,0.4274584,,,,Average Serve Profile,Low Return Profile,Balanced BP Profile,Playable Ace Volume,Moderate DF Profile,Low-Data Separation Profile,Low-Data Resistance Profile,,,STALE_NON_AUTHORITATIVE_NOT_REGENERATED,,,
Maria Sakkari,Hard,40,23,Stable Sample,Complete Profile,0.53125,0.2608695652173913,11.043478260869565,20.304347826086957,0.7296137339055794,0.3652173913043478,0.6462173913043477,0.6730434782608695,0.536608695652174,0.574,charting_raw_spw,3.35,2.3333333333333335,7.6521739130434785,0.4772727272727273,0.5517241379310345,0.434,0.505,1.02,6.9,Stable Serve Profile,Average Return Profile,Balanced BP Profile,Playable Ace Volume,Moderate DF Profile,Neutral Separation Profile,Serve-Hold Resistance,Volatile Upside Player,Hard-Neutral,STALE_NON_AUTHORITATIVE_NOT_REGENERATED,,,
Maria Sakkari,Clay,40,8,Stable Sample,Complete Profile,0.375,0.375,10.625,22.75,0.6666666666666666,0.2808988764044944,0.61775,0.619125,0.49762500000000004,0.536,charting_raw_spw,4.0,2.625,6.0,0.5208333333333334,0.5522388059701493,0.369,0.457,0.8,2.2,Average Serve Profile,Low Return Profile,Balanced BP Profile,Playable Ace Volume,Moderate DF Profile,Backdoor Risk,Resistance / Set Extension,Volatile Upside Player,Clay-Resistance,STALE_NON_AUTHORITATIVE_NOT_REGENERATED,,,
Maria Sakkari,Grass,40,9,Stable Sample,Complete Profile,0.4,0.2222222222222222,10.0,21.666666666666668,0.7395833333333334,0.19791666666666666,0.545,0.6588888888888889,0.4674444444444444,0.582,charting_raw_spw,4.857142857142857,3.5555555555555554,5.666666666666667,0.37254901960784315,0.5535714285714286,0.347,0.471,0.83,1.8,Average Serve Profile,Weak Return Profile,Balanced BP Profile,High Ace Upside,Elevated DF Risk,Low Separation Profile,Serve-Hold Resistance,Volatile Upside Player,Grass-Neutral,STALE_NON_AUTHORITATIVE_NOT_REGENERATED,,,
Maria Timofeeva,All,36,36,Stable Sample,Raw Match Log Aggregate,0.6944444444444444,0.2777777777777778,12.03125,20.583333333333332,0.6411764705882353,0.4940828402366864,0.6258529411764706,0.6082941176470588,0.4715882352941177,0.5571460138408304565171280277,reconstructed_from_serve_components,2.8260869565217392,3.3333333333333335,9.666666666666666,0.49712643678160917,0.5291970802919708,0.5058199117647059,,,,Fragile Serve Profile,Elite Return Profile,Creator Profile,Opponent-Dependent Ace Profile,Elevated DF Risk,Low-Data Separation Profile,Low-Data Resistance Profile,,,STALE_NON_AUTHORITATIVE_NOT_REGENERATED,,,
Maria Timofeeva,Hard,36,19,Stable Sample,Charting Support Missing,0.25,0.2631578947368421,11.533333333333333,20.68421052631579,0.6242424242424243,0.42168674698795183,0.6035294117647059,0.6060588235294118,0.44194117647058817,0.473,charting_raw_spw,3.909090909090909,3.4705882352941178,8.473684210526315,0.4720496894409938,0.5273972602739726,0.449,0.461,0.85,3.2,Fragile Serve Profile,Elite Return Profile,Creator Profile,Playable Ace Volume,Elevated DF Risk,Break-and-Giveback Risk,Volatile Resistance,Volatile Upside Player,Hard-Pressure,STALE_NON_AUTHORITATIVE_NOT_REGENERATED,,,
Maria Timofeeva,Clay,36,10,Stable Sample,Charting Support Missing,0.0,0.2,12.5,19.8,0.65,0.6185567010309279,0.6628999999999999,0.5867999999999999,0.5244,0.464,charting_raw_spw,1.1666666666666667,2.888888888888889,10.3,0.5825242718446602,0.573170731707317,0.357,0.411,0.67,4.7,Fragile Serve Profile,Low Return Profile,Creator Profile,Low Ace Profile,Moderate DF Profile,Break-and-Giveback Risk,Volatile Resistance,Return-Led Winner,Clay-Pressure,STALE_NON_AUTHORITATIVE_NOT_REGENERATED,,,
Maria Timofeeva,Grass,36,7,Stable Sample,Charting Support Missing,0.5,0.42857142857142855,12.428571428571429,21.428571428571427,0.6666666666666666,0.49333333333333335,0.6271428571428571,0.6444285714285715,0.4681428571428571,0.543,charting_raw_spw,2.5,3.5714285714285716,12.0,0.44047619047619047,0.45652173913043476,0.484,0.515,1.06,7.7,Average Serve Profile,Elite Return Profile,Strong Creator / Weak Survivor,Opponent-Dependent Ace Profile,Elevated DF Risk,Break-and-Giveback Risk,Resistance / Set Extension,Return-Led Winner,Grass-Pressure,STALE_NON_AUTHORITATIVE_NOT_REGENERATED,,,
Mariam Bolkvadze,All,10,10,Stable Sample,Raw Match Log Aggregate,0.8,0.4,11.8,22.9,0.6166666666666667,0.3728813559322034,0.6579999999999999,0.607,0.384,0.5307339999999999777,reconstructed_from_serve_components,1.9,5.4,7.8,0.5256410256410257,0.4666666666666667,0.43879999999999997,,,,Serve Liability,Average Return Profile,Balanced BP Profile,Low Ace Profile,High DF Liability,Low-Data Separation Profile,Low-Data Resistance Profile,,,STALE_NON_AUTHORITATIVE_NOT_REGENERATED,,,
Mariam Bolkvadze,Hard,10,0,No Surface Data,No Surface Match Sample,0.5333333333333333,,,,,,,,,0.535,charting_raw_spw,,,,,,0.511,0.523,1.1,,No Surface Data,No Surface Data,No Surface Data,No Surface Data,No Surface Data,No Surface Data,No Surface Data,,,STALE_NON_AUTHORITATIVE_NOT_REGENERATED,,,
Mariam Bolkvadze,Grass,10,10,Stable Sample,Complete Profile,0.5,0.4,11.8,22.9,0.6166666666666667,0.3728813559322034,0.6579999999999999,0.607,0.384,0.581,charting_raw_spw,1.9,5.4,7.8,0.5256410256410257,0.4666666666666667,0.397,0.487,0.95,2.5,Serve Liability,Average Return Profile,Balanced BP Profile,Low Ace Profile,High DF Liability,Backdoor Risk,Resistance / Set Extension,Return-Led Winner,Grass-Neutral,STALE_NON_AUTHORITATIVE_NOT_REGENERATED,,,
Marie Bouzkova,All,44,44,Stable Sample,Raw Match Log Aggregate,0.5581395348837209,0.20454545454545456,10.604651162790697,21.3953488372093,0.6959459459459459,0.33860045146726864,0.6878181818181818,0.6375454545454545,0.4687045454545455,0.5848363925619834509301652892,reconstructed_from_serve_components,2.2058823529411766,3.5,7.636363636363637,0.44642857142857145,0.6075581395348837,0.43892329545454545,,,,Average Serve Profile,Average Return Profile,Balanced BP Profile,Low Ace Profile,Elevated DF Risk,Low-Data Separation Profile,Low-Data Resistance Profile,,,STALE_NON_AUTHORITATIVE_NOT_REGENERATED,,,
Marie Bouzkova,Hard,44,21,Stable Sample,Complete Profile,0.5882352941176471,0.19047619047619047,9.285714285714286,21.19047619047619,0.625,0.3125,0.6675238095238094,0.6107142857142857,0.4354761904761905,0.557,charting_raw_spw,2.3529411764705883,3.45,6.428571428571429,0.48148148148148145,0.59375,0.467,0.511,1.05,5.4,Fragile Serve Profile,Low Return Profile,Balanced BP Profile,Low Ace Profile,Elevated DF Risk,Backdoor Risk,Neutral Resistance Profile,Return-Led Winner,Hard-Neutral,STALE_NON_AUTHORITATIVE_NOT_REGENERATED,,,
Marie Bouzkova,Clay,44,10,Stable Sample,Complete Profile,0.6923076923076923,0.1,10.555555555555555,20.666666666666668,0.6881720430107527,0.3655913978494624,0.684,0.639,0.46549999999999997,0.581,charting_raw_spw,1.2,3.4,7.8,0.4358974358974359,0.5606060606060606,0.465,0.522,1.11,7.2,Average Serve Profile,Average Return Profile,Balanced BP Profile,Low Ace Profile,Elevated DF Risk,Controlled Separator,Stable Resistance,Return-Led Winner,Clay-Control,STALE_NON_AUTHORITATIVE_NOT_REGENERATED,,,
Marie Bouzkova,Grass,44,13,Stable Sample,Complete Profile,0.7,0.3076923076923077,12.76923076923077,22.23076923076923,0.8041958041958042,0.3591549295774648,0.7235384615384615,0.6797692307692309,0.5248461538461539,0.634,charting_raw_spw,2.4166666666666665,3.7,9.461538461538462,0.4146341463414634,0.6744186046511628,0.438,0.533,1.2,10.0,Stable Serve Profile,Average Return Profile,Creator Profile,Low Ace Profile,Moderate DF Profile,Controlled Separator,Resistance / Set Extension,Volatile Upside Player,Grass-Control,STALE_NON_AUTHORITATIVE_NOT_REGENERATED,,,
Marina Bassols Ribera,All,36,36,Stable Sample,Raw Match Log Aggregate,0.6111111111111112,0.4166666666666667,11.46875,22.38888888888889,0.650887573964497,0.4362017804154303,0.67221875,0.6108125,0.47896875,0.5675965908203125,reconstructed_from_serve_components,0.88,3.75,8.86111111111111,0.4608150470219436,0.5478927203065134,0.4767423125,,,,Average Serve Profile,Elite Return Profile,Creator Profile,Low Ace Profile,Elevated DF Risk,Low-Data Separation Profile,Low-Data Resistance Profile,,,STALE_NON_AUTHORITATIVE_NOT_REGENERATED,,,
Marina Bassols Ribera,Hard,36,26,Stable Sample,Complete Profile,0.5789473684210527,0.4230769230769231,11.636363636363637,23.076923076923077,0.6666666666666666,0.423728813559322,0.6427272727272727,0.6243636363636365,0.48445454545454547,0.567,charting_raw_spw,0.8636363636363636,3.8181818181818183,8.961538461538462,0.4291845493562232,0.5329341317365269,0.474,0.519,1.09,6.5,Average Serve Profile,Elite Return Profile,Creator Profile,Low Ace Profile,Elevated DF Risk,Break-and-Giveback Risk,Resistance / Set Extension,Return-Led Winner,Hard-Pressure,STALE_NON_AUTHORITATIVE_NOT_REGENERATED,,,
Marina Bassols Ribera,Clay,36,10,Stable Sample,Complete Profile,0.6428571428571429,0.4,11.1,20.6,0.6153846153846154,0.46534653465346537,0.7371000000000001,0.581,0.4669,0.538,charting_raw_spw,1.0,3.6,8.6,0.5465116279069767,0.574468085106383,0.501,0.519,1.08,7.0,Fragile Serve Profile,Elite Return Profile,Creator Profile,Low Ace Profile,Elevated DF Risk,Break-and-Giveback Risk,Resistance / Set Extension,Return-Led Winner,Clay-Pressure,STALE_NON_AUTHORITATIVE_NOT_REGENERATED,,,
Marina Bassols Ribera,Grass,36,0,No Surface Data,No Surface Match Sample,No Surface W/L,,,,,,,,,,missing_service_components,,,,,,,,,,No Surface Data,No Surface Data,No Surface Data,No Surface Data,No Surface Data,No Surface Data,No Surface Data,,,STALE_NON_AUTHORITATIVE_NOT_REGENERATED,,,
Marta Kostyuk,All,53,53,Stable Sample,Raw Match Log Aggregate,0.7547169811320755,0.3018867924528302,12.245283018867925,21.132075471698112,0.7402826855123675,0.41818181818181815,0.574622641509434,0.7006226415094341,0.4852264150943396,0.6089979636881453250621217515,reconstructed_from_serve_components,4.076923076923077,4.596153846153846,8.773584905660377,0.4946236559139785,0.606951871657754,0.47178411320754715,,,,Stable Serve Profile,Strong Return Profile,Creator Profile,High Ace Upside,Elevated DF Risk,Low-Data Separation Profile,Low-Data Resistance Profile,,,STALE_NON_AUTHORITATIVE_NOT_REGENERATED,,,
Marta Kostyuk,Hard,53,34,Stable Sample,Complete Profile,0.6666666666666666,0.29411764705882354,11.970588235294118,21.352941176470587,0.7459016393442623,0.3732590529247911,0.577735294117647,0.7082352941176471,0.47758823529411765,0.607,charting_raw_spw,4.454545454545454,4.636363636363637,7.588235294117647,0.5193798449612403,0.6059322033898306,0.437,0.522,1.11,8.4,Stable Serve Profile,Average Return Profile,Balanced BP Profile,High Ace Upside,Elevated DF Risk,Controlled Separator,Serve-Hold Resistance,Volatile Upside Player,Hard-Control,STALE_NON_AUTHORITATIVE_NOT_REGENERATED,,,
Marta Kostyuk,Grass,53,6,Stable Sample,Complete Profile,0.8333333333333334,0.5,13.833333333333334,22.666666666666668,0.8235294117647058,0.40298507462686567,0.5619999999999999,0.7453333333333333,0.5569999999999999,0.649,charting_raw_spw,3.6666666666666665,4.0,10.333333333333334,0.43548387096774194,0.6470588235294118,0.452,0.547,1.29,10.0,Stable Serve Profile,Strong Return Profile,Creator Profile,Grass Ace Boost,Elevated DF Risk,Clean Separator,Resistance / Set Extension,Volatile Upside Player,Grass-Control,STALE_NON_AUTHORITATIVE_NOT_REGENERATED,,,
Mary Stoiana,All,19,19,Stable Sample,Raw Match Log Aggregate,0.5,0.47368421052631576,10.666666666666666,22.88888888888889,0.6228571428571429,0.2982456140350877,0.6578,0.6153333333333333,0.46259999999999996,0.563067986666666631052,reconstructed_from_serve_components,1.5833333333333333,3.5714285714285716,7.933333333333334,0.4369747899159664,0.5517241379310345,0.44812466666666667,,,,Fragile Serve Profile,Low Return Profile,Balanced BP Profile,Low Ace Profile,Moderate DF Profile,Low-Data Separation Profile,Low-Data Resistance Profile,,,STALE_NON_AUTHORITATIVE_NOT_REGENERATED,,,
Mary Stoiana,Hard,19,7,Stable Sample,Complete Profile,0.6,0.2857142857142857,8.0,20.666666666666668,0.5813953488372093,0.1590909090909091,0.6175,0.5975,0.4325,0.569,charting_raw_spw,2.0,3.5,6.0,0.3333333333333333,0.575,0.455,0.513,1.05,3.6,Fragile Serve Profile,Weak Return Profile,Balanced BP Profile,Opponent-Dependent Ace Profile,Elevated DF Risk,Neutral Separation Profile,Neutral Resistance Profile,Return-Led Winner,Hard-Neutral,STALE_NON_AUTHORITATIVE_NOT_REGENERATED,,,
Mary Stoiana,Clay,19,10,Stable Sample,Complete Profile,0.5882352941176471,0.5,11.5,23.3,0.635593220338983,0.35714285714285715,0.6727000000000001,0.621,0.48489999999999994,0.548,charting_raw_spw,1.2857142857142858,3.3333333333333335,8.6,0.46511627906976744,0.5113636363636364,0.47,0.509,1.04,4.6,Fragile Serve Profile,Average Return Profile,Creator Profile,Low Ace Profile,Moderate DF Profile,Backdoor Risk,Resistance / Set Extension,Return-Led Winner,Clay-Neutral,STALE_NON_AUTHORITATIVE_NOT_REGENERATED,,,
Mary Stoiana,Grass,19,2,Low Surface Data,Low Surface Sample,0.7,1.0,13.0,27.5,0.6428571428571429,0.26666666666666666,0.67,0.63,0.36,0.596,charting_raw_spw,2.0,6.0,9.0,0.4444444444444444,0.7058823529411765,0.431,0.517,1.07,4.5,Serve Liability,Weak Return Profile,Creator Profile,Opponent-Dependent Ace Profile,Elevated DF Risk,Backdoor Risk,Resistance / Set Extension,Balanced Winner,Grass-Neutral,STALE_NON_AUTHORITATIVE_NOT_REGENERATED,,,
Maya Joint,All,42,42,Stable Sample,Raw Match Log Aggregate,0.47619047619047616,0.42857142857142855,11.097560975609756,22.214285714285715,0.6175213675213675,0.36086956521739133,0.6310243902439023,0.5757619047619047,0.483,0.5415350243902438504794425087,reconstructed_from_serve_components,2.6875,3.7567567567567566,7.761904761904762,0.5030674846625767,0.531578947368421,0.4401382857142857,,,,Fragile Serve Profile,Average Return Profile,Balanced BP Profile,Opponent-Dependent Ace Profile,Moderate DF Profile,Low-Data Separation Profile,Low-Data Resistance Profile,,,STALE_NON_AUTHORITATIVE_NOT_REGENERATED,,,
Maya Joint,Hard,42,30,Stable Sample,Complete Profile,0.47058823529411764,0.4666666666666667,11.241379310344827,21.8,0.6291793313069909,0.36615384615384616,0.6349310344827586,0.5784666666666667,0.49641379310344824,0.556,charting_raw_spw,2.3333333333333335,3.8076923076923075,7.766666666666667,0.5021459227467812,0.5551470588235294,0.43,0.493,0.97,4.0,Fragile Serve Profile,Average Return Profile,Balanced BP Profile,Opponent-Dependent Ace Profile,Elevated DF Risk,Backdoor Risk,Resistance / Set Extension,Return-Led Winner,Hard-Neutral,STALE_NON_AUTHORITATIVE_NOT_REGENERATED,,,
Maya Joint,Clay,42,3,Usable / Thin,Low Surface Sample,0.0,0.0,4.333333333333333,16.666666666666668,0.36,0.16,0.64,0.44300000000000006,0.4256666666666667,0.487,charting_raw_spw,1.0,3.5,5.333333333333333,0.25,0.4074074074074074,0.355,0.42,0.69,1.0,Serve Liability,Weak Return Profile,Balanced BP Profile,Low Ace Profile,Moderate DF Profile,Low Separation Profile,Neutral Resistance Profile,Balanced Winner,Clay-Liability,STALE_NON_AUTHORITATIVE_NOT_REGENERATED,,,
Maya Joint,Grass,42,9,Stable Sample,Complete Profile,0.625,0.4444444444444444,12.88888888888889,25.444444444444443,0.6403508771929824,0.39090909090909093,0.6154444444444445,0.611,0.45888888888888885,0.545,charting_raw_spw,4.142857142857143,3.6666666666666665,8.555555555555555,0.5584415584415584,0.49382716049382713,0.457,0.5,1,4.2,Fragile Serve Profile,Strong Return Profile,Creator Profile,Playable Ace Volume,Moderate DF Profile,Break-and-Giveback Risk,Resistance / Set Extension,Volatile Upside Player,Grass-Pressure,STALE_NON_AUTHORITATIVE_NOT_REGENERATED,,,
Mayar Sherif,All,33,33,Stable Sample,Raw Match Log Aggregate,0.6875,0.2727272727272727,11.193548387096774,20.78125,0.6615853658536586,0.42424242424242425,0.7506666666666666,0.6048484848484849,0.5127272727272727,0.5818795959595959853252525252,reconstructed_from_serve_components,1.8125,2.3225806451612905,9.181818181818182,0.4752475247524752,0.5697674418604651,0.47711633333333336,,,,Average Serve Profile,Elite Return Profile,Creator Profile,Low Ace Profile,Moderate DF Profile,Low-Data Separation Profile,Low-Data Resistance Profile,,,STALE_NON_AUTHORITATIVE_NOT_REGENERATED,,,
Mayar Sherif,Hard,33,8,Stable Sample,Complete Profile,0.0,0.375,9.375,22.25,0.5977011494252874,0.25555555555555554,0.7083750000000001,0.585625,0.419375,0.535,charting_raw_spw,2.25,2.5,6.125,0.46938775510204084,0.6022727272727273,0.359,0.452,0.77,1.0,Fragile Serve Profile,Weak Return Profile,Balanced BP Profile,Low Ace Profile,Moderate DF Profile,Low Separation Profile,Volatile Resistance,Serve-Led Winner,Hard-Liability,STALE_NON_AUTHORITATIVE_NOT_REGENERATED,,,
Mayar Sherif,Clay,33,23,Stable Sample,Complete Profile,0.75,0.2608695652173913,12.571428571428571,20.681818181818183,0.6977777777777778,0.5223214285714286,0.762695652173913,0.6161739130434782,0.5565217391304348,0.58,charting_raw_spw,1.6,2.0952380952380953,11.043478260869565,0.4763779527559055,0.5466666666666666,0.472,0.525,1.12,8.1,Average Serve Profile,Elite Return Profile,Creator Profile,Low Ace Profile,Moderate DF Profile,Controlled Separator,Neutral Resistance Profile,Return-Led Winner,Clay-Control,STALE_NON_AUTHORITATIVE_NOT_REGENERATED,,,
Mayar Sherif,Grass,33,2,Low Surface Data,Low Surface Sample,No Surface W/L,0.0,4.0,16.0,0.5,0.0,0.7815000000000001,0.5515,0.3825,0.51457350000000001690,reconstructed_from_serve_components,2.0,4.0,0.0,,0.6,0.2808,,,,Serve Liability,Weak Return Profile,Low-Data BP Profile,Playable Ace Volume,High DF Liability,Low-Data Separation Profile,Low-Data Resistance Profile,,,STALE_NON_AUTHORITATIVE_NOT_REGENERATED,,,
McCartney Kessler,All,31,31,Stable Sample,Raw Match Log Aggregate,0.5161290322580645,0.3870967741935484,11.193548387096774,23.225806451612904,0.6505681818181818,0.3333333333333333,0.6142903225806452,0.6111290322580645,0.47251612903225804,0.5576646940686784459392091571,reconstructed_from_serve_components,2.6153846153846154,3.5483870967741935,8.903225806451612,0.427536231884058,0.5444444444444444,0.43550145161290327,,,,Average Serve Profile,Average Return Profile,Creator Profile,Opponent-Dependent Ace Profile,Elevated DF Risk,Low-Data Separation Profile,Low-Data Resistance Profile,,,STALE_NON_AUTHORITATIVE_NOT_REGENERATED,,,
McCartney Kessler,Hard,31,13,Stable Sample,Complete Profile,0.5172413793103449,0.46153846153846156,11.076923076923077,23.307692307692307,0.6711409395973155,0.29931972789115646,0.6144615384615384,0.6192307692307693,0.48692307692307696,0.569,charting_raw_spw,2.8333333333333335,3.6923076923076925,7.923076923076923,0.42718446601941745,0.5545454545454546,0.43,0.5,1,3.5,Average Serve Profile,Low Return Profile,Balanced BP Profile,Playable Ace Volume,Elevated DF Risk,Backdoor Risk,Resistance / Set Extension,Balanced Winner,Hard-Neutral,STALE_NON_AUTHORITATIVE_NOT_REGENERATED,,,
McCartney Kessler,Clay,31,10,Stable Sample,Complete Profile,0.5555555555555556,0.3,10.5,22.5,0.5636363636363636,0.38738738738738737,0.6364,0.568,0.4106,0.563,charting_raw_spw,1.8571428571428572,3.3,10.3,0.4174757281553398,0.5471698113207547,0.45,0.507,1.03,4.5,Serve Liability,Strong Return Profile,Creator Profile,Low Ace Profile,Elevated DF Risk,Break-and-Giveback Risk,Resistance / Set Extension,Return-Led Winner,Clay-Neutral,STALE_NON_AUTHORITATIVE_NOT_REGENERATED,,,
McCartney Kessler,Grass,31,8,Stable Sample,Complete Profile,0.625,0.375,12.25,24.0,0.7204301075268817,0.3229166666666667,0.586375,0.651875,0.5265,0.594,charting_raw_spw,3.0,3.625,8.75,0.44285714285714284,0.5185185185185185,0.432,0.512,1.06,6.8,Average Serve Profile,Low Return Profile,Creator Profile,Playable Ace Volume,Elevated DF Risk,Neutral Separation Profile,Resistance / Set Extension,Surface-Control Player,Grass-Neutral,STALE_NON_AUTHORITATIVE_NOT_REGENERATED,,,
Mei Yamaguchi,All,2,2,Low Surface Data,Raw Match Log Aggregate,0.5,0.0,,17.5,,,,,,,missing_service_components,,,,,,,,,,Low-Data Serve Profile,Low-Data Return Profile,Low-Data BP Profile,Low-Data Ace Profile,Low-Data DF Profile,Low-Data Separation Profile,Low-Data Resistance Profile,,,STALE_NON_AUTHORITATIVE_NOT_REGENERATED,,,
Mia Slama,All,2,2,Low Surface Data,Raw Match Log Aggregate,0.5,0.0,,18.0,,,,,,,missing_service_components,,,,,,,,,,Low-Data Serve Profile,Low-Data Return Profile,Low-Data BP Profile,Low-Data Ace Profile,Low-Data DF Profile,Low-Data Separation Profile,Low-Data Resistance Profile,,,STALE_NON_AUTHORITATIVE_NOT_REGENERATED,,,
Mia Stoiana,All,1,1,Low Surface Data,Raw Match Log Aggregate,1.0,0.0,,19.0,,,,,,,missing_service_components,,,,,,,,,,Low-Data Serve Profile,Low-Data Return Profile,Low-Data BP Profile,Low-Data Ace Profile,Low-Data DF Profile,Low-Data Separation Profile,Low-Data Resistance Profile,,,STALE_NON_AUTHORITATIVE_NOT_REGENERATED,,,
Mika Stojsavljevic,All,5,5,Usable / Thin,Raw Match Log Aggregate,0.4,0.6,14.5,26.6,0.8333333333333334,0.3829787234042553,0.6325,0.6825,0.54,0.63013125,reconstructed_from_serve_components,6.25,3.25,8.4,0.42857142857142855,0.6363636363636364,0.45,,,,Stable Serve Profile,Strong Return Profile,Creator Profile,High Ace Upside,Moderate DF Profile,Low-Data Separation Profile,Low-Data Resistance Profile,,,STALE_NON_AUTHORITATIVE_NOT_REGENERATED,,,
Mika Stojsavljevic,Hard,5,0,No Surface Data,No Surface Match Sample,0.6666666666666666,,,,,,,,,0.593,charting_raw_spw,,,,,,0.428,0.511,1.05,,No Surface Data,No Surface Data,No Surface Data,No Surface Data,No Surface Data,No Surface Data,No Surface Data,,,STALE_NON_AUTHORITATIVE_NOT_REGENERATED,,,
Mika Stojsavljevic,Grass,5,5,Usable / Thin,Complete Profile,0.6666666666666666,0.6,14.5,26.6,0.8333333333333334,0.3829787234042553,0.6325,0.6825,0.54,0.66,charting_raw_spw,6.25,3.25,8.4,0.42857142857142855,0.6363636363636364,0.383,0.511,1.13,7.5,Stable Serve Profile,Average Return Profile,Creator Profile,Grass Ace Boost,Moderate DF Profile,Controlled Separator,Resistance / Set Extension,Volatile Upside Player,Grass-Control,STALE_NON_AUTHORITATIVE_NOT_REGENERATED,,,
Mingge Xu,All,5,5,Usable / Thin,Raw Match Log Aggregate,0.2,0.6,12.4,24.0,0.7096774193548387,0.3157894736842105,0.614,0.69,0.49,0.61280,reconstructed_from_serve_components,2.2,5.6,9.2,0.391304347826087,0.5609756097560976,0.41719999999999996,,,,Average Serve Profile,Low Return Profile,Balanced BP Profile,Low Ace Profile,High DF Liability,Low-Data Separation Profile,Low-Data Resistance Profile,,,STALE_NON_AUTHORITATIVE_NOT_REGENERATED,,,
Mingge Xu,Hard,5,0,No Surface Data,No Surface Match Sample,0.5,,,,,,,,,0.566,charting_raw_spw,,,,,,0.456,0.51,1.05,,No Surface Data,No Surface Data,No Surface Data,No Surface Data,No Surface Data,No Surface Data,No Surface Data,,,STALE_NON_AUTHORITATIVE_NOT_REGENERATED,,,
Mingge Xu,Grass,5,5,Usable / Thin,Complete Profile,0.375,0.6,12.4,24.0,0.7096774193548387,0.3157894736842105,0.614,0.69,0.49,0.569,charting_raw_spw,2.2,5.6,9.2,0.391304347826087,0.5609756097560976,0.413,0.487,0.96,3.3,Average Serve Profile,Low Return Profile,Balanced BP Profile,Low Ace Profile,High DF Liability,Neutral Separation Profile,Resistance / Set Extension,Volatile Upside Player,Grass-Neutral,STALE_NON_AUTHORITATIVE_NOT_REGENERATED,,,
Mio Mushika,All,1,1,Low Surface Data,Raw Match Log Aggregate,0.0,0.0,,23.0,,,,,,,missing_service_components,,,,,,,,,,Low-Data Serve Profile,Low-Data Return Profile,Low-Data BP Profile,Low-Data Ace Profile,Low-Data DF Profile,Low-Data Separation Profile,Low-Data Resistance Profile,,,STALE_NON_AUTHORITATIVE_NOT_REGENERATED,,,
Miriam Bulgaru,All,0,0,No Surface Data,Raw Match Missing,,,,,,,,,,,missing_service_components,,,,,,,,,,No Surface Data,No Surface Data,No Surface Data,No Surface Data,No Surface Data,No Surface Data,No Surface Data,,,STALE_NON_AUTHORITATIVE_NOT_REGENERATED,,,
Miriam Bulgaru,Clay,0,0,No Surface Data,Raw Match Missing,0.4878048780487805,,,,,,,,,0.524,charting_raw_spw,,,,,,0.473,0.499,1,,No Surface Data,No Surface Data,No Surface Data,No Surface Data,No Surface Data,No Surface Data,No Surface Data,,,STALE_NON_AUTHORITATIVE_NOT_REGENERATED,,,
Miriana Tona,All,5,5,Usable / Thin,Raw Match Log Aggregate,0.6,0.2,10.2,20.0,0.6122448979591837,0.42,0.648,0.602,0.47200000000000003,0.55624000000000001056,reconstructed_from_serve_components,2.8,3.2,9.2,0.41304347826086957,0.6727272727272727,0.4648,,,,Fragile Serve Profile,Elite Return Profile,Creator Profile,Playable Ace Volume,Elevated DF Risk,Low-Data Separation Profile,Low-Data Resistance Profile,,,STALE_NON_AUTHORITATIVE_NOT_REGENERATED,,,
Miriana Tona,Hard,5,5,Usable / Thin,Complete Profile,0.6666666666666666,0.2,10.2,20.0,0.6122448979591837,0.42,0.648,0.602,0.47200000000000003,0.591,charting_raw_spw,2.8,3.2,9.2,0.41304347826086957,0.6727272727272727,0.476,0.532,1.16,7.5,Fragile Serve Profile,Elite Return Profile,Creator Profile,Playable Ace Volume,Elevated DF Risk,Break-and-Giveback Risk,Stable Resistance,Volatile Upside Player,Hard-Pressure,STALE_NON_AUTHORITATIVE_NOT_REGENERATED,,,
Mirra Andreeva,All,42,42,Stable Sample,Raw Match Log Aggregate,0.7380952380952381,0.30952380952380953,12.414634146341463,20.904761904761905,0.7453271028037384,0.4377880184331797,0.6477073170731706,0.6840487804878049,0.5020975609756098,0.6199486972040452169039857228,reconstructed_from_serve_components,2.9743589743589745,3.3902439024390243,8.804878048780488,0.5263157894736842,0.6288659793814433,0.4854840487804878,,,,Stable Serve Profile,Elite Return Profile,Creator Profile,Playable Ace Volume,Elevated DF Risk,Low-Data Separation Profile,Low-Data Resistance Profile,,,STALE_NON_AUTHORITATIVE_NOT_REGENERATED,,,
Mirra Andreeva,Hard,42,22,Stable Sample,Complete Profile,0.6206896551724138,0.4090909090909091,12.80952380952381,22.181818181818183,0.70042194092827,0.4309623430962343,0.6407619047619048,0.6750952380952381,0.4776190476190476,0.594,charting_raw_spw,3.0952380952380953,4.0,9.380952380952381,0.5228426395939086,0.6256684491978609,0.474,0.533,1.17,10.0,Average Serve Profile,Elite Return Profile,Creator Profile,Playable Ace Volume,Elevated DF Risk,Controlled Separator,Resistance / Set Extension,Volatile Upside Player,Hard-Control,STALE_NON_AUTHORITATIVE_NOT_REGENERATED,,,
Mirra Andreeva,Clay,42,13,Stable Sample,Complete Profile,0.88,0.23076923076923078,12.23076923076923,19.23076923076923,0.7804878048780488,0.5,0.6753076923076923,0.676076923076923,0.548923076923077,0.603,charting_raw_spw,2.3333333333333335,2.6153846153846154,9.153846153846153,0.5294117647058824,0.6351351351351351,0.459,0.531,1.16,10.0,Stable Serve Profile,Elite Return Profile,Creator Profile,Playable Ace Volume,Moderate DF Profile,Clean Separator,Serve-Hold Resistance,Volatile Upside Player,Clay-Control,STALE_NON_AUTHORITATIVE_NOT_REGENERATED,,,
Mirra Andreeva,Grass,42,7,Stable Sample,Complete Profile,0.625,0.14285714285714285,11.571428571428571,20.0,0.8382352941176471,0.34782608695652173,0.6172857142857142,0.7257142857142856,0.48857142857142855,0.62,charting_raw_spw,3.8333333333333335,3.0,6.428571428571429,0.5333333333333333,0.6333333333333333,0.427,0.524,1.12,9.4,Stable Serve Profile,Average Return Profile,Balanced BP Profile,Playable Ace Volume,Elevated DF Risk,Controlled Separator,Serve-Hold Resistance,Volatile Upside Player,Grass-Control,STALE_NON_AUTHORITATIVE_NOT_REGENERATED,,,
Momoko Kobori,All,1,1,Low Surface Data,Raw Match Log Aggregate,0.0,1.0,,28.0,,,,,,,missing_service_components,,,,,,,,,,Low-Data Serve Profile,Low-Data Return Profile,Low-Data BP Profile,Low-Data Ace Profile,Low-Data DF Profile,Low-Data Separation Profile,Low-Data Resistance Profile,,,STALE_NON_AUTHORITATIVE_NOT_REGENERATED,,,
Mona Barthel,All,1,1,Low Surface Data,Raw Match Log Aggregate,1.0,0.0,13.0,21.0,0.7272727272727273,0.5,0.46,0.71,0.5,0.5966,reconstructed_from_serve_components,4.0,7.0,11.0,0.45454545454545453,0.625,0.5204,,,,Stable Serve Profile,Elite Return Profile,Strong Creator / Strong Survivor,High Ace Upside,High DF Liability,Low-Data Separation Profile,Low-Data Resistance Profile,,,STALE_NON_AUTHORITATIVE_NOT_REGENERATED,,,
Mona Barthel,Hard,1,1,Low Surface Data,Low Surface Sample,0.6511627906976745,0.0,13.0,21.0,0.7272727272727273,0.5,0.46,0.71,0.5,0.605,charting_raw_spw,4.0,7.0,11.0,0.45454545454545453,0.625,0.461,0.533,1.17,6.0,Stable Serve Profile,Elite Return Profile,Strong Creator / Strong Survivor,High Ace Upside,High DF Liability,Clean Separator,Serve-Hold Resistance,Volatile Upside Player,Hard-Control,STALE_NON_AUTHORITATIVE_NOT_REGENERATED,,,
Moyuka Uchijima,All,25,25,Stable Sample,Raw Match Log Aggregate,0.48,0.44,11.166666666666666,22.92,0.6213235294117647,0.3613138686131387,0.5599583333333333,0.6608749999999999,0.44012499999999993,0.5637358020833332391762500000,reconstructed_from_serve_components,3.1052631578947367,4.318181818181818,8.36,0.47368421052631576,0.46632124352331605,0.44351383333333333,,,,Fragile Serve Profile,Average Return Profile,Creator Profile,Low Ace Profile,Elevated DF Risk,Low-Data Separation Profile,Low-Data Resistance Profile,,,STALE_NON_AUTHORITATIVE_NOT_REGENERATED,,,
Moyuka Uchijima,Hard,25,15,Stable Sample,Complete Profile,0.21428571428571427,0.4,10.714285714285714,22.266666666666666,0.6538461538461539,0.3096774193548387,0.5490714285714285,0.6835,0.434,0.508,charting_raw_spw,3.4166666666666665,4.846153846153846,6.8,0.47058823529411764,0.4807692307692308,0.412,0.46,0.84,1.0,Serve Liability,Low Return Profile,Balanced BP Profile,Playable Ace Volume,Pressure DF Risk,Backdoor Risk,Resistance / Set Extension,Volatile Upside Player,Hard-Liability,STALE_NON_AUTHORITATIVE_NOT_REGENERATED,,,
Moyuka Uchijima,Clay,25,10,Stable Sample,Complete Profile,0.0,0.5,11.8,23.9,0.5775862068965517,0.42857142857142855,0.5752,0.6292,0.4487,0.52,charting_raw_spw,2.5714285714285716,3.5555555555555554,10.7,0.4766355140186916,0.449438202247191,0.403,0.46,0.84,1.4,Serve Liability,Average Return Profile,Strong Creator / Weak Survivor,Low Ace Profile,Elevated DF Risk,Break-and-Giveback Risk,Resistance / Set Extension,Return-Led Winner,Clay-Pressure,STALE_NON_AUTHORITATIVE_NOT_REGENERATED,,,
Nadia Podoroska,All,26,26,Stable Sample,Raw Match Log Aggregate,0.5,0.2692307692307692,9.5,20.923076923076923,0.6017699115044248,0.3173913043478261,0.6091304347826086,0.5908695652173913,0.4417391304347826,0.5325790170132324938657844990,reconstructed_from_serve_components,2.4347826086956523,4.565217391304348,7.521739130434782,0.44508670520231214,0.5528846153846154,0.42348521739130435,,,,Fragile Serve Profile,Low Return Profile,Balanced BP Profile,Playable Ace Volume,High DF Liability,Low-Data Separation Profile,Low-Data Resistance Profile,,,STALE_NON_AUTHORITATIVE_NOT_REGENERATED,,,
Nadia Podoroska,Hard,26,21,Stable Sample,Complete Profile,0.875,0.2857142857142857,10.0,21.142857142857142,0.625,0.33707865168539325,0.6055555555555556,0.6083333333333334,0.4405555555555556,0.608,charting_raw_spw,2.6666666666666665,5.055555555555555,8.11111111111111,0.4383561643835616,0.551948051948052,0.514,0.555,1.31,6.0,Fragile Serve Profile,Average Return Profile,Creator Profile,Playable Ace Volume,High DF Liability,Backdoor Risk,Neutral Resistance Profile,Volatile Upside Player,Hard-Neutral,STALE_NON_AUTHORITATIVE_NOT_REGENERATED,,,
Nadia Podoroska,Clay,26,3,Usable / Thin,Low Surface Sample,0.7692307692307693,0.3333333333333333,9.666666666666666,21.666666666666668,0.5294117647058824,0.3235294117647059,0.6033333333333334,0.54,0.4633333333333334,0.555,charting_raw_spw,1.6666666666666667,3.6666666666666665,7.0,0.5238095238095238,0.6097560975609756,0.487,0.522,1.1,5.2,Serve Liability,Low Return Profile,Balanced BP Profile,Low Ace Profile,Elevated DF Risk,Backdoor Risk,Resistance / Set Extension,Return-Led Winner,Clay-Resistance,STALE_NON_AUTHORITATIVE_NOT_REGENERATED,,,
Nadia Podoroska,Grass,26,2,Low Surface Data,Low Surface Sample,0.4166666666666667,0.0,5.0,17.5,0.5,0.1111111111111111,0.65,0.51,0.42,0.557,charting_raw_spw,1.5,1.5,3.0,0.3333333333333333,0.38461538461538464,0.39,0.471,0.88,1.0,Serve Liability,Weak Return Profile,Low Pressure / Weak Survivor,Low Ace Profile,Moderate DF Profile,Backdoor Risk,Volatile Resistance,Return-Led Winner,Grass-Liability,STALE_NON_AUTHORITATIVE_NOT_REGENERATED,,,
Nao Hibino,All,14,14,Stable Sample,Raw Match Log Aggregate,0.5714285714285714,0.14285714285714285,9.5,18.428571428571427,0.711864406779661,0.3858267716535433,0.6661538461538461,0.6364285714285715,0.5371428571428571,0.6032824175824176103461538461,reconstructed_from_serve_components,7.5,2.7142857142857144,6.785714285714286,0.43157894736842106,0.6075949367088608,20.21914285714286,,,,Average Serve Profile,Strong Return Profile,Balanced BP Profile,High Ace Upside,Elevated DF Risk,Low-Data Separation Profile,Low-Data Resistance Profile,,,STALE_NON_AUTHORITATIVE_NOT_REGENERATED,,,
Nao Hibino,Hard,14,14,Stable Sample,Complete Profile,0.696969696969697,0.14285714285714285,9.5,18.428571428571427,0.711864406779661,0.3858267716535433,0.6661538461538461,0.6364285714285715,0.5371428571428571,0.585,charting_raw_spw,7.5,2.7142857142857144,6.785714285714286,0.43157894736842106,0.6075949367088608,0.48,0.532,1.16,9.8,Average Serve Profile,Strong Return Profile,Balanced BP Profile,High Ace Upside,Elevated DF Risk,Controlled Separator,Stable Resistance,Volatile Upside Player,Hard-Control,STALE_NON_AUTHORITATIVE_NOT_REGENERATED,,,
Naomi Osaka,All,45,45,Stable Sample,Raw Match Log Aggregate,0.7111111111111111,0.26666666666666666,12.022727272727273,21.31111111111111,0.7650727650727651,0.3432203389830508,0.5844444444444444,0.7165777777777778,0.5142888888888889,0.6325155061728395147871604939,reconstructed_from_serve_components,6.022222222222222,2.902439024390244,7.7555555555555555,0.46418338108882523,0.5603112840466926,0.43941240000000004,,,,Stable Serve Profile,Average Return Profile,Balanced BP Profile,High Ace Upside,Moderate DF Profile,Low-Data Separation Profile,Low-Data Resistance Profile,,,STALE_NON_AUTHORITATIVE_NOT_REGENERATED,,,
Naomi Osaka,Hard,45,23,Stable Sample,Complete Profile,0.6666666666666666,0.34782608695652173,12.217391304347826,22.347826086956523,0.7704280155642024,0.3229571984435798,0.590695652173913,0.7221739130434783,0.5295652173913044,0.625,charting_raw_spw,6.478260869565218,2.9523809523809526,8.521739130434783,0.42346938775510207,0.562962962962963,0.445,0.535,1.19,9.0,Stable Serve Profile,Low Return Profile,Creator Profile,High Ace Upside,Moderate DF Profile,Controlled Separator,Resistance / Set Extension,Volatile Upside Player,Hard-Control,STALE_NON_AUTHORITATIVE_NOT_REGENERATED,,,
Naomi Osaka,Clay,45,10,Stable Sample,Complete Profile,0.7,0.3,11.7,22.7,0.7168141592920354,0.3302752293577982,0.5923999999999999,0.6818,0.47130000000000005,0.571,charting_raw_spw,4.5,3.2,6.8,0.5294117647058824,0.5555555555555556,0.453,0.515,1.06,6.8,Average Serve Profile,Average Return Profile,Balanced BP Profile,High Ace Upside,Moderate DF Profile,Neutral Separation Profile,Resistance / Set Extension,Volatile Upside Player,Clay-Control,STALE_NON_AUTHORITATIVE_NOT_REGENERATED,,,
Naomi Osaka,Grass,45,12,Stable Sample,Complete Profile,0.7,0.08333333333333333,11.909090909090908,18.166666666666668,0.8018018018018018,0.4056603773584906,0.5658333333333334,0.7348333333333333,0.5208333333333334,0.632,charting_raw_spw,6.416666666666667,2.5,7.083333333333333,0.5058823529411764,0.56,0.445,0.538,1.21,10.0,Stable Serve Profile,Strong Return Profile,Balanced BP Profile,Grass Ace Boost,Moderate DF Profile,Clean Separator,Serve-Hold Resistance,Volatile Upside Player,Grass-Control,STALE_NON_AUTHORITATIVE_NOT_REGENERATED,,,
Nikola Bartunkova,All,60,60,Stable Sample,Raw Match Log Aggregate,0.6166666666666667,0.48333333333333334,12.383333333333333,23.616666666666667,0.7078014184397163,0.34708392603129445,0.5391833333333333,0.68935,0.4936833333333333,0.5991835388888888670061111111,reconstructed_from_serve_components,4.517857142857143,4.5344827586206895,8.916666666666666,0.45607476635514016,0.5626326963906582,0.43944558333333333,,,,Average Serve Profile,Average Return Profile,Creator Profile,High Ace Upside,Elevated DF Risk,Low-Data Separation Profile,Low-Data Resistance Profile,,,STALE_NON_AUTHORITATIVE_NOT_REGENERATED,,,
Nikola Bartunkova,Hard,60,44,Stable Sample,Complete Profile,0.6,0.4318181818181818,12.340909090909092,22.681818181818183,0.716,0.3722334004024145,0.5428409090909091,0.6935681818181818,0.5043863636363637,0.576,charting_raw_spw,4.5,4.0476190476190474,8.75,0.4805194805194805,0.5590062111801242,0.433,0.504,1.02,6.2,Average Serve Profile,Average Return Profile,Creator Profile,High Ace Upside,Elevated DF Risk,Neutral Separation Profile,Resistance / Set Extension,Volatile Upside Player,Hard-Pressure,STALE_NON_AUTHORITATIVE_NOT_REGENERATED,,,
Nikola Bartunkova,Clay,60,10,Stable Sample,Complete Profile,0.5,0.6,11.0,23.9,0.6016949152542372,0.3305084745762712,0.5022000000000001,0.6467999999999999,0.43920000000000003,0.562,charting_raw_spw,4.375,6.5,9.1,0.42857142857142855,0.5252525252525253,0.4,0.483,0.91,1.3,Fragile Serve Profile,Average Return Profile,Creator Profile,Playable Ace Volume,High DF Liability,Backdoor Risk,Resistance / Set Extension,Volatile Upside Player,Clay-Liability,STALE_NON_AUTHORITATIVE_NOT_REGENERATED,,,
Nikola Bartunkova,Grass,60,6,Stable Sample,Complete Profile,0.5714285714285714,0.6666666666666666,15.0,30.0,0.8045977011494253,0.22727272727272727,0.574,0.7293333333333334,0.506,0.592,charting_raw_spw,4.833333333333333,4.666666666666667,9.833333333333334,0.3389830508474576,0.66,0.441,0.512,1.08,6.9,Stable Serve Profile,Weak Return Profile,Balanced BP Profile,Grass Ace Boost,Elevated DF Risk,Serve-Led Separator,Resistance / Set Extension,Volatile Upside Player,Grass-Control,STALE_NON_AUTHORITATIVE_NOT_REGENERATED,,,
Nina Stojanovic,All,1,1,Low Surface Data,Raw Match Log Aggregate,1.0,1.0,18.0,32.0,0.8125,0.3333333333333333,0.68,0.72,0.55,0.6656,reconstructed_from_serve_components,1.0,0.0,9.0,0.5555555555555556,0.5,0.3834,,,,Average Serve Profile,Average Return Profile,Creator Profile,Low Ace Profile,Clean DF Profile,Low-Data Separation Profile,Low-Data Resistance Profile,,,STALE_NON_AUTHORITATIVE_NOT_REGENERATED,,,
Noma Noha Akugue,All,10,10,Stable Sample,Raw Match Log Aggregate,0.6,0.3,11.0,21.8,0.6330275229357798,0.38317757009345793,0.6111,0.5936,0.48310000000000003,0.550626550000000011667,reconstructed_from_serve_components,2.2,3.6,7.4,0.5540540540540541,0.6116504854368932,0.42797999999999997,,,,Fragile Serve Profile,Strong Return Profile,Balanced BP Profile,Low Ace Profile,Elevated DF Risk,Low-Data Separation Profile,Low-Data Resistance Profile,,,STALE_NON_AUTHORITATIVE_NOT_REGENERATED,,,
Noma Noha Akugue,Clay,10,10,Stable Sample,Complete Profile,0.6,0.3,11.0,21.8,0.6330275229357798,0.38317757009345793,0.6111,0.5936,0.48310000000000003,0.553,charting_raw_spw,2.2,3.6,7.4,0.5540540540540541,0.6116504854368932,0.449,0.503,1,5.1,Fragile Serve Profile,Strong Return Profile,Balanced BP Profile,Low Ace Profile,Elevated DF Risk,Break-and-Giveback Risk,Resistance / Set Extension,Return-Led Winner,Clay-Resistance,STALE_NON_AUTHORITATIVE_NOT_REGENERATED,,,
Oceane Dodin,All,6,6,Stable Sample,Raw Match Log Aggregate,0.8,0.5,5.0,24.8,0.625,0.0,0.56,0.72,0.35,0.5572,reconstructed_from_serve_components,1.0,5.0,0.3333333333333333,0.0,0.5,0.254,,,,Serve Liability,Weak Return Profile,Balanced BP Profile,Opponent-Dependent Ace Profile,High DF Liability,Low-Data Separation Profile,Low-Data Resistance Profile,,,STALE_NON_AUTHORITATIVE_NOT_REGENERATED,,,
Oceane Dodin,Hard,6,6,Stable Sample,Complete Profile,0.56,0.5,5.0,24.8,0.625,0.0,0.56,0.72,0.35,0.589,charting_raw_spw,1.0,5.0,0.3333333333333333,0.0,0.5,0.42,0.501,1.02,2.3,Serve Liability,Weak Return Profile,Balanced BP Profile,Opponent-Dependent Ace Profile,High DF Liability,Backdoor Risk,Resistance / Set Extension,Volatile Upside Player,Hard-Neutral,STALE_NON_AUTHORITATIVE_NOT_REGENERATED,,,
Oksana Selekhmeteva,All,30,30,Stable Sample,Raw Match Log Aggregate,0.41379310344827586,0.43333333333333335,11.275862068965518,23.275862068965516,0.5915915915915916,0.3911764705882353,0.636,0.6046333333333334,0.44356666666666666,0.54600506666666670664,reconstructed_from_serve_components,3.0869565217391304,7.964285714285714,10.0,0.44333333333333336,0.5420875420875421,0.45575119999999997,,,,Fragile Serve Profile,Strong Return Profile,Creator Profile,Opponent-Dependent Ace Profile,High DF Liability,Low-Data Separation Profile,Low-Data Resistance Profile,,,STALE_NON_AUTHORITATIVE_NOT_REGENERATED,,,
Oksana Selekhmeteva,Hard,30,13,Stable Sample,Complete Profile,0.4166666666666667,0.46153846153846156,11.833333333333334,23.5,0.6524822695035462,0.3680555555555556,0.6738461538461539,0.6310769230769231,0.48599999999999993,0.533,charting_raw_spw,2.4545454545454546,6.363636363636363,9.307692307692308,0.4380165289256198,0.5882352941176471,0.444,0.488,0.95,4.1,Average Serve Profile,Average Return Profile,Creator Profile,Opponent-Dependent Ace Profile,High DF Liability,Backdoor Risk,Resistance / Set Extension,Return-Led Winner,Hard-Pressure,STALE_NON_AUTHORITATIVE_NOT_REGENERATED,,,
Oksana Selekhmeteva,Grass,30,4,Usable / Thin,Low Surface Sample,0.5,0.5,13.0,25.0,0.66,0.40425531914893614,0.5775,0.65625,0.47225,0.596,charting_raw_spw,6.666666666666667,10.5,10.5,0.4523809523809524,0.6304347826086957,0.451,0.524,1.12,7.5,Average Serve Profile,Strong Return Profile,Strong Creator / Strong Survivor,Grass Ace Boost,High DF Liability,Break-and-Giveback Risk,Resistance / Set Extension,Volatile Upside Player,Grass-Control,STALE_NON_AUTHORITATIVE_NOT_REGENERATED,,,
Oleksandra Oliynykova,All,39,39,Stable Sample,Raw Match Log Aggregate,0.5675675675675675,0.28205128205128205,10.88888888888889,21.0,0.5882352941176471,0.41581632653061223,0.7586315789473684,0.5754864864864865,0.4072702702702703,0.5348844039829303126059743954,reconstructed_from_serve_components,1.6470588235294117,3.4705882352941178,8.68421052631579,0.4909090909090909,0.5515320334261838,0.4644743243243243,,,,Fragile Serve Profile,Strong Return Profile,Creator Profile,Low Ace Profile,Elevated DF Risk,Low-Data Separation Profile,Low-Data Resistance Profile,,,STALE_NON_AUTHORITATIVE_NOT_REGENERATED,,,
Oleksandra Oliynykova,Hard,39,15,Stable Sample,Complete Profile,0.6,0.13333333333333333,11.142857142857142,20.0,0.6513157894736842,0.37012987012987014,0.6829285714285714,0.5906428571428571,0.45714285714285713,0.582,charting_raw_spw,1.625,3.7142857142857144,7.666666666666667,0.48695652173913045,0.6131386861313869,0.417,0.502,1,5.4,Fragile Serve Profile,Average Return Profile,Balanced BP Profile,Low Ace Profile,Elevated DF Risk,Neutral Separation Profile,Neutral Resistance Profile,Return-Led Winner,Hard-Neutral,STALE_NON_AUTHORITATIVE_NOT_REGENERATED,,,
Oleksandra Oliynykova,Clay,39,22,Stable Sample,Complete Profile,0.5882352941176471,0.36363636363636365,11.2,21.9,0.5636363636363636,0.463302752293578,0.8156818181818182,0.5722380952380953,0.38704761904761903,0.533,charting_raw_spw,1.625,3.3157894736842106,9.714285714285714,0.4950980392156863,0.5270935960591133,0.469,0.501,1,5.0,Serve Liability,Elite Return Profile,Creator Profile,Low Ace Profile,Moderate DF Profile,Break-and-Giveback Risk,Resistance / Set Extension,Return-Led Winner,Clay-Pressure,STALE_NON_AUTHORITATIVE_NOT_REGENERATED,,,
Oleksandra Oliynykova,Grass,39,2,Low Surface Data,Low Surface Sample,0.0,0.5,6.0,19.5,0.3684210526315789,0.25,0.6609999999999999,0.5035000000000001,0.2705,0.325,charting_raw_spw,2.0,3.0,5.5,0.45454545454545453,0.3684210526315789,0.2,0.271,0.3,1.0,Serve Liability,Weak Return Profile,Balanced BP Profile,Low Ace Profile,Moderate DF Profile,Backdoor Risk,Resistance / Set Extension,Balanced Winner,Grass-Liability,STALE_NON_AUTHORITATIVE_NOT_REGENERATED,,,
Olga Danilovic,All,1,1,Low Surface Data,Raw Match Log Aggregate,1.0,1.0,12.0,32.0,0.7777777777777778,0.5,0.55,0.74,0.41,0.5915,reconstructed_from_serve_components,1.0,1.0,12.0,0.4166666666666667,0.0,0.504,,,,Fragile Serve Profile,Elite Return Profile,Creator Profile,Low Ace Profile,Moderate DF Profile,Low-Data Separation Profile,Low-Data Resistance Profile,,,STALE_NON_AUTHORITATIVE_NOT_REGENERATED,,,
Olivia Gadecki,All,2,2,Low Surface Data,Raw Match Log Aggregate,0.5,0.0,,18.0,,,,,,,missing_service_components,,,,,,,,,,Low-Data Serve Profile,Low-Data Return Profile,Low-Data BP Profile,Low-Data Ace Profile,Low-Data DF Profile,Low-Data Separation Profile,Low-Data Resistance Profile,,,STALE_NON_AUTHORITATIVE_NOT_REGENERATED,,,
Panna Udvardy,All,47,47,Stable Sample,Raw Match Log Aggregate,0.48936170212765956,0.3404255319148936,10.085106382978724,21.25531914893617,0.6565656565656566,0.3084886128364389,0.5597659574468085,0.6545957446808511,0.46812765957446806,0.5725061457673155345984246265,reconstructed_from_serve_components,3.05,2.7111111111111112,7.085106382978723,0.44744744744744747,0.4970414201183432,0.4197151914893617,,,,Average Serve Profile,Low Return Profile,Balanced BP Profile,Playable Ace Volume,Moderate DF Profile,Low-Data Separation Profile,Low-Data Resistance Profile,,,STALE_NON_AUTHORITATIVE_NOT_REGENERATED,,,
Panna Udvardy,Hard,47,14,Stable Sample,Complete Profile,0.42857142857142855,0.21428571428571427,9.214285714285714,19.928571428571427,0.6716417910447762,0.29770992366412213,0.5060714285714285,0.6839285714285714,0.4644285714285714,0.567,charting_raw_spw,2.4166666666666665,2.5384615384615383,6.285714285714286,0.4431818181818182,0.5686274509803921,0.406,0.485,0.94,2.8,Average Serve Profile,Low Return Profile,Balanced BP Profile,Opponent-Dependent Ace Profile,Moderate DF Profile,Neutral Separation Profile,Volatile Resistance,Volatile Upside Player,Hard-Neutral,STALE_NON_AUTHORITATIVE_NOT_REGENERATED,,,
Panna Udvardy,Clay,47,22,Stable Sample,Complete Profile,0.631578947368421,0.36363636363636365,10.454545454545455,21.40909090909091,0.6413502109704642,0.3391304347826087,0.5953636363636363,0.625090909090909,0.4872272727272728,0.579,charting_raw_spw,2.176470588235294,2.2857142857142856,7.7727272727272725,0.45614035087719296,0.48484848484848486,0.439,0.509,1.04,4.6,Fragile Serve Profile,Average Return Profile,Balanced BP Profile,Opponent-Dependent Ace Profile,Moderate DF Profile,Backdoor Risk,Resistance / Set Extension,Return-Led Winner,Clay-Neutral,STALE_NON_AUTHORITATIVE_NOT_REGENERATED,,,
Panna Udvardy,Grass,47,11,Stable Sample,Complete Profile,0.4,0.45454545454545453,10.454545454545455,22.636363636363637,0.6693548387096774,0.26229508196721313,0.5569090909090909,0.6762727272727272,0.4346363636363637,0.564,charting_raw_spw,5.090909090909091,3.727272727272727,6.7272727272727275,0.43243243243243246,0.4225352112676056,0.37,0.474,0.85,1.0,Fragile Serve Profile,Weak Return Profile,Balanced BP Profile,Grass Ace Boost,Elevated DF Risk,Backdoor Risk,Resistance / Set Extension,Volatile Upside Player,Grass-Neutral,STALE_NON_AUTHORITATIVE_NOT_REGENERATED,,,
Paula Badosa,All,38,38,Stable Sample,Raw Match Log Aggregate,0.5277777777777778,0.3157894736842105,10.787878787878787,22.305555555555557,0.6263440860215054,0.3595505617977528,0.5645135135135135,0.6714864864864865,0.3892702702702702,0.5485851380569758680268078890,reconstructed_from_serve_components,3.742857142857143,6.756756756756757,9.35135135135135,0.40173410404624277,0.5382262996941896,0.43296216216216216,,,,Serve Liability,Average Return Profile,Creator Profile,High Ace Upside,High DF Liability,Low-Data Separation Profile,Low-Data Resistance Profile,,,STALE_NON_AUTHORITATIVE_NOT_REGENERATED,,,
Paula Badosa,Hard,38,19,Stable Sample,Complete Profile,0.4444444444444444,0.2631578947368421,9.9375,20.555555555555557,0.6549707602339181,0.3167701863354037,0.5512777777777778,0.6949444444444446,0.3922222222222222,0.577,charting_raw_spw,4.277777777777778,7.222222222222222,8.055555555555555,0.3793103448275862,0.5935483870967742,0.426,0.503,1.01,4.0,Serve Liability,Low Return Profile,Balanced BP Profile,High Ace Upside,High DF Liability,Backdoor Risk,Volatile Resistance,Volatile Upside Player,Hard-Neutral,STALE_NON_AUTHORITATIVE_NOT_REGENERATED,,,
Paula Badosa,Clay,38,15,Stable Sample,Complete Profile,0.5714285714285714,0.4,11.857142857142858,24.266666666666666,0.5987654320987654,0.43125,0.5834,0.6485333333333333,0.40419999999999995,0.548,charting_raw_spw,3.0,6.866666666666666,11.933333333333334,0.4245810055865922,0.5,0.469,0.506,1.04,4.3,Fragile Serve Profile,Elite Return Profile,Creator Profile,Playable Ace Volume,High DF Liability,Break-and-Giveback Risk,Resistance / Set Extension,Volatile Upside Player,Clay-Pressure,STALE_NON_AUTHORITATIVE_NOT_REGENERATED,,,
Paula Badosa,Grass,38,4,Usable / Thin,Low Surface Sample,0.4,0.25,10.333333333333334,23.0,0.6153846153846154,0.22857142857142856,0.55325,0.652,0.32,0.591,charting_raw_spw,4.0,4.25,5.5,0.36363636363636365,0.4230769230769231,0.384,0.485,0.94,1.0,Serve Liability,Weak Return Profile,Balanced BP Profile,Grass Ace Boost,Pressure DF Risk,Backdoor Risk,Collapse Risk,Volatile Upside Player,Grass-Neutral,STALE_NON_AUTHORITATIVE_NOT_REGENERATED,,,
Petra Marcinko,All,36,36,Stable Sample,Raw Match Log Aggregate,0.4722222222222222,0.3611111111111111,11.030303030303031,21.833333333333332,0.6222826086956522,0.3739612188365651,0.5936363636363636,0.6535757575757576,0.41084848484848485,0.5549402203856749373099173554,reconstructed_from_serve_components,2.9285714285714284,5.59375,8.055555555555555,0.46551724137931033,0.513986013986014,0.4565112727272727,,,,Fragile Serve Profile,Average Return Profile,Creator Profile,Playable Ace Volume,High DF Liability,Low-Data Separation Profile,Low-Data Resistance Profile,,,STALE_NON_AUTHORITATIVE_NOT_REGENERATED,,,
Petra Marcinko,Hard,36,14,Stable Sample,Complete Profile,0.25,0.21428571428571427,9.454545454545455,20.0,0.5982905982905983,0.2956521739130435,0.6266363636363635,0.6362727272727272,0.38436363636363635,0.522,charting_raw_spw,2.7,4.6,5.428571428571429,0.4473684210526316,0.4659090909090909,0.421,0.469,0.88,1.0,Serve Liability,Low Return Profile,Balanced BP Profile,Playable Ace Volume,Pressure DF Risk,Low Separation Profile,Volatile Resistance,Return-Led Winner,Hard-Liability,STALE_NON_AUTHORITATIVE_NOT_REGENERATED,,,
Petra Marcinko,Clay,36,15,Stable Sample,Complete Profile,0.7272727272727273,0.3333333333333333,11.0,21.266666666666666,0.5822784810126582,0.47096774193548385,0.5584666666666667,0.6563333333333334,0.4146666666666667,0.559,charting_raw_spw,2.272727272727273,5.133333333333334,9.266666666666667,0.5251798561151079,0.5074626865671642,0.49,0.525,1.11,5.7,Fragile Serve Profile,Elite Return Profile,Creator Profile,Opponent-Dependent Ace Profile,High DF Liability,Break-and-Giveback Risk,Resistance / Set Extension,Return-Led Winner,Clay-Pressure,STALE_NON_AUTHORITATIVE_NOT_REGENERATED,,,
Petra Marcinko,Grass,36,7,Stable Sample,Complete Profile,0.6,0.7142857142857143,13.571428571428571,26.714285714285715,0.7204301075268817,0.3076923076923077,0.6171428571428571,0.6748571428571428,0.4442857142857143,0.558,charting_raw_spw,4.285714285714286,8.0,10.714285714285714,0.37333333333333335,0.59375,0.443,0.5,1,4.7,Average Serve Profile,Low Return Profile,Balanced BP Profile,Playable Ace Volume,High DF Liability,Neutral Separation Profile,Resistance / Set Extension,Volatile Upside Player,Grass-Neutral,STALE_NON_AUTHORITATIVE_NOT_REGENERATED,,,
Peyton Stearns,All,46,46,Stable Sample,Raw Match Log Aggregate,0.5217391304347826,0.32608695652173914,11.155555555555555,21.934782608695652,0.676954732510288,0.3581780538302277,0.591304347826087,0.6540869565217392,0.465304347826087,0.5769323251417770047296786389,reconstructed_from_serve_components,3.5652173913043477,3.8666666666666667,8.804347826086957,0.4345679012345679,0.5618279569892473,0.4435986086956522,,,,Average Serve Profile,Average Return Profile,Creator Profile,Playable Ace Volume,Elevated DF Risk,Low-Data Separation Profile,Low-Data Resistance Profile,,,STALE_NON_AUTHORITATIVE_NOT_REGENERATED,,,
Peyton Stearns,Hard,46,29,Stable Sample,Complete Profile,0.5185185185185185,0.41379310344827586,11.75,22.75862068965517,0.6762820512820513,0.38064516129032255,0.5857241379310344,0.6525172413793103,0.4583103448275862,0.583,charting_raw_spw,3.8275862068965516,4.310344827586207,9.655172413793103,0.43214285714285716,0.5327510917030568,0.435,0.509,1.04,5.9,Average Serve Profile,Strong Return Profile,Creator Profile,High Ace Upside,Elevated DF Risk,Break-and-Giveback Risk,Resistance / Set Extension,Volatile Upside Player,Hard-Control,STALE_NON_AUTHORITATIVE_NOT_REGENERATED,,,
Peyton Stearns,Grass,46,5,Usable / Thin,Complete Profile,0.0,0.0,8.6,19.0,0.6875,0.2127659574468085,0.605,0.636,0.4692,0.561,charting_raw_spw,3.4,3.2,6.0,0.3333333333333333,0.6511627906976745,0.367,0.472,0.83,1.8,Average Serve Profile,Weak Return Profile,Balanced BP Profile,Grass Ace Boost,Elevated DF Risk,Low Separation Profile,Volatile Resistance,Volatile Upside Player,Grass-Neutral,STALE_NON_AUTHORITATIVE_NOT_REGENERATED,,,
Polina Iatcenko,All,3,3,Usable / Thin,Raw Match Log Aggregate,0.0,0.3333333333333333,9.5,20.333333333333332,0.6818181818181818,0.18181818181818182,0.595,0.6,0.53,0.57165,reconstructed_from_serve_components,1.5,4.0,7.5,0.26666666666666666,0.46153846153846156,0.3579,,,,Average Serve Profile,Weak Return Profile,Balanced BP Profile,Opponent-Dependent Ace Profile,Elevated DF Risk,Low-Data Separation Profile,Low-Data Resistance Profile,,,STALE_NON_AUTHORITATIVE_NOT_REGENERATED,,,
Polina Kudermetova,All,47,47,Stable Sample,Raw Match Log Aggregate,0.6086956521739131,0.3617021276595745,10.906976744186046,21.32608695652174,0.6335403726708074,0.3634453781512605,0.4998957446808511,0.5623638297872341,0.38083404255319153,0.4715800107243096979788859212,reconstructed_from_serve_components,3.4186046511627906,5.75,7.170212765957447,0.5133531157270029,0.5148247978436657,0.4310181276595745,,,,Serve Liability,Average Return Profile,Balanced BP Profile,Playable Ace Volume,High DF Liability,Low-Data Separation Profile,Low-Data Resistance Profile,,,STALE_NON_AUTHORITATIVE_NOT_REGENERATED,,,
Polina Kudermetova,Hard,47,27,Stable Sample,Complete Profile,0.2857142857142857,0.2222222222222222,10.625,19.692307692307693,0.6328125,0.36904761904761907,0.5615925925925925,0.6387777777777778,0.4298148148148148,0.538,charting_raw_spw,3.04,4.923076923076923,6.2592592592592595,0.5502958579881657,0.5102040816326531,0.423,0.482,0.92,2.1,Fragile Serve Profile,Average Return Profile,Balanced BP Profile,Playable Ace Volume,High DF Liability,Backdoor Risk,Volatile Resistance,Volatile Upside Player,Hard-Liability,STALE_NON_AUTHORITATIVE_NOT_REGENERATED,,,
Polina Kudermetova,Clay,47,7,Stable Sample,Complete Profile,0.5,0.42857142857142855,12.428571428571429,24.714285714285715,0.5930232558139535,0.43373493975903615,0.5892857142857143,0.6058571428571429,0.44885714285714284,0.506,charting_raw_spw,4.4,6.833333333333333,10.428571428571429,0.4931506849315068,0.5783132530120482,0.429,0.469,0.87,1.9,Fragile Serve Profile,Strong Return Profile,Creator Profile,Playable Ace Volume,High DF Liability,Break-and-Giveback Risk,Resistance / Set Extension,Volatile Upside Player,Clay-Pressure,STALE_NON_AUTHORITATIVE_NOT_REGENERATED,,,
Polina Kudermetova,Grass,47,13,Stable Sample,Complete Profile,0.0,0.6153846153846154,10.583333333333334,22.76923076923077,0.6595744680851063,0.3120567375886525,0.3236230769230769,0.3802384615384615,0.24247692307692312,0.529,charting_raw_spw,3.769230769230769,7.0,7.3076923076923075,0.4631578947368421,0.4673913043478261,0.263,0.402,0.56,1.2,Serve Liability,Weak Return Profile,Balanced BP Profile,Playable Ace Volume,High DF Liability,Backdoor Risk,Resistance / Set Extension,Volatile Upside Player,Grass-Liability,STALE_NON_AUTHORITATIVE_NOT_REGENERATED,,,
Polona Hercog,All,1,1,Low Surface Data,Raw Match Log Aggregate,0.0,0.0,3.0,15.0,0.42857142857142855,0.0,0.54,0.6,0.24,0.4344,reconstructed_from_serve_components,0.0,3.0,2.0,0.0,0.0,0.252,,,,Serve Liability,Weak Return Profile,Low Pressure / Weak Survivor,Low Ace Profile,Pressure DF Risk,Low-Data Separation Profile,Low-Data Resistance Profile,,,STALE_NON_AUTHORITATIVE_NOT_REGENERATED,,,
Priscilla Hon,All,1,1,Low Surface Data,Raw Match Log Aggregate,0.0,0.0,,20.0,,,,,,,missing_service_components,,,,,,,,,,Low-Data Serve Profile,Low-Data Return Profile,Low-Data BP Profile,Low-Data Ace Profile,Low-Data DF Profile,Low-Data Separation Profile,Low-Data Resistance Profile,,,STALE_NON_AUTHORITATIVE_NOT_REGENERATED,,,
Putintseva Y.,All,1,1,Low Surface Data,Raw Match Log Aggregate,1.0,0.0,12.0,21.0,0.6,0.6,0.63,0.65,0.33,0.5316,reconstructed_from_serve_components,2.0,4.0,10.0,0.6,0.5555555555555556,0.534,,,,Serve Liability,Elite Return Profile,Creator Profile,Opponent-Dependent Ace Profile,Elevated DF Risk,Low-Data Separation Profile,Low-Data Resistance Profile,,,STALE_NON_AUTHORITATIVE_NOT_REGENERATED,,,
Qinwen Zheng,All,34,34,Stable Sample,Raw Match Log Aggregate,0.5882352941176471,0.5588235294117647,12.294117647058824,23.91176470588235,0.7627551020408163,0.30279898218829515,0.5481176470588235,0.7377941176470588,0.4840882352941177,0.6231489065743944672321799308,reconstructed_from_serve_components,7.764705882352941,4.352941176470588,7.588235294117647,0.4573643410852713,0.6198347107438017,0.4228864411764706,,,,Stable Serve Profile,Low Return Profile,Balanced BP Profile,High Ace Upside,Elevated DF Risk,Low-Data Separation Profile,Low-Data Resistance Profile,,,STALE_NON_AUTHORITATIVE_NOT_REGENERATED,,,
Qinwen Zheng,Hard,34,22,Stable Sample,Complete Profile,0.6363636363636364,0.5,12.181818181818182,22.818181818181817,0.7899159663865546,0.33472803347280333,0.5305,0.7474545454545454,0.49372727272727274,0.626,charting_raw_spw,7.318181818181818,4.2727272727272725,8.136363636363637,0.44692737430167595,0.6688741721854304,0.411,0.518,1.1,8.1,Stable Serve Profile,Average Return Profile,Creator Profile,High Ace Upside,Elevated DF Risk,Controlled Separator,Resistance / Set Extension,Volatile Upside Player,Hard-Control,STALE_NON_AUTHORITATIVE_NOT_REGENERATED,,,
Qinwen Zheng,Clay,34,6,Stable Sample,Complete Profile,0.5,0.6666666666666666,11.833333333333334,24.833333333333332,0.6891891891891891,0.2702702702702703,0.5965,0.6990000000000001,0.42083333333333334,0.615,charting_raw_spw,9.5,4.833333333333333,5.0,0.6666666666666666,0.5490196078431373,0.403,0.509,1.05,4.1,Fragile Serve Profile,Weak Return Profile,Balanced BP Profile,High Ace Upside,Elevated DF Risk,Neutral Separation Profile,Resistance / Set Extension,Volatile Upside Player,Clay-Neutral,STALE_NON_AUTHORITATIVE_NOT_REGENERATED,,,
Qinwen Zheng,Grass,34,6,Stable Sample,Complete Profile,0.3333333333333333,0.6666666666666666,13.166666666666666,27.0,0.75,0.2375,0.5643333333333334,0.7411666666666666,0.512,0.672,charting_raw_spw,7.666666666666667,4.166666666666667,8.166666666666666,0.3673469387755102,0.525,0.322,0.49,0.98,4.3,Average Serve Profile,Weak Return Profile,Balanced BP Profile,High Ace Upside,Elevated DF Risk,Neutral Separation Profile,Resistance / Set Extension,Volatile Upside Player,Grass-Neutral,STALE_NON_AUTHORITATIVE_NOT_REGENERATED,,,
Rebecca Marino,All,1,1,Low Surface Data,Raw Match Log Aggregate,0.0,0.0,17.0,22.0,0.5625,0.5333333333333333,0.63,0.6,0.47,0.5519,reconstructed_from_serve_components,2.0,8.0,17.0,0.47058823529411764,0.36363636363636365,0.478,,,,Serve Liability,Elite Return Profile,Strong Creator / Weak Survivor,Opponent-Dependent Ace Profile,High DF Liability,Low-Data Separation Profile,Low-Data Resistance Profile,,,STALE_NON_AUTHORITATIVE_NOT_REGENERATED,,,
Rebecca Marino,Hard,1,1,Low Surface Data,Low Surface Sample,0.5555555555555556,0.0,17.0,22.0,0.5625,0.5333333333333333,0.63,0.6,0.47,0.61,charting_raw_spw,2.0,8.0,17.0,0.47058823529411764,0.36363636363636365,0.444,0.524,1.14,5.4,Serve Liability,Elite Return Profile,Strong Creator / Weak Survivor,Opponent-Dependent Ace Profile,High DF Liability,Break-and-Giveback Risk,Collapse Risk,Volatile Upside Player,Hard-Pressure,STALE_NON_AUTHORITATIVE_NOT_REGENERATED,,,
Rebecca Sramkova,All,50,50,Stable Sample,Raw Match Log Aggregate,0.5531914893617021,0.22,11.0,20.19148936170213,0.7091346153846154,0.3261904761904762,0.5897619047619047,0.6364285714285715,0.4594285714285714,0.5638164285714285908761904762,reconstructed_from_serve_components,5.256410256410256,3.4358974358974357,5.62,0.4875444839857651,0.584192439862543,0.4250091428571428,,,,Average Serve Profile,Low Return Profile,Balanced BP Profile,High Ace Upside,Elevated DF Risk,Low-Data Separation Profile,Low-Data Resistance Profile,,,STALE_NON_AUTHORITATIVE_NOT_REGENERATED,,,
Rebecca Sramkova,Hard,50,50,Stable Sample,Complete Profile,0.3333333333333333,0.22,11.0,20.19148936170213,0.7091346153846154,0.3261904761904762,0.5897619047619047,0.6364285714285715,0.4594285714285714,0.554,charting_raw_spw,5.256410256410256,3.4358974358974357,5.62,0.4875444839857651,0.584192439862543,0.413,0.483,0.93,4.8,Average Serve Profile,Low Return Profile,Balanced BP Profile,High Ace Upside,Elevated DF Risk,Neutral Separation Profile,Neutral Resistance Profile,Volatile Upside Player,Hard-Neutral,STALE_NON_AUTHORITATIVE_NOT_REGENERATED,,,
Rebeka Masarova,All,30,30,Stable Sample,Raw Match Log Aggregate,0.6333333333333333,0.5666666666666667,12.310344827586206,23.433333333333334,0.7159763313609467,0.3382352941176471,0.6232413793103447,0.7099310344827587,0.44775862068965516,0.6111553174791914500662782402,reconstructed_from_serve_components,6.0,4.379310344827586,8.233333333333333,0.46558704453441296,0.5983263598326359,0.42903858620689656,,,,Average Serve Profile,Average Return Profile,Creator Profile,High Ace Upside,Elevated DF Risk,Low-Data Separation Profile,Low-Data Resistance Profile,,,STALE_NON_AUTHORITATIVE_NOT_REGENERATED,,,
Rebeka Masarova,Hard,30,10,Stable Sample,Complete Profile,0.42857142857142855,0.5,12.2,23.6,0.6974789915966386,0.3277310924369748,0.6164000000000001,0.7071999999999999,0.48160000000000003,0.605,charting_raw_spw,5.0,3.9,8.5,0.4588235294117647,0.5764705882352941,0.371,0.488,0.94,3.7,Average Serve Profile,Low Return Profile,Creator Profile,High Ace Upside,Elevated DF Risk,Neutral Separation Profile,Resistance / Set Extension,Volatile Upside Player,Hard-Resistance,STALE_NON_AUTHORITATIVE_NOT_REGENERATED,,,
Rebeka Masarova,Clay,30,10,Stable Sample,Complete Profile,0.6666666666666666,0.7,12.1,24.0,0.6638655462184874,0.34710743801652894,0.6137,0.7064,0.3705,0.559,charting_raw_spw,5.1,5.2,8.5,0.49411764705882355,0.5454545454545454,0.396,0.48,0.9,2.4,Serve Liability,Average Return Profile,Creator Profile,High Ace Upside,Elevated DF Risk,Backdoor Risk,Resistance / Set Extension,Volatile Upside Player,Clay-Liability,STALE_NON_AUTHORITATIVE_NOT_REGENERATED,,,
Rebeka Masarova,Grass,30,10,Stable Sample,Complete Profile,0.5,0.5,12.666666666666666,22.7,0.8,0.34,0.6414444444444445,0.716888888888889,0.49599999999999994,0.626,charting_raw_spw,8.11111111111111,4.0,7.7,0.44155844155844154,0.696969696969697,0.38,0.512,1.02,7.4,Stable Serve Profile,Average Return Profile,Balanced BP Profile,High Ace Upside,Elevated DF Risk,Neutral Separation Profile,Resistance / Set Extension,Volatile Upside Player,Grass-Control,STALE_NON_AUTHORITATIVE_NOT_REGENERATED,,,
Reese Brantmeier,All,1,1,Low Surface Data,Raw Match Log Aggregate,0.0,0.0,,18.0,,,,,,,missing_service_components,,,,,,,,,,Low-Data Serve Profile,Low-Data Return Profile,Low-Data BP Profile,Low-Data Ace Profile,Low-Data DF Profile,Low-Data Separation Profile,Low-Data Resistance Profile,,,STALE_NON_AUTHORITATIVE_NOT_REGENERATED,,,
Renata Zarazua,All,70,70,Stable Sample,Raw Match Log Aggregate,0.463768115942029,0.34285714285714286,9.934782608695652,20.92753623188406,0.6260504201680672,0.3333333333333333,0.7178085106382979,0.5922340425531915,0.4776170212765958,0.5598900946129470612745133544,reconstructed_from_serve_components,1.4642857142857142,2.5,5.426470588235294,0.4363143631436314,0.5123287671232877,0.4269316170212766,,,,Fragile Serve Profile,Average Return Profile,Balanced BP Profile,Low Ace Profile,Moderate DF Profile,Low-Data Separation Profile,Low-Data Resistance Profile,,,STALE_NON_AUTHORITATIVE_NOT_REGENERATED,,,
Renata Zarazua,Hard,70,39,Stable Sample,Complete Profile,0.5,0.28205128205128205,10.32,20.57894736842105,0.6428571428571429,0.3308550185873606,0.6938461538461539,0.6024615384615385,0.47330769230769226,0.569,charting_raw_spw,1.5,2.739130434782609,5.945945945945946,0.40454545454545454,0.4808743169398907,0.43,0.499,1,2.7,Fragile Serve Profile,Average Return Profile,Balanced BP Profile,Low Ace Profile,Moderate DF Profile,Neutral Separation Profile,Volatile Resistance,Return-Led Winner,Hard-Neutral,STALE_NON_AUTHORITATIVE_NOT_REGENERATED,,,
Renata Zarazua,Clay,70,22,Stable Sample,Complete Profile,0.5,0.5454545454545454,9.583333333333334,22.272727272727273,0.5433070866141733,0.36220472440944884,0.7432500000000001,0.5463333333333333,0.47675000000000006,0.567,charting_raw_spw,1.6,2.2222222222222223,4.2272727272727275,0.4946236559139785,0.4727272727272727,0.451,0.51,1.04,5.5,Serve Liability,Average Return Profile,Low Pressure / Weak Survivor,Low Ace Profile,Clean DF Profile,Backdoor Risk,Resistance / Set Extension,Return-Led Winner,Clay-Neutral,STALE_NON_AUTHORITATIVE_NOT_REGENERATED,,,
Renata Zarazua,Grass,70,9,Stable Sample,Complete Profile,0.0,0.1111111111111111,9.333333333333334,19.11111111111111,0.6987951807228916,0.2988505747126437,0.7531111111111111,0.6238888888888888,0.4912222222222223,0.498,charting_raw_spw,1.2,2.0,6.222222222222222,0.4642857142857143,0.6527777777777778,0.234,0.372,0.47,3.0,Average Serve Profile,Weak Return Profile,Balanced BP Profile,Low Ace Profile,Clean DF Profile,Low Separation Profile,Neutral Resistance Profile,Serve-Led Winner,Grass-Neutral,STALE_NON_AUTHORITATIVE_NOT_REGENERATED,,,
Robin Brantmeier,All,1,1,Low Surface Data,Raw Match Log Aggregate,0.0,0.0,7.0,19.0,0.6666666666666666,0.1,0.59,0.64,0.44,0.5580,reconstructed_from_serve_components,5.0,3.0,7.0,0.14285714285714285,0.5714285714285714,0.3784,,,,Average Serve Profile,Weak Return Profile,Balanced BP Profile,High Ace Upside,Elevated DF Risk,Low-Data Separation Profile,Low-Data Resistance Profile,,,STALE_NON_AUTHORITATIVE_NOT_REGENERATED,,,
Robin Montgomery,All,12,12,Stable Sample,Raw Match Log Aggregate,0.75,0.25,10.0,21.416666666666668,0.6850393700787402,0.25984251968503935,0.5966666666666667,0.7066666666666667,0.4658333333333334,0.6095305555555556103611111111,reconstructed_from_serve_components,3.5,5.583333333333333,6.75,0.4444444444444444,0.463768115942029,0.3871583333333333,,,,Average Serve Profile,Weak Return Profile,Balanced BP Profile,Playable Ace Volume,High DF Liability,Low-Data Separation Profile,Low-Data Resistance Profile,,,STALE_NON_AUTHORITATIVE_NOT_REGENERATED,,,
Robin Montgomery,Hard,12,6,Stable Sample,Complete Profile,0.2857142857142857,0.3333333333333333,11.166666666666666,21.5,0.7301587301587301,0.328125,0.585,0.75,0.49,0.554,charting_raw_spw,4.333333333333333,5.666666666666667,7.166666666666667,0.4883720930232558,0.48484848484848486,0.381,0.465,0.85,2.3,Average Serve Profile,Low Return Profile,Balanced BP Profile,High Ace Upside,High DF Liability,Low Separation Profile,Resistance / Set Extension,Volatile Upside Player,Hard-Liability,STALE_NON_AUTHORITATIVE_NOT_REGENERATED,,,
Robin Montgomery,Grass,12,6,Stable Sample,Complete Profile,0.7,0.16666666666666666,8.833333333333334,21.333333333333332,0.640625,0.19047619047619047,0.6083333333333334,0.6633333333333333,0.44166666666666665,0.631,charting_raw_spw,2.6666666666666665,5.5,6.333333333333333,0.39473684210526316,0.4444444444444444,0.413,0.521,1.12,3.0,Serve Liability,Weak Return Profile,Balanced BP Profile,Playable Ace Volume,High DF Liability,Backdoor Risk,Collapse Risk,Volatile Upside Player,Grass-Neutral,STALE_NON_AUTHORITATIVE_NOT_REGENERATED,,,
Sachia Vickery,All,1,1,Low Surface Data,Raw Match Log Aggregate,0.0,0.0,6.0,18.0,0.4444444444444444,0.2222222222222222,0.57,0.52,0.35,0.4469,reconstructed_from_serve_components,1.0,5.0,4.0,0.5,0.2857142857142857,0.3388,,,,Serve Liability,Weak Return Profile,Low Pressure / Weak Survivor,Low Ace Profile,High DF Liability,Low-Data Separation Profile,Low-Data Resistance Profile,,,STALE_NON_AUTHORITATIVE_NOT_REGENERATED,,,
Salkova D.,All,1,1,Low Surface Data,Raw Match Log Aggregate,1.0,0.0,16.0,17.0,0.6153846153846154,0.6153846153846154,0.6,0.59,0.5,0.554,reconstructed_from_serve_components,2.0,6.0,14.0,0.5714285714285714,0.5833333333333334,0.572,,,,Fragile Serve Profile,Elite Return Profile,Creator Profile,Opponent-Dependent Ace Profile,High DF Liability,Low-Data Separation Profile,Low-Data Resistance Profile,,,STALE_NON_AUTHORITATIVE_NOT_REGENERATED,,,
Sara Bejlek,All,37,37,Stable Sample,Raw Match Log Aggregate,0.6216216216216216,0.21621621621621623,11.114285714285714,20.243243243243242,0.6554621848739496,0.43661971830985913,0.6319428571428571,0.6250857142857144,0.4972571428571429,0.5780374955102041641502040816,reconstructed_from_serve_components,2.625,3.3548387096774195,9.028571428571428,0.49050632911392406,0.5269230769230769,0.4818904857142857,,,,Average Serve Profile,Elite Return Profile,Creator Profile,Low Ace Profile,Moderate DF Profile,Low-Data Separation Profile,Low-Data Resistance Profile,,,STALE_NON_AUTHORITATIVE_NOT_REGENERATED,,,
Sara Bejlek,Hard,37,25,Stable Sample,Complete Profile,0.6956521739130435,0.28,12.375,21.04,0.7159533073929961,0.44841269841269843,0.621875,0.6630416666666666,0.527625,0.573,charting_raw_spw,2.5714285714285716,3.3333333333333335,9.458333333333334,0.4977973568281938,0.5379746835443038,0.48,0.526,1.12,8.5,Average Serve Profile,Elite Return Profile,Creator Profile,Low Ace Profile,Moderate DF Profile,Controlled Separator,Serve-Hold Resistance,Volatile Upside Player,Hard-Control,STALE_NON_AUTHORITATIVE_NOT_REGENERATED,,,
Sara Bejlek,Clay,37,10,Stable Sample,Complete Profile,0.3333333333333333,0.0,8.333333333333334,17.9,0.4936708860759494,0.4444444444444444,0.6574444444444445,0.5387777777777777,0.4425555555555556,0.498,charting_raw_spw,2.0,3.125,8.11111111111111,0.4931506849315068,0.4805194805194805,0.454,0.475,0.9,1.4,Serve Liability,Elite Return Profile,Creator Profile,Low Ace Profile,Elevated DF Risk,Break-and-Giveback Risk,Neutral Resistance Profile,Return-Led Winner,Clay-Pressure,STALE_NON_AUTHORITATIVE_NOT_REGENERATED,,,
Sara Bejlek,Grass,37,2,Low Surface Data,Low Surface Sample,0.2,0.5,8.5,22.0,0.5238095238095238,0.2727272727272727,0.638,0.5579999999999999,0.379,0.533,charting_raw_spw,4.0,4.5,8.0,0.375,0.6,0.408,0.468,0.87,1.0,Serve Liability,Weak Return Profile,Balanced BP Profile,Low Ace Profile,Elevated DF Risk,Backdoor Risk,Resistance / Set Extension,Balanced Winner,Grass-Liability,STALE_NON_AUTHORITATIVE_NOT_REGENERATED,,,
Sara Saito,All,1,1,Low Surface Data,Raw Match Log Aggregate,1.0,0.0,,14.0,,,,,,,missing_service_components,,,,,,,,,,Low-Data Serve Profile,Low-Data Return Profile,Low-Data BP Profile,Low-Data Ace Profile,Low-Data DF Profile,Low-Data Separation Profile,Low-Data Resistance Profile,,,STALE_NON_AUTHORITATIVE_NOT_REGENERATED,,,
Sara Sorribes Tormo,All,8,8,Stable Sample,Raw Match Log Aggregate,0.375,0.0,8.875,17.125,0.6268656716417911,0.4142857142857143,0.68625,0.565,0.54625,0.5591171875,reconstructed_from_serve_components,1.0,2.0,8.625,0.42028985507246375,0.48,0.49575,,,,Fragile Serve Profile,Strong Return Profile,Creator Profile,Low Ace Profile,Moderate DF Profile,Low-Data Separation Profile,Low-Data Resistance Profile,,,STALE_NON_AUTHORITATIVE_NOT_REGENERATED,,,
Sara Sorribes Tormo,Hard,8,0,No Surface Data,No Surface Match Sample,0.0,,,,,,,,,0.5,charting_raw_spw,,,,,,0.437,0.472,0.87,,No Surface Data,No Surface Data,No Surface Data,No Surface Data,No Surface Data,No Surface Data,No Surface Data,,,STALE_NON_AUTHORITATIVE_NOT_REGENERATED,,,
Sara Sorribes Tormo,Clay,8,5,Usable / Thin,Complete Profile,0.6818181818181818,0.0,9.8,17.2,0.7142857142857143,0.4318181818181818,0.738,0.602,0.56,0.538,charting_raw_spw,0.0,2.4,8.6,0.4418604651162791,0.5185185185185185,0.486,0.512,1.05,7.5,Average Serve Profile,Elite Return Profile,Creator Profile,Low Ace Profile,Moderate DF Profile,Controlled Separator,Serve-Hold Resistance,Return-Led Winner,Clay-Pressure,STALE_NON_AUTHORITATIVE_NOT_REGENERATED,,,
Sara Sorribes Tormo,Grass,8,3,Usable / Thin,Low Surface Sample,0.375,0.0,7.333333333333333,17.0,0.48,0.38461538461538464,0.6,0.5033333333333334,0.5233333333333333,0.528,charting_raw_spw,2.6666666666666665,1.3333333333333333,8.666666666666666,0.38461538461538464,0.43478260869565216,0.43,0.479,0.91,2.0,Serve Liability,Strong Return Profile,Balanced BP Profile,Playable Ace Volume,Clean DF Profile,Break-and-Giveback Risk,Neutral Resistance Profile,Volatile Upside Player,Grass-Pressure,STALE_NON_AUTHORITATIVE_NOT_REGENERATED,,,
Savannah Broadus,All,1,1,Low Surface Data,Raw Match Log Aggregate,0.0,0.0,,15.0,,,,,,,missing_service_components,,,,,,,,,,Low-Data Serve Profile,Low-Data Return Profile,Low-Data BP Profile,Low-Data Ace Profile,Low-Data DF Profile,Low-Data Separation Profile,Low-Data Resistance Profile,,,STALE_NON_AUTHORITATIVE_NOT_REGENERATED,,,
Shuai Zhang,All,40,40,Stable Sample,Raw Match Log Aggregate,0.55,0.2,10.175,19.575,0.6683937823834197,0.38010204081632654,0.687375,0.6413,0.486325,0.592850940625,reconstructed_from_serve_components,1.793103448275862,2.6486486486486487,7.95,0.46855345911949686,0.5616438356164384,0.45144992500000003,,,,Average Serve Profile,Strong Return Profile,Balanced BP Profile,Opponent-Dependent Ace Profile,Moderate DF Profile,Low-Data Separation Profile,Low-Data Resistance Profile,,,STALE_NON_AUTHORITATIVE_NOT_REGENERATED,,,
Shuai Zhang,Hard,40,18,Stable Sample,Complete Profile,0.5454545454545454,0.16666666666666666,10.166666666666666,19.0,0.6646706586826348,0.4186046511627907,0.664611111111111,0.63,0.4936666666666667,0.553,charting_raw_spw,1.25,2.5,8.833333333333334,0.4528301886792453,0.5590551181102362,0.449,0.5,1,6.3,Average Serve Profile,Strong Return Profile,Creator Profile,Low Ace Profile,Moderate DF Profile,Break-and-Giveback Risk,Neutral Resistance Profile,Return-Led Winner,Hard-Pressure,STALE_NON_AUTHORITATIVE_NOT_REGENERATED,,,
Shuai Zhang,Clay,40,10,Stable Sample,Complete Profile,0.3,0.4,10.0,21.6,0.5566037735849056,0.37962962962962965,0.6970000000000001,0.5852999999999999,0.4144,0.546,charting_raw_spw,1.6666666666666667,3.7777777777777777,7.8,0.5256410256410257,0.5252525252525253,0.4,0.477,0.88,1.8,Serve Liability,Average Return Profile,Balanced BP Profile,Low Ace Profile,Elevated DF Risk,Backdoor Risk,Resistance / Set Extension,Return-Led Winner,Clay-Liability,STALE_NON_AUTHORITATIVE_NOT_REGENERATED,,,
Shuai Zhang,Grass,40,12,Stable Sample,Complete Profile,0.0,0.08333333333333333,10.333333333333334,18.75,0.7787610619469026,0.32142857142857145,0.7135000000000001,0.7049166666666666,0.53525,0.5,charting_raw_spw,2.4545454545454546,1.9,6.75,0.4444444444444444,0.6212121212121212,0.341,0.412,0.68,4.6,Stable Serve Profile,Weak Return Profile,Balanced BP Profile,Grass Ace Boost,Clean DF Profile,Low Separation Profile,Neutral Resistance Profile,Volatile Upside Player,Grass-Neutral,STALE_NON_AUTHORITATIVE_NOT_REGENERATED,,,
Sierra Sierra,All,1,1,Low Surface Data,Raw Match Log Aggregate,0.0,0.0,8.0,19.0,0.5,0.3,0.53,0.61,0.39,0.5066,reconstructed_from_serve_components,1.0,6.0,9.0,0.3333333333333333,0.375,0.40800000000000003,,,,Serve Liability,Low Return Profile,Balanced BP Profile,Low Ace Profile,High DF Liability,Low-Data Separation Profile,Low-Data Resistance Profile,,,STALE_NON_AUTHORITATIVE_NOT_REGENERATED,,,
Simona Waltert,All,38,38,Stable Sample,Raw Match Log Aggregate,0.42105263157894735,0.3157894736842105,10.5,21.789473684210527,0.656084656084656,0.3403141361256545,0.6141111111111112,0.6371666666666667,0.4776944444444445,0.5756281080246914141086419753,reconstructed_from_serve_components,2.7586206896551726,4.0285714285714285,7.421052631578948,0.4645390070921986,0.5723684210526315,0.45417608333333337,,,,Average Serve Profile,Average Return Profile,Balanced BP Profile,Low Ace Profile,Elevated DF Risk,Low-Data Separation Profile,Low-Data Resistance Profile,,,STALE_NON_AUTHORITATIVE_NOT_REGENERATED,,,
Simona Waltert,Hard,38,17,Stable Sample,Complete Profile,0.3,0.23529411764705882,9.058823529411764,20.41176470588235,0.6153846153846154,0.2857142857142857,0.5996470588235294,0.6016470588235294,0.47311764705882353,0.52,charting_raw_spw,2.357142857142857,4.3125,6.529411764705882,0.4594594594594595,0.5925925925925926,0.399,0.459,0.83,1.0,Fragile Serve Profile,Low Return Profile,Balanced BP Profile,Low Ace Profile,Elevated DF Risk,Low Separation Profile,Volatile Resistance,Balanced Winner,Hard-Liability,STALE_NON_AUTHORITATIVE_NOT_REGENERATED,,,
Simona Waltert,Clay,38,18,Stable Sample,Complete Profile,0.4,0.2777777777777778,11.5,21.555555555555557,0.6890243902439024,0.4409937888198758,0.6339374999999999,0.674375,0.47575,0.54,charting_raw_spw,2.5,3.25,8.055555555555555,0.4896551724137931,0.5188679245283019,0.455,0.498,0.99,6.4,Average Serve Profile,Elite Return Profile,Creator Profile,Low Ace Profile,Elevated DF Risk,Neutral Separation Profile,Neutral Resistance Profile,Volatile Upside Player,Clay-Pressure,STALE_NON_AUTHORITATIVE_NOT_REGENERATED,,,
Simona Waltert,Grass,38,3,Usable / Thin,Low Surface Sample,0.0,1.0,13.333333333333334,31.0,0.6888888888888889,0.1956521739130435,0.5903333333333333,0.64,0.514,0.467,charting_raw_spw,5.666666666666667,6.666666666666667,8.666666666666666,0.34615384615384615,0.6388888888888888,0.321,0.389,0.6,1.5,Average Serve Profile,Weak Return Profile,Balanced BP Profile,High Ace Upside,Elevated DF Risk,Low Separation Profile,Resistance / Set Extension,Volatile Upside Player,Grass-Resistance,STALE_NON_AUTHORITATIVE_NOT_REGENERATED,,,
Sinja Kraus,All,35,35,Stable Sample,Raw Match Log Aggregate,0.6571428571428571,0.2571428571428571,10.93939393939394,20.457142857142856,0.6513761467889908,0.45121951219512196,0.6003939393939394,0.613,0.47475757575757577,0.5577574894398530820193480257,reconstructed_from_serve_components,1.565217391304348,2.84375,9.571428571428571,0.4417910447761194,0.5985915492957746,0.48429236363636363,,,,Average Serve Profile,Elite Return Profile,Creator Profile,Low Ace Profile,Moderate DF Profile,Low-Data Separation Profile,Low-Data Resistance Profile,,,STALE_NON_AUTHORITATIVE_NOT_REGENERATED,,,
Sinja Kraus,Hard,35,12,Stable Sample,Complete Profile,0.2,0.16666666666666666,10.75,20.416666666666668,0.6416666666666667,0.4262295081967213,0.5905,0.6105833333333334,0.4690833333333333,0.543,charting_raw_spw,1.5714285714285714,2.8333333333333335,9.166666666666666,0.4727272727272727,0.5057471264367817,0.424,0.482,0.93,3.7,Fragile Serve Profile,Strong Return Profile,Creator Profile,Low Ace Profile,Moderate DF Profile,Break-and-Giveback Risk,Volatile Resistance,Return-Led Winner,Hard-Pressure,STALE_NON_AUTHORITATIVE_NOT_REGENERATED,,,
Sinja Kraus,Clay,35,15,Stable Sample,Complete Profile,0.16666666666666666,0.4666666666666667,12.23076923076923,21.733333333333334,0.6492537313432836,0.5373134328358209,0.6239230769230769,0.6126923076923076,0.4715384615384615,0.514,charting_raw_spw,1.5,3.0833333333333335,10.533333333333333,0.45569620253164556,0.6594202898550725,0.448,0.484,0.92,5.3,Fragile Serve Profile,Elite Return Profile,Strong Creator / Strong Survivor,Low Ace Profile,Moderate DF Profile,Break-and-Giveback Risk,Resistance / Set Extension,Return-Led Winner,Clay-Pressure,STALE_NON_AUTHORITATIVE_NOT_REGENERATED,,,
Sinja Kraus,Grass,35,8,Stable Sample,Complete Profile,0.0,0.0,9.125,18.125,0.6712328767123288,0.3333333333333333,0.5770000000000001,0.617125,0.4885,0.48,charting_raw_spw,1.625,2.5,8.375,0.3582089552238806,0.5932203389830508,0.328,0.407,0.63,2.6,Average Serve Profile,Weak Return Profile,Balanced BP Profile,Low Ace Profile,Moderate DF Profile,Low Separation Profile,Neutral Resistance Profile,Serve-Led Winner,Grass-Neutral,STALE_NON_AUTHORITATIVE_NOT_REGENERATED,,,
Sloane Stephens,All,15,15,Stable Sample,Raw Match Log Aggregate,0.4666666666666667,0.2,9.083333333333334,19.333333333333332,0.6697247706422018,0.32432432432432434,0.6216666666666666,0.6208333333333333,0.4925,0.5722805555555555262777777778,reconstructed_from_serve_components,1.8333333333333333,2.3333333333333335,6.416666666666667,0.4675324675324675,0.6086956521739131,0.42555499999999996,,,,Average Serve Profile,Low Return Profile,Balanced BP Profile,Opponent-Dependent Ace Profile,Moderate DF Profile,Low-Data Separation Profile,Low-Data Resistance Profile,,,STALE_NON_AUTHORITATIVE_NOT_REGENERATED,,,
Sloane Stephens,Hard,15,12,Stable Sample,Complete Profile,0.38461538461538464,0.16666666666666666,8.2,19.333333333333332,0.6179775280898876,0.3,0.609,0.598,0.461,0.548,charting_raw_spw,1.8,2.6,5.6,0.48214285714285715,0.5584415584415584,0.422,0.488,0.93,2.5,Fragile Serve Profile,Low Return Profile,Balanced BP Profile,Opponent-Dependent Ace Profile,Moderate DF Profile,Neutral Separation Profile,Neutral Resistance Profile,Return-Led Winner,Hard-Liability,STALE_NON_AUTHORITATIVE_NOT_REGENERATED,,,
Sloane Stephens,Clay,15,3,Usable / Thin,Low Surface Sample,0.2,0.3333333333333333,13.5,19.333333333333332,0.9,0.42857142857142855,0.685,0.735,0.65,0.502,charting_raw_spw,2.0,1.0,10.5,0.42857142857142855,0.8666666666666667,0.335,0.425,0.67,6.6,Elite Serve Profile,Weak Return Profile,Creator Profile,Opponent-Dependent Ace Profile,Clean DF Profile,Low Separation Profile,Serve-Hold Resistance,Volatile Upside Player,Clay-Pressure,STALE_NON_AUTHORITATIVE_NOT_REGENERATED,,,
Sloane Stephens,Grass,15,0,No Surface Data,No Surface Match Sample,No Surface W/L,,,,,,,,,,missing_service_components,,,,,,,,,,No Surface Data,No Surface Data,No Surface Data,No Surface Data,No Surface Data,No Surface Data,No Surface Data,,,STALE_NON_AUTHORITATIVE_NOT_REGENERATED,,,
Sofia Costoulas,All,11,11,Stable Sample,Raw Match Log Aggregate,0.7272727272727273,0.2727272727272727,11.727272727272727,21.0,0.7699115044247787,0.3783783783783784,0.6581818181818181,0.7209090909090909,0.41090909090909095,0.6149454545454545280909090909,reconstructed_from_serve_components,3.6363636363636362,2.8181818181818183,9.545454545454545,0.41904761904761906,0.7,0.5069,,,,Fragile Serve Profile,Average Return Profile,Creator Profile,High Ace Upside,Moderate DF Profile,Low-Data Separation Profile,Low-Data Resistance Profile,,,STALE_NON_AUTHORITATIVE_NOT_REGENERATED,,,
Sofia Costoulas,Hard,11,11,Stable Sample,Complete Profile,0.6336633663366337,0.2727272727272727,11.727272727272727,21.0,0.7699115044247787,0.3783783783783784,0.6581818181818181,0.7209090909090909,0.41090909090909095,0.608,charting_raw_spw,3.6363636363636362,2.8181818181818183,9.545454545454545,0.41904761904761906,0.7,0.449,0.526,1.14,9.3,Fragile Serve Profile,Average Return Profile,Creator Profile,High Ace Upside,Moderate DF Profile,Controlled Separator,Stable Resistance,Volatile Upside Player,Hard-Control,STALE_NON_AUTHORITATIVE_NOT_REGENERATED,,,
Sofia Costoulas,Clay,11,0,No Surface Data,No Surface Match Sample,0.5463917525773195,,,,,,,,,0.576,charting_raw_spw,,,,,,0.478,0.526,1.13,,No Surface Data,No Surface Data,No Surface Data,No Surface Data,No Surface Data,No Surface Data,No Surface Data,,,STALE_NON_AUTHORITATIVE_NOT_REGENERATED,,,
Sofia Costoulas,Grass,11,0,No Surface Data,No Surface Match Sample,No Surface W/L,,,,,,,,,,missing_service_components,,,,,,,,,,No Surface Data,No Surface Data,No Surface Data,No Surface Data,No Surface Data,No Surface Data,No Surface Data,,,STALE_NON_AUTHORITATIVE_NOT_REGENERATED,,,
Sofia Kenin,All,30,30,Stable Sample,Raw Match Log Aggregate,0.3,0.4,10.066666666666666,22.933333333333334,0.6805970149253732,0.21637426900584794,0.6602000000000001,0.6342666666666666,0.45476666666666665,0.5732725666666666349400000000,reconstructed_from_serve_components,2.2,4.482758620689655,5.8,0.42528735632183906,0.5427350427350427,0.37614169999999997,,,,Average Serve Profile,Weak Return Profile,Balanced BP Profile,Low Ace Profile,Elevated DF Risk,Low-Data Separation Profile,Low-Data Resistance Profile,,,STALE_NON_AUTHORITATIVE_NOT_REGENERATED,,,
Sofia Kenin,Hard,30,19,Stable Sample,Complete Profile,0.3076923076923077,0.5263157894736842,10.052631578947368,23.42105263157895,0.6728110599078341,0.20361990950226244,0.6437894736842105,0.6323684210526316,0.4404736842105263,0.554,charting_raw_spw,1.8571428571428572,4.842105263157895,6.0,0.39473684210526316,0.5477707006369427,0.382,0.47,0.85,1.0,Average Serve Profile,Weak Return Profile,Balanced BP Profile,Low Ace Profile,Elevated DF Risk,Backdoor Risk,Resistance / Set Extension,Serve-Led Winner,Hard-Liability,STALE_NON_AUTHORITATIVE_NOT_REGENERATED,,,
Sofia Kenin,Clay,30,6,Stable Sample,Complete Profile,0.3333333333333333,0.16666666666666666,10.166666666666666,22.0,0.6615384615384615,0.2727272727272727,0.6638333333333334,0.6285000000000001,0.45333333333333337,0.565,charting_raw_spw,2.5,4.6,6.333333333333333,0.47368421052631576,0.42105263157894735,0.415,0.488,0.95,1.2,Average Serve Profile,Weak Return Profile,Balanced BP Profile,Playable Ace Volume,Elevated DF Risk,Backdoor Risk,Collapse Risk,Return-Led Winner,Clay-Neutral,STALE_NON_AUTHORITATIVE_NOT_REGENERATED,,,
Sofia Kenin,Grass,30,5,Usable / Thin,Complete Profile,0.25,0.2,10.0,22.2,0.7358490566037735,0.2,0.7182000000000001,0.6484000000000001,0.5108,0.604,charting_raw_spw,2.8,3.0,4.4,0.5,0.6410256410256411,0.365,0.484,0.92,3.9,Stable Serve Profile,Weak Return Profile,Balanced BP Profile,Playable Ace Volume,Moderate DF Profile,Neutral Separation Profile,Serve-Hold Resistance,Volatile Upside Player,Grass-Resistance,STALE_NON_AUTHORITATIVE_NOT_REGENERATED,,,
Solana Sierra,All,41,41,Stable Sample,Raw Match Log Aggregate,0.5365853658536586,0.2926829268292683,10.121951219512194,20.658536585365855,0.6327014218009479,0.34988179669030733,0.6209024390243902,0.6173414634146341,0.4310487804878049,0.5467183616894705246115407495,reconstructed_from_serve_components,2.875,5.076923076923077,7.7317073170731705,0.4668769716088328,0.5706371191135734,0.4202249024390244,,,,Fragile Serve Profile,Average Return Profile,Balanced BP Profile,Opponent-Dependent Ace Profile,High DF Liability,Low-Data Separation Profile,Low-Data Resistance Profile,,,STALE_NON_AUTHORITATIVE_NOT_REGENERATED,,,
Solana Sierra,Hard,41,17,Stable Sample,Complete Profile,0.35294117647058826,0.17647058823529413,7.9411764705882355,19.058823529411764,0.5864197530864198,0.24242424242424243,0.5885294117647059,0.5817058823529412,0.41141176470588237,0.541,charting_raw_spw,2.4285714285714284,4.533333333333333,5.352941176470588,0.43956043956043955,0.45081967213114754,0.383,0.466,0.83,1.0,Serve Liability,Weak Return Profile,Balanced BP Profile,Opponent-Dependent Ace Profile,Pressure DF Risk,Low Separation Profile,Volatile Resistance,Return-Led Winner,Hard-Liability,STALE_NON_AUTHORITATIVE_NOT_REGENERATED,,,
Solana Sierra,Grass,41,11,Stable Sample,Complete Profile,0.6666666666666666,0.45454545454545453,12.727272727272727,23.181818181818183,0.6929133858267716,0.4126984126984127,0.6193636363636364,0.647909090909091,0.47100000000000003,0.574,charting_raw_spw,3.888888888888889,6.181818181818182,9.545454545454545,0.49523809523809526,0.6355140186915887,0.432,0.506,1.01,6.0,Average Serve Profile,Strong Return Profile,Creator Profile,Grass Ace Boost,High DF Liability,Neutral Separation Profile,Resistance / Set Extension,Volatile Upside Player,Grass-Pressure,STALE_NON_AUTHORITATIVE_NOT_REGENERATED,,,
Sorana Cirstea,All,41,41,Stable Sample,Raw Match Log Aggregate,0.6097560975609756,0.3170731707317073,11.439024390243903,21.682926829268293,0.6928251121076233,0.36613272311212813,0.6027560975609757,0.6807560975609757,0.4637317073170732,0.5945444818560381581826888757,reconstructed_from_serve_components,4.825,3.3947368421052633,9.0,0.44715447154471544,0.5584415584415584,0.44986695121951226,,,,Average Serve Profile,Average Return Profile,Creator Profile,High Ace Upside,Moderate DF Profile,Low-Data Separation Profile,Low-Data Resistance Profile,,,STALE_NON_AUTHORITATIVE_NOT_REGENERATED,,,
Sorana Cirstea,Hard,41,27,Stable Sample,Complete Profile,0.7111111111111111,0.37037037037037035,11.703703703703704,22.703703703703702,0.6893203883495146,0.34105960264900664,0.6013333333333333,0.6776666666666666,0.45888888888888885,0.613,charting_raw_spw,5.7407407407407405,3.8461538461538463,9.037037037037036,0.4426229508196721,0.5869565217391305,0.449,0.531,1.16,7.5,Average Serve Profile,Average Return Profile,Creator Profile,High Ace Upside,Elevated DF Risk,Controlled Separator,Resistance / Set Extension,Volatile Upside Player,Hard-Control,STALE_NON_AUTHORITATIVE_NOT_REGENERATED,,,
Sorana Cirstea,Clay,41,10,Stable Sample,Complete Profile,0.7391304347826086,0.1,10.9,18.0,0.7,0.5227272727272727,0.6158,0.7047,0.47,0.634,charting_raw_spw,2.888888888888889,1.375,9.0,0.5111111111111111,0.4,0.457,0.541,1.25,9.7,Average Serve Profile,Elite Return Profile,Creator Profile,Playable Ace Volume,Clean DF Profile,Controlled Separator,Serve-Hold Resistance,Volatile Upside Player,Clay-Control,STALE_NON_AUTHORITATIVE_NOT_REGENERATED,,,
Sorana Cirstea,Grass,41,4,Usable / Thin,Low Surface Sample,0.3333333333333333,0.5,11.0,24.0,0.7021276595744681,0.23404255319148937,0.57975,0.6417499999999999,0.48075,0.577,charting_raw_spw,3.0,4.5,8.75,0.3142857142857143,0.5757575757575758,0.381,0.476,0.9,2.2,Average Serve Profile,Weak Return Profile,Balanced BP Profile,Grass Ace Boost,Elevated DF Risk,Low Separation Profile,Resistance / Set Extension,Volatile Upside Player,Grass-Resistance,STALE_NON_AUTHORITATIVE_NOT_REGENERATED,,,
Sramkova R.,All,1,1,Low Surface Data,Raw Match Log Aggregate,1.0,0.0,12.0,17.0,1.0,0.375,0.71,0.72,0.46,0.6446,reconstructed_from_serve_components,1.0,1.0,13.0,0.46153846153846156,0.6,0.5624,,,,Average Serve Profile,Average Return Profile,Strong Creator / Strong Survivor,Low Ace Profile,Clean DF Profile,Low-Data Separation Profile,Low-Data Resistance Profile,,,STALE_NON_AUTHORITATIVE_NOT_REGENERATED,,,
Storm Hunter,All,0,0,No Surface Data,Raw Match Missing,,,,,,,,,,,missing_service_components,,,,,,,,,,No Surface Data,No Surface Data,No Surface Data,No Surface Data,No Surface Data,No Surface Data,No Surface Data,,,STALE_NON_AUTHORITATIVE_NOT_REGENERATED,,,
Storm Hunter,Hard,0,0,No Surface Data,Raw Match Missing,0.4074074074074074,,,,,,,,,0.542,charting_raw_spw,,,,,,0.42,0.481,0.92,,No Surface Data,No Surface Data,No Surface Data,No Surface Data,No Surface Data,No Surface Data,No Surface Data,,,STALE_NON_AUTHORITATIVE_NOT_REGENERATED,,,
Storm Hunter,Clay,0,0,No Surface Data,Raw Match Missing,0.25,,,,,,,,,0.52,charting_raw_spw,,,,,,0.421,0.471,0.88,,No Surface Data,No Surface Data,No Surface Data,No Surface Data,No Surface Data,No Surface Data,No Surface Data,,,STALE_NON_AUTHORITATIVE_NOT_REGENERATED,,,
Storm Hunter,Grass,0,0,No Surface Data,Raw Match Missing,0.0,,,,,,,,,0.445,charting_raw_spw,,,,,,0.386,0.415,0.7,,No Surface Data,No Surface Data,No Surface Data,No Surface Data,No Surface Data,No Surface Data,No Surface Data,,,STALE_NON_AUTHORITATIVE_NOT_REGENERATED,,,
Suzan Lamens,All,31,31,Stable Sample,Raw Match Log Aggregate,0.45161290322580644,0.3870967741935484,10.92,22.870967741935484,0.6290909090909091,0.35587188612099646,0.59432,0.63964,0.43412,0.5562646464,reconstructed_from_serve_components,1.8571428571428572,5.6,6.612903225806452,0.4878048780487805,0.5072463768115942,0.43884008,,,,Fragile Serve Profile,Average Return Profile,Balanced BP Profile,Opponent-Dependent Ace Profile,High DF Liability,Low-Data Separation Profile,Low-Data Resistance Profile,,,STALE_NON_AUTHORITATIVE_NOT_REGENERATED,,,
Suzan Lamens,Hard,31,14,Stable Sample,Complete Profile,0.3157894736842105,0.5,10.1,23.5,0.5625,0.3275862068965517,0.5859,0.5802,0.41230000000000006,0.518,charting_raw_spw,1.7777777777777777,6.5,5.357142857142857,0.5066666666666667,0.4367816091954023,0.442,0.48,0.92,1.7,Serve Liability,Low Return Profile,Balanced BP Profile,Opponent-Dependent Ace Profile,High DF Liability,Backdoor Risk,Resistance / Set Extension,Volatile Upside Player,Hard-Liability,STALE_NON_AUTHORITATIVE_NOT_REGENERATED,,,
Suzan Lamens,Clay,31,10,Stable Sample,Complete Profile,No Surface W/L,0.3,11.625,23.1,0.6263736263736264,0.3956043956043956,0.5836250000000001,0.653375,0.431375,0.5609397500000000222000,reconstructed_from_serve_components,1.8571428571428572,5.5,7.8,0.46153846153846156,0.5466666666666666,0.453111,,,,Fragile Serve Profile,Strong Return Profile,Balanced BP Profile,Opponent-Dependent Ace Profile,High DF Liability,Low-Data Separation Profile,Low-Data Resistance Profile,,,STALE_NON_AUTHORITATIVE_NOT_REGENERATED,,,
Suzan Lamens,Grass,31,7,Stable Sample,Complete Profile,0.42857142857142855,0.2857142857142857,11.285714285714286,21.285714285714285,0.7361111111111112,0.35135135135135137,0.6185714285714285,0.7088571428571429,0.4684285714285714,0.571,charting_raw_spw,2.0,4.428571428571429,7.428571428571429,0.5,0.5777777777777777,0.409,0.488,0.95,4.8,Average Serve Profile,Average Return Profile,Balanced BP Profile,Opponent-Dependent Ace Profile,Elevated DF Risk,Neutral Separation Profile,Serve-Hold Resistance,Volatile Upside Player,Grass-Neutral,STALE_NON_AUTHORITATIVE_NOT_REGENERATED,,,
Talia Gibson,All,47,47,Stable Sample,Raw Match Log Aggregate,0.5652173913043478,0.40425531914893614,11.666666666666666,23.108695652173914,0.7093690248565966,0.31650485436893205,0.6072608695652174,0.6830652173913043,0.47945652173913045,0.6031001153119092414639886579,reconstructed_from_serve_components,4.978260869565218,4.521739130434782,7.826086956521739,0.4527777777777778,0.5568513119533528,0.4253499130434783,,,,Average Serve Profile,Low Return Profile,Balanced BP Profile,High Ace Upside,Elevated DF Risk,Low-Data Separation Profile,Low-Data Resistance Profile,,,STALE_NON_AUTHORITATIVE_NOT_REGENERATED,,,
Talia Gibson,Hard,47,24,Stable Sample,Complete Profile,0.5294117647058824,0.3333333333333333,11.636363636363637,22.17391304347826,0.74,0.3292181069958848,0.575304347826087,0.7143913043478259,0.48673913043478256,0.611,charting_raw_spw,5.478260869565218,4.0,7.304347826086956,0.47619047619047616,0.622093023255814,0.397,0.503,1.02,5.8,Stable Serve Profile,Low Return Profile,Balanced BP Profile,High Ace Upside,Elevated DF Risk,Neutral Separation Profile,Resistance / Set Extension,Volatile Upside Player,Hard-Resistance,STALE_NON_AUTHORITATIVE_NOT_REGENERATED,,,
Talia Gibson,Clay,47,9,Stable Sample,Complete Profile,0.2,0.5555555555555556,10.0,22.88888888888889,0.5533980582524272,0.32673267326732675,0.6095555555555555,0.61,0.39477777777777784,0.487,charting_raw_spw,3.7777777777777777,5.111111111111111,9.222222222222221,0.39759036144578314,0.4588235294117647,0.396,0.443,0.77,1.0,Serve Liability,Low Return Profile,Balanced BP Profile,Playable Ace Volume,Pressure DF Risk,Backdoor Risk,Resistance / Set Extension,Volatile Upside Player,Clay-Liability,STALE_NON_AUTHORITATIVE_NOT_REGENERATED,,,
Talia Gibson,Grass,47,14,Stable Sample,Complete Profile,0.4,0.42857142857142855,12.785714285714286,24.785714285714285,0.7588235294117647,0.29239766081871343,0.6582857142857144,0.6785714285714286,0.5219285714285714,0.601,charting_raw_spw,4.928571428571429,5.0,7.785714285714286,0.45871559633027525,0.5232558139534884,0.378,0.488,0.95,3.0,Average Serve Profile,Low Return Profile,Balanced BP Profile,Grass Ace Boost,Elevated DF Risk,Neutral Separation Profile,Resistance / Set Extension,Volatile Upside Player,Grass-Neutral,STALE_NON_AUTHORITATIVE_NOT_REGENERATED,,,
Tamara Korpatsch,All,33,33,Stable Sample,Raw Match Log Aggregate,0.5151515151515151,0.45454545454545453,11.433333333333334,22.363636363636363,0.6275659824046921,0.38972809667673713,0.6211666666666666,0.6237333333333334,0.4413,0.5546215055555555848044444444,reconstructed_from_serve_components,2.5555555555555554,4.137931034482759,7.696969696969697,0.5078740157480315,0.5849673202614379,0.4557983333333333,,,,Fragile Serve Profile,Strong Return Profile,Balanced BP Profile,Opponent-Dependent Ace Profile,Elevated DF Risk,Low-Data Separation Profile,Low-Data Resistance Profile,,,STALE_NON_AUTHORITATIVE_NOT_REGENERATED,,,
Tamara Korpatsch,Hard,33,15,Stable Sample,Complete Profile,0.75,0.26666666666666666,10.25,20.0,0.6585365853658537,0.35,0.6249166666666667,0.63625,0.4334166666666667,0.563,charting_raw_spw,3.2857142857142856,4.416666666666667,6.333333333333333,0.4421052631578947,0.5578947368421052,0.476,0.52,1.09,6.1,Fragile Serve Profile,Average Return Profile,Balanced BP Profile,Opponent-Dependent Ace Profile,Elevated DF Risk,Neutral Separation Profile,Neutral Resistance Profile,Volatile Upside Player,Hard-Neutral,STALE_NON_AUTHORITATIVE_NOT_REGENERATED,,,
Tamara Korpatsch,Clay,33,14,Stable Sample,Complete Profile,0.6363636363636364,0.7142857142857143,12.928571428571429,24.714285714285715,0.5872093023255814,0.47904191616766467,0.6404285714285715,0.6003571428571428,0.4567857142857143,0.551,charting_raw_spw,1.625,3.923076923076923,9.928571428571429,0.5755395683453237,0.5965909090909091,0.463,0.507,1.03,5.4,Fragile Serve Profile,Elite Return Profile,Creator Profile,Low Ace Profile,Moderate DF Profile,Break-and-Giveback Risk,Resistance / Set Extension,Volatile Upside Player,Clay-Pressure,STALE_NON_AUTHORITATIVE_NOT_REGENERATED,,,
Tamara Korpatsch,Grass,33,4,Usable / Thin,Low Surface Sample,0.0,0.25,9.75,23.0,0.6956521739130435,0.1590909090909091,0.5425,0.6679999999999999,0.41075,0.533,charting_raw_spw,3.3333333333333335,4.0,5.0,0.35,0.6,0.313,0.432,0.67,1.4,Fragile Serve Profile,Weak Return Profile,Balanced BP Profile,Opponent-Dependent Ace Profile,Elevated DF Risk,Low Separation Profile,Volatile Resistance,Volatile Upside Player,Grass-Neutral,STALE_NON_AUTHORITATIVE_NOT_REGENERATED,,,
Tamara Zidansek,All,15,15,Stable Sample,Raw Match Log Aggregate,0.6,0.3333333333333333,11.23076923076923,21.133333333333333,0.5755395683453237,0.4714285714285714,0.6124615384615385,0.576076923076923,0.46815384615384614,0.5342525798816567564062721893,reconstructed_from_serve_components,1.4285714285714286,4.166666666666667,8.8,0.5,0.49572649572649574,0.4931464615384616,,,,Serve Liability,Elite Return Profile,Creator Profile,Low Ace Profile,Elevated DF Risk,Low-Data Separation Profile,Low-Data Resistance Profile,,,STALE_NON_AUTHORITATIVE_NOT_REGENERATED,,,
Tamara Zidansek,Hard,15,0,No Surface Data,No Surface Match Sample,0.5,,,,,,,,,0.552,charting_raw_spw,,,,,,0.369,0.462,0.82,,No Surface Data,No Surface Data,No Surface Data,No Surface Data,No Surface Data,No Surface Data,No Surface Data,,,STALE_NON_AUTHORITATIVE_NOT_REGENERATED,,,
Tamara Zidansek,Clay,15,15,Stable Sample,Complete Profile,0.75,0.3333333333333333,11.23076923076923,21.133333333333333,0.5755395683453237,0.4714285714285714,0.6124615384615385,0.576076923076923,0.46815384615384614,0.54,charting_raw_spw,1.4285714285714286,4.166666666666667,8.8,0.5,0.49572649572649574,0.477,0.509,1.04,4.3,Serve Liability,Elite Return Profile,Creator Profile,Low Ace Profile,Elevated DF Risk,Break-and-Giveback Risk,Resistance / Set Extension,Return-Led Winner,Clay-Pressure,STALE_NON_AUTHORITATIVE_NOT_REGENERATED,,,
Tamara Zidansek,Grass,15,0,No Surface Data,No Surface Match Sample,No Surface W/L,,,,,,,,,,missing_service_components,,,,,,,,,,No Surface Data,No Surface Data,No Surface Data,No Surface Data,No Surface Data,No Surface Data,No Surface Data,,,STALE_NON_AUTHORITATIVE_NOT_REGENERATED,,,
Tararudee L.,All,1,1,Low Surface Data,Raw Match Log Aggregate,1.0,1.0,12.0,27.0,0.9,0.3,0.64,0.71,0.59,0.6668,reconstructed_from_serve_components,2.0,6.0,15.0,0.2,0.8571428571428571,0.419,,,,Stable Serve Profile,Low Return Profile,Balanced BP Profile,Opponent-Dependent Ace Profile,High DF Liability,Low-Data Separation Profile,Low-Data Resistance Profile,,,STALE_NON_AUTHORITATIVE_NOT_REGENERATED,,,
Tatiana Prozorova,All,11,11,Stable Sample,Raw Match Log Aggregate,0.5454545454545454,0.5454545454545454,12.9,23.90909090909091,0.7049180327868853,0.3805309734513274,0.626,0.66,0.507,0.602778,reconstructed_from_serve_components,2.2,2.4,8.6,0.5,0.5142857142857142,0.432566,,,,Average Serve Profile,Strong Return Profile,Creator Profile,Low Ace Profile,Moderate DF Profile,Low-Data Separation Profile,Low-Data Resistance Profile,,,STALE_NON_AUTHORITATIVE_NOT_REGENERATED,,,
Tatiana Prozorova,Hard,11,10,Stable Sample,Complete Profile,0.6774193548387096,0.5,12.666666666666666,23.0,0.6981132075471698,0.4166666666666667,0.63,0.6488888888888888,0.5155555555555555,0.619,charting_raw_spw,2.111111111111111,2.111111111111111,8.11111111111111,0.547945205479452,0.5161290322580645,0.447,0.533,1.17,9.0,Average Serve Profile,Strong Return Profile,Creator Profile,Low Ace Profile,Clean DF Profile,Controlled Separator,Resistance / Set Extension,Return-Led Winner,Hard-Control,STALE_NON_AUTHORITATIVE_NOT_REGENERATED,,,
Tatiana Prozorova,Clay,11,0,No Surface Data,No Surface Match Sample,0.5,,,,,,,,,0.496,charting_raw_spw,,,,,,0.571,0.537,1.13,,No Surface Data,No Surface Data,No Surface Data,No Surface Data,No Surface Data,No Surface Data,No Surface Data,,,STALE_NON_AUTHORITATIVE_NOT_REGENERATED,,,
Tatiana Prozorova,Grass,11,1,Low Surface Data,Low Surface Sample,0.6666666666666666,1.0,15.0,33.0,0.75,0.17647058823529413,0.59,0.76,0.43,0.567,charting_raw_spw,3.0,5.0,13.0,0.23076923076923078,0.5,0.483,0.525,1.12,6.0,Fragile Serve Profile,Weak Return Profile,Balanced BP Profile,Low Ace Profile,Elevated DF Risk,Serve-Led Separator,Resistance / Set Extension,Volatile Upside Player,Grass-Control,STALE_NON_AUTHORITATIVE_NOT_REGENERATED,,,
Tatjana Maria,All,51,51,Stable Sample,Raw Match Log Aggregate,0.45098039215686275,0.19607843137254902,10.058823529411764,20.11764705882353,0.66015625,0.3458498023715415,0.596764705882353,0.6662745098039216,0.4470980392156862,0.5778948212226066913044982699,reconstructed_from_serve_components,4.5,2.7777777777777777,7.235294117647059,0.4715447154471545,0.5260273972602739,0.43845664705882353,,,,Average Serve Profile,Average Return Profile,Balanced BP Profile,High Ace Upside,Moderate DF Profile,Low-Data Separation Profile,Low-Data Resistance Profile,,,STALE_NON_AUTHORITATIVE_NOT_REGENERATED,,,
Tatjana Maria,Hard,51,23,Stable Sample,Complete Profile,0.21739130434782608,0.30434782608695654,10.130434782608695,22.47826086956522,0.6147859922178989,0.2952755905511811,0.5779130434782609,0.6287826086956522,0.4296086956521739,0.539,charting_raw_spw,3.8095238095238093,3.4347826086956523,7.695652173913044,0.423728813559322,0.5099009900990099,0.402,0.471,0.87,1.9,Fragile Serve Profile,Low Return Profile,Balanced BP Profile,Playable Ace Volume,Elevated DF Risk,Backdoor Risk,Resistance / Set Extension,Volatile Upside Player,Hard-Liability,STALE_NON_AUTHORITATIVE_NOT_REGENERATED,,,
Tatjana Maria,Clay,51,10,Stable Sample,Complete Profile,0.42857142857142855,0.0,8.2,17.3,0.5813953488372093,0.37209302325581395,0.6029,0.6289,0.4125,0.567,charting_raw_spw,4.3,1.5,5.9,0.5423728813559322,0.47058823529411764,0.43,0.499,0.99,3.7,Fragile Serve Profile,Average Return Profile,Balanced BP Profile,High Ace Upside,Moderate DF Profile,Neutral Separation Profile,Neutral Resistance Profile,Volatile Upside Player,Clay-Neutral,STALE_NON_AUTHORITATIVE_NOT_REGENERATED,,,
Tatjana Maria,Grass,51,18,Stable Sample,Complete Profile,0.6363636363636364,0.16666666666666666,11.0,18.666666666666668,0.7692307692307693,0.40963855421686746,0.6174444444444445,0.7349444444444445,0.4886666666666667,0.608,charting_raw_spw,5.470588235294118,2.4285714285714284,7.388888888888889,0.5037593984962406,0.6,0.439,0.524,1.12,10.0,Stable Serve Profile,Strong Return Profile,Balanced BP Profile,High Ace Upside,Moderate DF Profile,Clean Separator,Stable Resistance,Volatile Upside Player,Grass-Control,STALE_NON_AUTHORITATIVE_NOT_REGENERATED,,,
Taylah Preston,All,28,28,Stable Sample,Raw Match Log Aggregate,0.5714285714285714,0.39285714285714285,10.777777777777779,22.214285714285715,0.6927083333333334,0.3128205128205128,0.6258888888888888,0.625611111111111,0.5255555555555556,0.5881792160493826542395061729,reconstructed_from_serve_components,1.9166666666666667,3.888888888888889,4.392857142857143,0.4959349593495935,0.593103448275862,0.3958881666666667,,,,Average Serve Profile,Low Return Profile,Balanced BP Profile,Low Ace Profile,Elevated DF Risk,Low-Data Separation Profile,Low-Data Resistance Profile,,,STALE_NON_AUTHORITATIVE_NOT_REGENERATED,,,
Taylah Preston,Hard,28,18,Stable Sample,Complete Profile,0.6666666666666666,0.3888888888888889,10.125,21.88888888888889,0.7215189873417721,0.2926829268292683,0.5935,0.66325,0.504625,0.524,charting_raw_spw,2.2857142857142856,4.875,2.7777777777777777,0.48,0.6666666666666666,0.49,0.507,1.03,5.1,Stable Serve Profile,Low Return Profile,Balanced BP Profile,Low Ace Profile,High DF Liability,Serve-Led Separator,Resistance / Set Extension,Volatile Upside Player,Hard-Neutral,STALE_NON_AUTHORITATIVE_NOT_REGENERATED,,,
Taylah Preston,Clay,28,3,Usable / Thin,Low Surface Sample,No Surface W/L,0.0,9.333333333333334,18.0,0.6071428571428571,0.4230769230769231,0.6510000000000001,0.6030000000000001,0.494,0.5649590000000000760000000000,reconstructed_from_serve_components,1.0,2.3333333333333335,6.333333333333333,0.5789473684210527,0.42105263157894735,0.5282406666666667,,,,Fragile Serve Profile,Elite Return Profile,Balanced BP Profile,Low Ace Profile,Moderate DF Profile,Low-Data Separation Profile,Low-Data Resistance Profile,,,STALE_NON_AUTHORITATIVE_NOT_REGENERATED,,,
Taylah Preston,Grass,28,7,Stable Sample,Complete Profile,0.5,0.5714285714285714,12.142857142857142,24.857142857142858,0.6941176470588235,0.2988505747126437,0.6521428571428571,0.5922857142857143,0.5630000000000001,0.534,charting_raw_spw,1.5,3.4285714285714284,7.714285714285714,0.48148148148148145,0.5666666666666667,0.476,0.504,1.02,4.7,Fragile Serve Profile,Low Return Profile,Balanced BP Profile,Low Ace Profile,Moderate DF Profile,Neutral Separation Profile,Resistance / Set Extension,Return-Led Winner,Grass-Neutral,STALE_NON_AUTHORITATIVE_NOT_REGENERATED,,,
Taylor Townsend,All,42,42,Stable Sample,Raw Match Log Aggregate,0.6190476190476191,0.2619047619047619,11.452380952380953,22.023809523809526,0.7665198237885462,0.2962138084632517,0.6612619047619048,0.6980238095238094,0.4836904761904762,0.6254209444444443739650793650,reconstructed_from_serve_components,4.809523809523809,2.263157894736842,7.571428571428571,0.41823899371069184,0.6547231270358306,0.4293907142857143,,,,Stable Serve Profile,Low Return Profile,Balanced BP Profile,High Ace Upside,Moderate DF Profile,Low-Data Separation Profile,Low-Data Resistance Profile,,,STALE_NON_AUTHORITATIVE_NOT_REGENERATED,,,
Taylor Townsend,Hard,42,29,Stable Sample,Complete Profile,0.65,0.3103448275862069,11.862068965517242,23.103448275862068,0.7723076923076924,0.28703703703703703,0.6658275862068966,0.7090344827586206,0.486,0.629,charting_raw_spw,5.379310344827586,2.5185185185185186,7.9655172413793105,0.4025974025974026,0.6476190476190476,0.432,0.527,1.16,9.0,Stable Serve Profile,Low Return Profile,Balanced BP Profile,High Ace Upside,Moderate DF Profile,Serve-Led Separator,Resistance / Set Extension,Volatile Upside Player,Hard-Control,STALE_NON_AUTHORITATIVE_NOT_REGENERATED,,,
Taylor Townsend,Grass,42,6,Stable Sample,Complete Profile,0.25,0.16666666666666666,11.166666666666666,19.5,0.7931034482758621,0.3620689655172414,0.6753333333333335,0.6991666666666667,0.5163333333333333,0.569,charting_raw_spw,4.5,1.4,6.833333333333333,0.5121951219512195,0.7142857142857143,0.375,0.473,0.87,6.1,Elite Serve Profile,Low Return Profile,Balanced BP Profile,High Ace Upside,Clean DF Profile,Low Separation Profile,Serve-Hold Resistance,Volatile Upside Player,Grass-Neutral,STALE_NON_AUTHORITATIVE_NOT_REGENERATED,,,
Teodora Kostovic,All,0,0,No Surface Data,Raw Match Missing,,,,,,,,,,,missing_service_components,,,,,,,,,,No Surface Data,No Surface Data,No Surface Data,No Surface Data,No Surface Data,No Surface Data,No Surface Data,,,STALE_NON_AUTHORITATIVE_NOT_REGENERATED,,,
Teodora Kostovic,Hard,0,0,No Surface Data,Raw + Charting Missing,No Surface W/L,,,,,,,,,,missing_service_components,,,,,,,,,,No Surface Data,No Surface Data,No Surface Data,No Surface Data,No Surface Data,No Surface Data,No Surface Data,,,STALE_NON_AUTHORITATIVE_NOT_REGENERATED,,,
Teodora Kostovic,Grass,0,0,No Surface Data,Raw + Charting Missing,No Surface W/L,,,,,,,,,,missing_service_components,,,,,,,,,,No Surface Data,No Surface Data,No Surface Data,No Surface Data,No Surface Data,No Surface Data,No Surface Data,,,STALE_NON_AUTHORITATIVE_NOT_REGENERATED,,,
Tereza Valentova,All,31,31,Stable Sample,Raw Match Log Aggregate,0.5806451612903226,0.45161290322580644,11.866666666666667,23.032258064516128,0.6288343558282209,0.45209580838323354,0.6068666666666666,0.6362666666666666,0.4358000000000001,0.5574565377777777632688888889,reconstructed_from_serve_components,2.6956521739130435,4.275862068965517,10.290322580645162,0.47335423197492166,0.5583941605839416,0.47918913333333335,,,,Fragile Serve Profile,Elite Return Profile,Creator Profile,Opponent-Dependent Ace Profile,Elevated DF Risk,Low-Data Separation Profile,Low-Data Resistance Profile,,,STALE_NON_AUTHORITATIVE_NOT_REGENERATED,,,
Tereza Valentova,Hard,31,17,Stable Sample,Complete Profile,0.5909090909090909,0.4117647058823529,11.125,22.294117647058822,0.6687116564417178,0.41566265060240964,0.593875,0.6795,0.4021875,0.576,charting_raw_spw,2.857142857142857,4.533333333333333,9.352941176470589,0.4339622641509434,0.5573770491803278,0.459,0.515,1.08,7.4,Fragile Serve Profile,Strong Return Profile,Creator Profile,Playable Ace Volume,Elevated DF Risk,Break-and-Giveback Risk,Resistance / Set Extension,Volatile Upside Player,Hard-Pressure,STALE_NON_AUTHORITATIVE_NOT_REGENERATED,,,
Tereza Valentova,Clay,31,10,Stable Sample,Complete Profile,0.25,0.5,12.7,23.8,0.5775862068965517,0.5,0.6387999999999999,0.5886,0.4606,0.526,charting_raw_spw,2.3333333333333335,4.0,12.1,0.49586776859504134,0.5847457627118644,0.453,0.488,0.96,3.3,Serve Liability,Elite Return Profile,Creator Profile,Opponent-Dependent Ace Profile,Elevated DF Risk,Break-and-Giveback Risk,Resistance / Set Extension,Return-Led Winner,Clay-Pressure,STALE_NON_AUTHORITATIVE_NOT_REGENERATED,,,
Tereza Valentova,Grass,31,4,Usable / Thin,Low Surface Sample,0.5,0.5,12.75,24.25,0.6170212765957447,0.4583333333333333,0.579,0.5825,0.50825,0.533,charting_raw_spw,2.6666666666666665,4.0,9.75,0.5641025641025641,0.47058823529411764,0.451,0.493,0.97,3.4,Fragile Serve Profile,Elite Return Profile,Creator Profile,Opponent-Dependent Ace Profile,Elevated DF Risk,Break-and-Giveback Risk,Resistance / Set Extension,Return-Led Winner,Grass-Pressure,STALE_NON_AUTHORITATIVE_NOT_REGENERATED,,,
Tessa Johanna Brockmann,All,8,8,Stable Sample,Raw Match Log Aggregate,0.625,0.25,8.8,18.625,0.5,0.4772727272727273,0.6859999999999999,0.514,0.382,0.4725519999999999868,reconstructed_from_serve_components,0.6,3.6,5.5,0.4772727272727273,0.34285714285714286,0.47520000000000007,,,,Serve Liability,Elite Return Profile,Balanced BP Profile,Low Ace Profile,Pressure DF Risk,Low-Data Separation Profile,Low-Data Resistance Profile,,,STALE_NON_AUTHORITATIVE_NOT_REGENERATED,,,
Tessa Johanna Brockmann,Clay,8,8,Stable Sample,Complete Profile,0.8,0.25,8.8,18.625,0.5,0.4772727272727273,0.6859999999999999,0.514,0.382,0.607,charting_raw_spw,0.6,3.6,5.5,0.4772727272727273,0.34285714285714286,0.436,0.519,1.11,4.5,Serve Liability,Strong Return Profile,Balanced BP Profile,Low Ace Profile,Pressure DF Risk,Break-and-Giveback Risk,Collapse Risk,Return-Led Winner,Clay-Neutral,STALE_NON_AUTHORITATIVE_NOT_REGENERATED,,,
Tijana Kostovic,All,1,1,Low Surface Data,Raw Match Log Aggregate,0.0,1.0,12.0,30.0,0.6666666666666666,0.6666666666666666,0.7,0.73,0.31,0.604,reconstructed_from_serve_components,1.0,5.0,12.0,0.5,0.25,0.5384,,,,Serve Liability,Elite Return Profile,Strong Creator / Weak Survivor,Low Ace Profile,High DF Liability,Low-Data Separation Profile,Low-Data Resistance Profile,,,STALE_NON_AUTHORITATIVE_NOT_REGENERATED,,,
Tina Nadine Smith,All,1,1,Low Surface Data,Raw Match Log Aggregate,1.0,0.0,12.0,26.0,0.5833333333333334,0.4166666666666667,0.5,0.56,0.58,0.570,reconstructed_from_serve_components,3.0,1.0,13.0,0.38461538461538464,0.4444444444444444,0.4659,,,,Fragile Serve Profile,Strong Return Profile,Balanced BP Profile,Playable Ace Volume,Clean DF Profile,Low-Data Separation Profile,Low-Data Resistance Profile,,,STALE_NON_AUTHORITATIVE_NOT_REGENERATED,,,
Tyra Caterina Grant,All,4,4,Usable / Thin,Raw Match Log Aggregate,1.0,0.25,10.75,21.5,0.7906976744186046,0.21428571428571427,0.57,0.7475,0.5175,0.648600,reconstructed_from_serve_components,4.0,6.0,3.5,0.6428571428571429,0.47058823529411764,0.35,,,,Average Serve Profile,Weak Return Profile,Low Pressure / Weak Survivor,High Ace Upside,High DF Liability,Low-Data Separation Profile,Low-Data Resistance Profile,,,STALE_NON_AUTHORITATIVE_NOT_REGENERATED,,,
Tyra Caterina Grant,Hard,4,0,No Surface Data,No Surface Match Sample,0.6285714285714286,,,,,,,,,0.593,charting_raw_spw,,,,,,0.421,0.505,1.04,,No Surface Data,No Surface Data,No Surface Data,No Surface Data,No Surface Data,No Surface Data,No Surface Data,,,STALE_NON_AUTHORITATIVE_NOT_REGENERATED,,,
Tyra Caterina Grant,Grass,4,4,Usable / Thin,Low Surface Sample,No Surface W/L,0.25,10.75,21.5,0.7906976744186046,0.21428571428571427,0.57,0.7475,0.5175,0.648600,reconstructed_from_serve_components,4.0,6.0,3.5,0.6428571428571429,0.47058823529411764,0.35,,,,Average Serve Profile,Weak Return Profile,Low Pressure / Weak Survivor,High Ace Upside,High DF Liability,Low-Data Separation Profile,Low-Data Resistance Profile,,,STALE_NON_AUTHORITATIVE_NOT_REGENERATED,,,
Varvara Lepchenko,All,12,12,Stable Sample,Raw Match Log Aggregate,0.4166666666666667,0.4166666666666667,9.5,21.416666666666668,0.5572519083969466,0.328,0.6741666666666667,0.595,0.4091666666666666,0.5344493055555555400277777778,reconstructed_from_serve_components,2.1666666666666665,1.75,7.25,0.47126436781609193,0.5289256198347108,0.4162633333333334,,,,Serve Liability,Low Return Profile,Balanced BP Profile,Low Ace Profile,Moderate DF Profile,Low-Data Separation Profile,Low-Data Resistance Profile,,,STALE_NON_AUTHORITATIVE_NOT_REGENERATED,,,
Varvara Lepchenko,Hard,12,8,Stable Sample,Complete Profile,0.0,0.375,8.625,20.125,0.5256410256410257,0.37333333333333335,0.69125,0.60125,0.38125,0.46,charting_raw_spw,2.375,1.25,8.375,0.417910447761194,0.5555555555555556,0.351,0.402,0.65,2.4,Serve Liability,Low Return Profile,Creator Profile,Playable Ace Volume,Moderate DF Profile,Low Separation Profile,Volatile Resistance,Return-Led Winner,Hard-Pressure,STALE_NON_AUTHORITATIVE_NOT_REGENERATED,,,
Varvara Lepchenko,Clay,12,4,Usable / Thin,Low Surface Sample,0.5,0.5,11.25,24.0,0.6037735849056604,0.26,0.64,0.5825,0.465,0.585,charting_raw_spw,1.75,2.75,5.0,0.65,0.475,0.429,0.508,1.04,3.0,Fragile Serve Profile,Weak Return Profile,Balanced BP Profile,Low Ace Profile,Moderate DF Profile,Backdoor Risk,Resistance / Set Extension,Return-Led Winner,Clay-Neutral,STALE_NON_AUTHORITATIVE_NOT_REGENERATED,,,
Varvara Lepchenko,Grass,12,0,No Surface Data,No Surface Match Sample,No Surface W/L,,,,,,,,,,missing_service_components,,,,,,,,,,No Surface Data,No Surface Data,No Surface Data,No Surface Data,No Surface Data,No Surface Data,No Surface Data,,,STALE_NON_AUTHORITATIVE_NOT_REGENERATED,,,
Vedder E.,All,1,1,Low Surface Data,Raw Match Log Aggregate,0.0,1.0,9.0,25.0,0.5,0.23076923076923078,0.59,0.61,0.39,0.5198,reconstructed_from_serve_components,2.0,,6.0,0.5,0.4,0.39239999999999997,,,,Serve Liability,Weak Return Profile,Balanced BP Profile,Opponent-Dependent Ace Profile,Low-Data DF Profile,Low-Data Separation Profile,Low-Data Resistance Profile,,,STALE_NON_AUTHORITATIVE_NOT_REGENERATED,,,
Venus Williams,All,14,14,Stable Sample,Raw Match Log Aggregate,0.07142857142857142,0.42857142857142855,10.923076923076923,23.857142857142858,0.6578947368421053,0.28,0.5992307692307692,0.6607692307692308,0.4107692307692308,0.5605769230769231000000000000,reconstructed_from_serve_components,4.230769230769231,4.615384615384615,7.071428571428571,0.42424242424242425,0.584,0.4113184615384615,,,,Fragile Serve Profile,Low Return Profile,Balanced BP Profile,High Ace Upside,Elevated DF Risk,Low-Data Separation Profile,Low-Data Resistance Profile,,,STALE_NON_AUTHORITATIVE_NOT_REGENERATED,,,
Venus Williams,Hard,14,7,Stable Sample,Complete Profile,0.1,0.2857142857142857,9.428571428571429,22.571428571428573,0.5974025974025974,0.26666666666666666,0.5914285714285714,0.6485714285714286,0.37714285714285717,0.531,charting_raw_spw,3.5714285714285716,4.142857142857143,6.142857142857143,0.46511627906976744,0.5230769230769231,0.385,0.459,0.82,1.0,Serve Liability,Weak Return Profile,Balanced BP Profile,Playable Ace Volume,Elevated DF Risk,Backdoor Risk,Volatile Resistance,Volatile Upside Player,Hard-Liability,STALE_NON_AUTHORITATIVE_NOT_REGENERATED,,,
Venus Williams,Clay,14,2,Low Surface Data,Low Surface Sample,0.0,0.0,17.0,18.0,0.7333333333333333,0.4,0.59,0.75,0.38,0.478,charting_raw_spw,11.0,7.0,7.0,0.42857142857142855,0.6666666666666666,0.377,0.434,0.72,4.7,Serve Liability,Low Return Profile,Balanced BP Profile,High Ace Upside,High DF Liability,Low Separation Profile,Neutral Resistance Profile,Volatile Upside Player,Clay-Liability,STALE_NON_AUTHORITATIVE_NOT_REGENERATED,,,
Venus Williams,Grass,14,5,Usable / Thin,Complete Profile,No Surface W/L,0.8,11.8,28.0,0.7166666666666667,0.26666666666666666,0.612,0.66,0.46399999999999997,0.58395199999999998836,reconstructed_from_serve_components,3.8,4.8,8.4,0.38095238095238093,0.6458333333333334,0.39462,,,,Average Serve Profile,Weak Return Profile,Balanced BP Profile,Playable Ace Volume,Elevated DF Risk,Low-Data Separation Profile,Low-Data Resistance Profile,,,STALE_NON_AUTHORITATIVE_NOT_REGENERATED,,,
Veronika Erjavec,All,30,30,Stable Sample,Raw Match Log Aggregate,0.36666666666666664,0.23333333333333334,9.633333333333333,20.766666666666666,0.6078431372549019,0.33225806451612905,0.6173666666666666,0.5883333333333334,0.47223333333333334,0.5439096033333333693020000000,reconstructed_from_serve_components,1.8235294117647058,1.7894736842105263,6.733333333333333,0.5099009900990099,0.4642857142857143,0.43721433333333337,,,,Fragile Serve Profile,Average Return Profile,Balanced BP Profile,Low Ace Profile,Clean DF Profile,Low-Data Separation Profile,Low-Data Resistance Profile,,,STALE_NON_AUTHORITATIVE_NOT_REGENERATED,,,
Veronika Erjavec,Hard,30,13,Stable Sample,Complete Profile,0.2,0.3076923076923077,9.461538461538462,21.307692307692307,0.5882352941176471,0.3115942028985507,0.6224615384615385,0.5869230769230769,0.4093846153846154,0.485,charting_raw_spw,2.0,1.75,7.230769230769231,0.4574468085106383,0.4909090909090909,0.406,0.446,0.79,1.3,Fragile Serve Profile,Low Return Profile,Balanced BP Profile,Low Ace Profile,Moderate DF Profile,Backdoor Risk,Resistance / Set Extension,Return-Led Winner,Hard-Liability,STALE_NON_AUTHORITATIVE_NOT_REGENERATED,,,
Veronika Erjavec,Grass,30,5,Usable / Thin,Complete Profile,0.0,0.6,11.8,26.2,0.640625,0.2727272727272727,0.6092,0.5636,0.47859999999999997,0.539,charting_raw_spw,1.3333333333333333,2.5,6.2,0.5806451612903226,0.43902439024390244,0.413,0.481,0.9,1.0,Fragile Serve Profile,Weak Return Profile,Balanced BP Profile,Low Ace Profile,Clean DF Profile,Backdoor Risk,Resistance / Set Extension,Return-Led Winner,Grass-Neutral,STALE_NON_AUTHORITATIVE_NOT_REGENERATED,,,
Veronika Podrez,All,10,10,Stable Sample,Raw Match Log Aggregate,0.6,0.4,12.0,22.4,0.6727272727272727,0.40350877192982454,0.5612999999999999,0.662,0.45010000000000006,0.5690394700000000051320000000,reconstructed_from_serve_components,2.6666666666666665,7.5,9.1,0.5054945054945055,0.64,0.46662,,,,Average Serve Profile,Strong Return Profile,Creator Profile,Low Ace Profile,High DF Liability,Low-Data Separation Profile,Low-Data Resistance Profile,,,STALE_NON_AUTHORITATIVE_NOT_REGENERATED,,,
Veronika Podrez,Hard,10,10,Stable Sample,Complete Profile,0.0,0.4,12.0,22.4,0.6727272727272727,0.40350877192982454,0.5612999999999999,0.662,0.45010000000000006,0.485,charting_raw_spw,2.6666666666666665,7.5,9.1,0.5054945054945055,0.64,0.409,0.449,0.79,4.0,Average Serve Profile,Average Return Profile,Creator Profile,Low Ace Profile,High DF Liability,Break-and-Giveback Risk,Resistance / Set Extension,Volatile Upside Player,Hard-Pressure,STALE_NON_AUTHORITATIVE_NOT_REGENERATED,,,
Victoria Jimenez Kasintseva,All,11,11,Stable Sample,Raw Match Log Aggregate,0.36363636363636365,0.45454545454545453,10.090909090909092,22.181818181818183,0.5462184873949579,0.38333333333333336,0.7072727272727274,0.55,0.41,0.509018181818181836,reconstructed_from_serve_components,1.4545454545454546,3.909090909090909,9.181818181818182,0.45544554455445546,0.5045871559633027,0.44771818181818185,,,,Serve Liability,Strong Return Profile,Creator Profile,Opponent-Dependent Ace Profile,Pressure DF Risk,Low-Data Separation Profile,Low-Data Resistance Profile,,,STALE_NON_AUTHORITATIVE_NOT_REGENERATED,,,
Victoria Jimenez Kasintseva,Hard,11,2,Low Surface Data,Low Surface Sample,0.4166666666666667,0.5,8.5,21.0,0.5238095238095238,0.2857142857142857,0.63,0.585,0.33,0.527,charting_raw_spw,2.0,8.0,12.0,0.25,0.5833333333333334,0.441,0.484,0.93,1.3,Serve Liability,Low Return Profile,Balanced BP Profile,Opponent-Dependent Ace Profile,High DF Liability,Backdoor Risk,Resistance / Set Extension,Return-Led Winner,Hard-Liability,STALE_NON_AUTHORITATIVE_NOT_REGENERATED,,,
Victoria Jimenez Kasintseva,Clay,11,7,Stable Sample,Complete Profile,0.3333333333333333,0.2857142857142857,9.714285714285714,21.142857142857142,0.5555555555555556,0.39436619718309857,0.7228571428571429,0.5357142857142857,0.45285714285714285,0.532,charting_raw_spw,1.2857142857142858,3.142857142857143,7.0,0.5714285714285714,0.4838709677419355,0.442,0.486,0.94,3.1,Serve Liability,Strong Return Profile,Balanced BP Profile,Opponent-Dependent Ace Profile,Elevated DF Risk,Break-and-Giveback Risk,Volatile Resistance,Return-Led Winner,Clay-Neutral,STALE_NON_AUTHORITATIVE_NOT_REGENERATED,,,
Victoria Jimenez Kasintseva,Grass,11,2,Low Surface Data,Low Surface Sample,No Surface W/L,1.0,13.0,27.0,0.5384615384615384,0.42857142857142855,0.73,0.565,0.34,0.50425,reconstructed_from_serve_components,1.5,2.5,14.0,0.42857142857142855,0.4782608695652174,0.47100000000000003,,,,Serve Liability,Elite Return Profile,Strong Creator / Weak Survivor,Low Ace Profile,Moderate DF Profile,Low-Data Separation Profile,Low-Data Resistance Profile,,,STALE_NON_AUTHORITATIVE_NOT_REGENERATED,,,
Viktoria Morvayova,All,5,5,Usable / Thin,Raw Match Log Aggregate,0.6,0.2,9.8,19.8,0.7551020408163265,0.24489795918367346,0.698,0.69,0.514,0.636848,reconstructed_from_serve_components,3.8,1.6,5.6,0.42857142857142855,0.5555555555555556,0.37283999999999995,,,,Stable Serve Profile,Weak Return Profile,Balanced BP Profile,High Ace Upside,Clean DF Profile,Low-Data Separation Profile,Low-Data Resistance Profile,,,STALE_NON_AUTHORITATIVE_NOT_REGENERATED,,,
Viktoria Morvayova,Hard,5,5,Usable / Thin,Complete Profile,0.5925925925925926,0.2,9.8,19.8,0.7551020408163265,0.24489795918367346,0.698,0.69,0.514,0.575,charting_raw_spw,3.8,1.6,5.6,0.42857142857142855,0.5555555555555556,0.452,0.511,1.06,7.1,Stable Serve Profile,Weak Return Profile,Balanced BP Profile,High Ace Upside,Clean DF Profile,Serve-Led Separator,Serve-Hold Resistance,Volatile Upside Player,Hard-Control,STALE_NON_AUTHORITATIVE_NOT_REGENERATED,,,
Viktorija Golubic,All,46,46,Stable Sample,Raw Match Log Aggregate,0.5869565217391305,0.45652173913043476,11.456521739130435,23.130434782608695,0.6358267716535433,0.40078585461689586,0.6998260869565217,0.5948913043478261,0.4593478260869565,0.5542046880907372373743856333,reconstructed_from_serve_components,1.8148148148148149,2.926829268292683,9.869565217391305,0.44933920704845814,0.5552884615384616,0.47003202173913045,,,,Fragile Serve Profile,Strong Return Profile,Creator Profile,Low Ace Profile,Moderate DF Profile,Low-Data Separation Profile,Low-Data Resistance Profile,,,STALE_NON_AUTHORITATIVE_NOT_REGENERATED,,,
Viktorija Golubic,Hard,46,21,Stable Sample,Complete Profile,0.47368421052631576,0.42857142857142855,10.571428571428571,23.666666666666668,0.6026785714285714,0.3782608695652174,0.7026666666666667,0.5839047619047619,0.4091428571428572,0.559,charting_raw_spw,1.3333333333333333,3.263157894736842,9.571428571428571,0.43283582089552236,0.4943181818181818,0.434,0.498,0.98,3.9,Fragile Serve Profile,Average Return Profile,Creator Profile,Low Ace Profile,Moderate DF Profile,Backdoor Risk,Resistance / Set Extension,Return-Led Winner,Hard-Pressure,STALE_NON_AUTHORITATIVE_NOT_REGENERATED,,,
Viktorija Golubic,Clay,46,13,Stable Sample,Complete Profile,0.5714285714285714,0.38461538461538464,11.153846153846153,20.46153846153846,0.6287878787878788,0.46616541353383456,0.7041538461538461,0.5948461538461538,0.5076153846153846,0.518,charting_raw_spw,1.6,2.4,10.307692307692308,0.4626865671641791,0.5333333333333333,0.482,0.497,1,5.2,Fragile Serve Profile,Elite Return Profile,Creator Profile,Low Ace Profile,Moderate DF Profile,Break-and-Giveback Risk,Resistance / Set Extension,Return-Led Winner,Clay-Pressure,STALE_NON_AUTHORITATIVE_NOT_REGENERATED,,,
Viktorija Golubic,Grass,46,12,Stable Sample,Complete Profile,0.6,0.5833333333333334,13.333333333333334,25.083333333333332,0.6907894736842105,0.3767123287671233,0.6901666666666667,0.6141666666666666,0.49491666666666667,0.555,charting_raw_spw,2.5,2.8333333333333335,9.916666666666666,0.46218487394957986,0.6518518518518519,0.422,0.494,0.95,5.5,Average Serve Profile,Average Return Profile,Creator Profile,Low Ace Profile,Moderate DF Profile,Neutral Separation Profile,Resistance / Set Extension,Surface-Control Player,Grass-Pressure,STALE_NON_AUTHORITATIVE_NOT_REGENERATED,,,
Viktoriya Tomova,All,4,4,Usable / Thin,Raw Match Log Aggregate,0.5,0.25,10.0,21.0,0.5714285714285714,0.37209302325581395,0.6425,0.58,0.4775,0.54335625,reconstructed_from_serve_components,2.0,3.75,7.0,0.5714285714285714,0.4857142857142857,0.4465,,,,Serve Liability,Average Return Profile,Balanced BP Profile,Low Ace Profile,Elevated DF Risk,Low-Data Separation Profile,Low-Data Resistance Profile,,,STALE_NON_AUTHORITATIVE_NOT_REGENERATED,,,
Viktoriya Tomova,Hard,4,4,Usable / Thin,Low Surface Sample,0.16666666666666666,0.25,10.0,21.0,0.5714285714285714,0.37209302325581395,0.6425,0.58,0.4775,0.5,charting_raw_spw,2.0,3.75,7.0,0.5714285714285714,0.4857142857142857,0.45,0.474,0.9,1.4,Serve Liability,Average Return Profile,Balanced BP Profile,Low Ace Profile,Elevated DF Risk,Low Separation Profile,Neutral Resistance Profile,Return-Led Winner,Hard-Pressure,STALE_NON_AUTHORITATIVE_NOT_REGENERATED,,,
Viktoriya Tomova,Clay,4,0,No Surface Data,No Surface Match Sample,0.5,,,,,,,,,0.57,charting_raw_spw,,,,,,0.436,0.499,1.01,,No Surface Data,No Surface Data,No Surface Data,No Surface Data,No Surface Data,No Surface Data,No Surface Data,,,STALE_NON_AUTHORITATIVE_NOT_REGENERATED,,,
Viktoriya Tomova,Grass,4,0,No Surface Data,No Surface Match Sample,No Surface W/L,,,,,,,,,,missing_service_components,,,,,,,,,,No Surface Data,No Surface Data,No Surface Data,No Surface Data,No Surface Data,No Surface Data,No Surface Data,,,STALE_NON_AUTHORITATIVE_NOT_REGENERATED,,,
Whitney Osuigwe,All,9,9,Stable Sample,Raw Match Log Aggregate,0.2222222222222222,0.2222222222222222,8.166666666666666,19.22222222222222,0.5614035087719298,0.30357142857142855,0.66,0.5933333333333334,0.49333333333333335,0.5593333333333333830,reconstructed_from_serve_components,1.0,3.6666666666666665,5.833333333333333,0.4857142857142857,0.5192307692307693,0.40558333333333335,,,,Serve Liability,Low Return Profile,Balanced BP Profile,Low Ace Profile,Elevated DF Risk,Low-Data Separation Profile,Low-Data Resistance Profile,,,STALE_NON_AUTHORITATIVE_NOT_REGENERATED,,,
Whitney Osuigwe,Hard,9,9,Stable Sample,Complete Profile,0.3333333333333333,0.2222222222222222,8.166666666666666,19.22222222222222,0.5614035087719298,0.30357142857142855,0.66,0.5933333333333334,0.49333333333333335,0.557,charting_raw_spw,1.0,3.6666666666666665,5.833333333333333,0.4857142857142857,0.5192307692307693,0.409,0.485,0.92,1.3,Serve Liability,Low Return Profile,Balanced BP Profile,Low Ace Profile,Elevated DF Risk,Neutral Separation Profile,Volatile Resistance,Return-Led Winner,Hard-Liability,STALE_NON_AUTHORITATIVE_NOT_REGENERATED,,,
Whitney Osuigwe,Clay,9,0,No Surface Data,No Surface Match Sample,No Surface W/L,,,,,,,,,,missing_service_components,,,,,,,,,,No Surface Data,No Surface Data,No Surface Data,No Surface Data,No Surface Data,No Surface Data,No Surface Data,,,STALE_NON_AUTHORITATIVE_NOT_REGENERATED,,,
Whitney Osuigwe,Grass,9,0,No Surface Data,No Surface Match Sample,No Surface W/L,,,,,,,,,,missing_service_components,,,,,,,,,,No Surface Data,No Surface Data,No Surface Data,No Surface Data,No Surface Data,No Surface Data,No Surface Data,,,STALE_NON_AUTHORITATIVE_NOT_REGENERATED,,,
Xiaodi You,All,5,5,Usable / Thin,Raw Match Log Aggregate,0.4,0.2,8.75,18.6,0.6470588235294118,0.38235294117647056,0.52,0.69,0.415,0.55800,reconstructed_from_serve_components,3.0,6.0,5.25,0.6190476190476191,0.52,0.45799999999999996,,,,Fragile Serve Profile,Strong Return Profile,Balanced BP Profile,High Ace Upside,High DF Liability,Low-Data Separation Profile,Low-Data Resistance Profile,,,STALE_NON_AUTHORITATIVE_NOT_REGENERATED,,,
Xiaodi You,Hard,5,5,Usable / Thin,Complete Profile,0.65625,0.2,8.75,18.6,0.6470588235294118,0.38235294117647056,0.52,0.69,0.415,0.556,charting_raw_spw,3.0,6.0,5.25,0.6190476190476191,0.52,0.485,0.522,1.09,5.7,Fragile Serve Profile,Strong Return Profile,Balanced BP Profile,High Ace Upside,High DF Liability,Break-and-Giveback Risk,Neutral Resistance Profile,Volatile Upside Player,Hard-Control,STALE_NON_AUTHORITATIVE_NOT_REGENERATED,,,
Xin Yu Wang,All,38,38,Stable Sample,Raw Match Log Aggregate,0.4722222222222222,0.2894736842105263,10.472222222222221,21.47222222222222,0.6762402088772846,0.3316062176165803,0.6255526315789474,0.6697894736842105,0.45484210526315794,0.5893029972299169047814958448,reconstructed_from_serve_components,2.8055555555555554,3.8857142857142857,8.18421052631579,0.4115755627009646,0.515625,0.4184491842105263,,,,Average Serve Profile,Average Return Profile,Creator Profile,Playable Ace Volume,Elevated DF Risk,Low-Data Separation Profile,Low-Data Resistance Profile,,,STALE_NON_AUTHORITATIVE_NOT_REGENERATED,,,
Xin Yu Wang,Hard,38,23,Stable Sample,Complete Profile,0.5277777777777778,0.2608695652173913,10.043478260869565,20.91304347826087,0.6652173913043479,0.3333333333333333,0.6248260869565216,0.6724347826086956,0.4264782608695652,0.577,charting_raw_spw,3.2857142857142856,4.217391304347826,8.521739130434783,0.3979591836734694,0.5276073619631901,0.427,0.501,1.01,3.9,Fragile Serve Profile,Average Return Profile,Balanced BP Profile,Playable Ace Volume,Elevated DF Risk,Backdoor Risk,Volatile Resistance,Volatile Upside Player,Hard-Neutral,STALE_NON_AUTHORITATIVE_NOT_REGENERATED,,,
Xin Yu Wang,Clay,38,7,Stable Sample,Complete Profile,0.2857142857142857,0.5714285714285714,11.0,24.166666666666668,0.6133333333333333,0.2987012987012987,0.6588571428571428,0.5804285714285714,0.46399999999999997,0.553,charting_raw_spw,1.5714285714285714,3.6,7.857142857142857,0.41818181818181815,0.46296296296296297,0.385,0.467,0.86,1.0,Fragile Serve Profile,Low Return Profile,Balanced BP Profile,Opponent-Dependent Ace Profile,Moderate DF Profile,Backdoor Risk,Resistance / Set Extension,Return-Led Winner,Clay-Neutral,STALE_NON_AUTHORITATIVE_NOT_REGENERATED,,,
Xin Yu Wang,Grass,38,8,Stable Sample,Complete Profile,0.6,0.125,11.428571428571429,21.0,0.7692307692307693,0.36,0.5985,0.7403750000000001,0.528375,0.602,charting_raw_spw,2.625,3.0,7.5,0.45,0.5384615384615384,0.422,0.516,1.06,7.6,Average Serve Profile,Average Return Profile,Balanced BP Profile,Grass Ace Boost,Moderate DF Profile,Controlled Separator,Serve-Hold Resistance,Volatile Upside Player,Grass-Control,STALE_NON_AUTHORITATIVE_NOT_REGENERATED,,,
Xinyu Gao,All,2,2,Low Surface Data,Raw Match Log Aggregate,1.0,1.0,9.5,27.5,0.65,0.3157894736842105,0.655,0.58,0.3,0.48340,reconstructed_from_serve_components,2.0,4.0,6.5,0.5384615384615384,0.56,0.39039999999999997,,,,Serve Liability,Low Return Profile,Balanced BP Profile,Low Ace Profile,Elevated DF Risk,Low-Data Separation Profile,Low-Data Resistance Profile,,,STALE_NON_AUTHORITATIVE_NOT_REGENERATED,,,
Xinyu Gao,Hard,2,2,Low Surface Data,Low Surface Sample,0.6060606060606061,1.0,9.5,27.5,0.65,0.3157894736842105,0.655,0.58,0.3,0.565,charting_raw_spw,2.0,4.0,6.5,0.5384615384615384,0.56,0.458,0.511,1.05,5.4,Serve Liability,Low Return Profile,Balanced BP Profile,Low Ace Profile,Elevated DF Risk,Backdoor Risk,Resistance / Set Extension,Return-Led Winner,Hard-Neutral,STALE_NON_AUTHORITATIVE_NOT_REGENERATED,,,
Xinyu Wang,All,3,3,Usable / Thin,Raw Match Log Aggregate,0.6666666666666666,0.3333333333333333,13.0,22.0,0.8636363636363636,0.3181818181818182,0.6609999999999999,0.75,0.5195,0.67186049999999997695,reconstructed_from_serve_components,3.0,3.5,9.0,0.3888888888888889,0.7,0.46290000000000003,,,,Stable Serve Profile,Low Return Profile,Balanced BP Profile,Playable Ace Volume,Elevated DF Risk,Low-Data Separation Profile,Low-Data Resistance Profile,,,STALE_NON_AUTHORITATIVE_NOT_REGENERATED,,,
Xiyu Wang,All,44,44,Stable Sample,Raw Match Log Aggregate,0.6904761904761905,0.18181818181818182,11.36111111111111,20.166666666666668,0.670299727520436,0.44881889763779526,0.7078157894736842,0.6086315789473684,0.5006052631578948,0.5770679951523545730523545707,reconstructed_from_serve_components,1.3103448275862069,2.4285714285714284,7.454545454545454,0.5213414634146342,0.5884353741496599,0.48983110526315793,,,,Average Serve Profile,Elite Return Profile,Balanced BP Profile,Low Ace Profile,Moderate DF Profile,Low-Data Separation Profile,Low-Data Resistance Profile,,,STALE_NON_AUTHORITATIVE_NOT_REGENERATED,,,
Xiyu Wang,Hard,44,29,Stable Sample,Complete Profile,0.2857142857142857,0.2413793103448276,11.363636363636363,20.714285714285715,0.6767241379310345,0.39669421487603307,0.6932608695652174,0.6250434782608695,0.4803478260869565,0.551,charting_raw_spw,1.1428571428571428,2.5217391304347827,6.9655172413793105,0.4752475247524752,0.5689655172413793,0.419,0.482,0.93,4.3,Average Serve Profile,Strong Return Profile,Balanced BP Profile,Low Ace Profile,Moderate DF Profile,Break-and-Giveback Risk,Volatile Resistance,Return-Led Winner,Hard-Neutral,STALE_NON_AUTHORITATIVE_NOT_REGENERATED,,,
Xiyu Wang,Clay,44,13,Stable Sample,Complete Profile,0.75,0.0,11.416666666666666,18.25,0.6756756756756757,0.5826086956521739,0.7306153846153847,0.583923076923077,0.5532307692307693,0.5756550414201184206431952663,reconstructed_from_serve_components,1.8333333333333333,1.8,8.692307692307692,0.5929203539823009,0.6210526315789474,0.5414419230769231,,,,Fragile Serve Profile,Elite Return Profile,Creator Profile,Low Ace Profile,Clean DF Profile,Low-Data Separation Profile,Low-Data Resistance Profile,,,STALE_NON_AUTHORITATIVE_NOT_REGENERATED,,,
Xiyu Wang,Grass,44,2,Low Surface Data,Low Surface Sample,0.5,0.5,11.0,24.0,0.5833333333333334,0.3333333333333333,0.727,0.5805,0.39150000000000007,0.573,charting_raw_spw,1.5,4.5,6.5,0.6153846153846154,0.6,0.419,0.495,0.98,3.1,Serve Liability,Average Return Profile,Balanced BP Profile,Low Ace Profile,Elevated DF Risk,Backdoor Risk,Resistance / Set Extension,Return-Led Winner,Grass-Neutral,STALE_NON_AUTHORITATIVE_NOT_REGENERATED,,,
Yashina E.,All,1,1,Low Surface Data,Raw Match Log Aggregate,0.0,1.0,8.0,22.0,0.45454545454545453,0.2727272727272727,0.51,0.53,0.39,0.4614,reconstructed_from_serve_components,2.0,5.0,7.0,0.42857142857142855,0.5,0.398,,,,Serve Liability,Weak Return Profile,Balanced BP Profile,Opponent-Dependent Ace Profile,High DF Liability,Low-Data Separation Profile,Low-Data Resistance Profile,,,STALE_NON_AUTHORITATIVE_NOT_REGENERATED,,,
Yeonwoo Ku,All,3,3,Usable / Thin,Raw Match Log Aggregate,0.3333333333333333,0.3333333333333333,14.0,22.333333333333332,0.8695652173913043,0.34782608695652173,0.55,0.85,0.36,0.6295,reconstructed_from_serve_components,6.0,14.0,8.0,0.625,0.7777777777777778,0.4508,,,,Serve Liability,Average Return Profile,Creator Profile,Playable Ace Volume,High DF Liability,Low-Data Separation Profile,Low-Data Resistance Profile,,,STALE_NON_AUTHORITATIVE_NOT_REGENERATED,,,
Yexin Ma,All,13,13,Stable Sample,Raw Match Log Aggregate,0.46153846153846156,0.3076923076923077,10.75,21.384615384615383,0.6823529411764706,0.3181818181818182,0.6075,0.58875,0.53375,0.567162500,reconstructed_from_serve_components,2.25,3.125,9.375,0.37333333333333335,0.5522388059701493,0.4343125,,,,Fragile Serve Profile,Low Return Profile,Balanced BP Profile,Opponent-Dependent Ace Profile,Moderate DF Profile,Low-Data Separation Profile,Low-Data Resistance Profile,,,STALE_NON_AUTHORITATIVE_NOT_REGENERATED,,,
Yexin Ma,Hard,13,13,Stable Sample,Complete Profile,0.6041666666666666,0.3076923076923077,10.75,21.384615384615383,0.6823529411764706,0.3181818181818182,0.6075,0.58875,0.53375,0.568,charting_raw_spw,2.25,3.125,9.375,0.37333333333333335,0.5522388059701493,0.452,0.508,1.05,5.0,Fragile Serve Profile,Low Return Profile,Balanced BP Profile,Opponent-Dependent Ace Profile,Moderate DF Profile,Neutral Separation Profile,Resistance / Set Extension,Return-Led Winner,Hard-Neutral,STALE_NON_AUTHORITATIVE_NOT_REGENERATED,,,
Yexin Ma,Clay,13,0,No Surface Data,No Surface Match Sample,0.25,,,,,,,,,0.457,charting_raw_spw,,,,,,0.446,0.451,0.82,,No Surface Data,No Surface Data,No Surface Data,No Surface Data,No Surface Data,No Surface Data,No Surface Data,,,STALE_NON_AUTHORITATIVE_NOT_REGENERATED,,,
Yexin Ma,Grass,13,0,No Surface Data,No Surface Match Sample,No Surface W/L,,,,,,,,,,missing_service_components,,,,,,,,,,No Surface Data,No Surface Data,No Surface Data,No Surface Data,No Surface Data,No Surface Data,No Surface Data,,,STALE_NON_AUTHORITATIVE_NOT_REGENERATED,,,
You Xiaodi,All,1,1,Low Surface Data,Raw Match Log Aggregate,1.0,0.0,12.0,19.0,0.8,0.4444444444444444,0.6,0.58,0.59,0.584,reconstructed_from_serve_components,3.0,5.0,10.0,0.4,0.75,0.49040000000000006,,,,Fragile Serve Profile,Elite Return Profile,Creator Profile,Playable Ace Volume,High DF Liability,Low-Data Separation Profile,Low-Data Resistance Profile,,,STALE_NON_AUTHORITATIVE_NOT_REGENERATED,,,
Yue Yuan,All,27,27,Stable Sample,Raw Match Log Aggregate,0.4074074074074074,0.37037037037037035,11.074074074074074,21.555555555555557,0.6889632107023411,0.3163265306122449,0.6121481481481481,0.6625185185185185,0.4617407407407408,0.5846464855967078209106995885,reconstructed_from_serve_components,3.0,2.0952380952380953,8.88888888888889,0.3875,0.5181347150259067,0.441620037037037,,,,Average Serve Profile,Low Return Profile,Balanced BP Profile,Playable Ace Volume,Clean DF Profile,Low-Data Separation Profile,Low-Data Resistance Profile,,,STALE_NON_AUTHORITATIVE_NOT_REGENERATED,,,
Yue Yuan,Hard,27,27,Stable Sample,Complete Profile,0.4375,0.37037037037037035,11.074074074074074,21.555555555555557,0.6889632107023411,0.3163265306122449,0.6121481481481481,0.6625185185185185,0.4617407407407408,0.572,charting_raw_spw,3.0,2.0952380952380953,8.88888888888889,0.3875,0.5181347150259067,0.42,0.499,0.98,3.9,Average Serve Profile,Low Return Profile,Balanced BP Profile,Playable Ace Volume,Clean DF Profile,Neutral Separation Profile,Volatile Resistance,Volatile Upside Player,Hard-Neutral,STALE_NON_AUTHORITATIVE_NOT_REGENERATED,,,
Yulia Putintseva,All,38,38,Stable Sample,Raw Match Log Aggregate,0.5526315789473685,0.34210526315789475,11.026315789473685,22.07894736842105,0.6374695863746959,0.37559808612440193,0.6902631578947368,0.5933947368421053,0.47760526315789475,0.5575304709141274484536011080,reconstructed_from_serve_components,2.25,2.3870967741935485,9.026315789473685,0.4518950437317784,0.5659824046920822,0.44794081578947376,,,,Fragile Serve Profile,Average Return Profile,Creator Profile,Low Ace Profile,Moderate DF Profile,Low-Data Separation Profile,Low-Data Resistance Profile,,,STALE_NON_AUTHORITATIVE_NOT_REGENERATED,,,
Yulia Putintseva,Hard,38,17,Stable Sample,Complete Profile,0.4230769230769231,0.47058823529411764,11.529411764705882,23.529411764705884,0.6581632653061225,0.33668341708542715,0.6855294117647059,0.621,0.4648823529411764,0.569,charting_raw_spw,2.5,2.4285714285714284,7.9411764705882355,0.48148148148148145,0.5570469798657718,0.424,0.496,0.99,5.0,Average Serve Profile,Average Return Profile,Balanced BP Profile,Low Ace Profile,Clean DF Profile,Backdoor Risk,Resistance / Set Extension,Return-Led Winner,Hard-Neutral,STALE_NON_AUTHORITATIVE_NOT_REGENERATED,,,
Yulia Putintseva,Clay,38,19,Stable Sample,Complete Profile,0.5,0.2631578947368421,11.526315789473685,21.63157894736842,0.6517412935323383,0.4292682926829268,0.7073684210526316,0.594842105263158,0.5006315789473684,0.53,charting_raw_spw,2.0714285714285716,2.3333333333333335,10.789473684210526,0.4292682926829268,0.5930232558139535,0.472,0.501,1,7.4,Fragile Serve Profile,Elite Return Profile,Creator Profile,Low Ace Profile,Clean DF Profile,Break-and-Giveback Risk,Stable Resistance,Return-Led Winner,Clay-Pressure,STALE_NON_AUTHORITATIVE_NOT_REGENERATED,,,
Yulia Putintseva,Grass,38,2,Low Surface Data,Low Surface Sample,0.0,0.0,2.0,14.0,0.14285714285714285,0.14285714285714285,0.568,0.345,0.36700000000000005,0.521,charting_raw_spw,,2.5,1.5,0.6666666666666666,0.4,0.367,0.45,0.77,1.0,Serve Liability,Weak Return Profile,Low Pressure / Weak Survivor,Low Ace Profile,Pressure DF Risk,Low Separation Profile,Collapse Risk,Return-Led Winner,Grass-Liability,STALE_NON_AUTHORITATIVE_NOT_REGENERATED,,,
Yuliia Starodubtseva,All,37,37,Stable Sample,Raw Match Log Aggregate,0.4594594594594595,0.3783783783783784,10.64864864864865,21.54054054054054,0.6214833759590793,0.3775,0.630972972972973,0.6125945945945945,0.4935135135135135,0.5686504572680788282454346238,reconstructed_from_serve_components,2.1379310344827585,2.264705882352941,8.108108108108109,0.5033333333333333,0.5331230283911672,0.44509227027027026,,,,Fragile Serve Profile,Average Return Profile,Creator Profile,Opponent-Dependent Ace Profile,Moderate DF Profile,Low-Data Separation Profile,Low-Data Resistance Profile,,,STALE_NON_AUTHORITATIVE_NOT_REGENERATED,,,
Yuliia Starodubtseva,Hard,37,19,Stable Sample,Complete Profile,0.3125,0.3157894736842105,10.473684210526315,21.05263157894737,0.6581632653061225,0.3465346534653465,0.6319473684210526,0.6356842105263157,0.519157894736842,0.542,charting_raw_spw,2.4444444444444446,2.0588235294117645,7.7894736842105265,0.47297297297297297,0.5786163522012578,0.432,0.486,0.94,4.3,Average Serve Profile,Average Return Profile,Balanced BP Profile,Playable Ace Volume,Clean DF Profile,Neutral Separation Profile,Volatile Resistance,Return-Led Winner,Hard-Neutral,STALE_NON_AUTHORITATIVE_NOT_REGENERATED,,,
Yuliia Starodubtseva,Clay,37,10,Stable Sample,Complete Profile,0.6428571428571429,0.4,11.8,22.2,0.5925925925925926,0.48214285714285715,0.6284,0.5725,0.509,0.58,charting_raw_spw,1.6,2.5555555555555554,10.6,0.5094339622641509,0.5268817204301075,0.477,0.529,1.14,7.3,Fragile Serve Profile,Elite Return Profile,Creator Profile,Low Ace Profile,Moderate DF Profile,Break-and-Giveback Risk,Resistance / Set Extension,Return-Led Winner,Clay-Pressure,STALE_NON_AUTHORITATIVE_NOT_REGENERATED,,,
Yuliia Starodubtseva,Grass,37,8,Stable Sample,Complete Profile,0.4,0.5,9.625,21.875,0.5747126436781609,0.313953488372093,0.631875,0.607875,0.41324999999999995,0.545,charting_raw_spw,1.6666666666666667,2.375,5.75,0.5869565217391305,0.4307692307692308,0.422,0.485,0.93,1.2,Serve Liability,Low Return Profile,Balanced BP Profile,Low Ace Profile,Moderate DF Profile,Backdoor Risk,Resistance / Set Extension,Return-Led Winner,Grass-Neutral,STALE_NON_AUTHORITATIVE_NOT_REGENERATED,,,
Zeynep Sonmez,All,49,49,Stable Sample,Raw Match Log Aggregate,0.5714285714285714,0.30612244897959184,10.8125,21.591836734693878,0.6305609284332688,0.3857965451055662,0.6159795918367348,0.6117959183673469,0.46957142857142853,0.5571788117451061810464764681,reconstructed_from_serve_components,2.0454545454545454,3.340909090909091,8.816326530612244,0.4652777777777778,0.5330073349633252,0.45031955102040816,,,,Fragile Serve Profile,Strong Return Profile,Creator Profile,Low Ace Profile,Moderate DF Profile,Low-Data Separation Profile,Low-Data Resistance Profile,,,STALE_NON_AUTHORITATIVE_NOT_REGENERATED,,,
Zeynep Sonmez,Hard,49,23,Stable Sample,Complete Profile,0.4583333333333333,0.2608695652173913,10.0,21.652173913043477,0.6,0.3524590163934426,0.5950434782608695,0.6007826086956521,0.4313913043478261,0.545,charting_raw_spw,2.066666666666667,3.9130434782608696,7.869565217391305,0.47513812154696133,0.5406698564593302,0.443,0.494,0.97,2.5,Fragile Serve Profile,Average Return Profile,Balanced BP Profile,Low Ace Profile,Elevated DF Risk,Neutral Separation Profile,Volatile Resistance,Return-Led Winner,Hard-Neutral,STALE_NON_AUTHORITATIVE_NOT_REGENERATED,,,
Zeynep Sonmez,Clay,49,10,Stable Sample,Complete Profile,0.5,0.4,11.9,21.7,0.6574074074074074,0.4528301886792453,0.6389,0.605,0.4903,0.551,charting_raw_spw,2.0,2.25,10.8,0.4444444444444444,0.5256410256410257,0.477,0.514,1.06,8.0,Average Serve Profile,Elite Return Profile,Creator Profile,Low Ace Profile,Clean DF Profile,Break-and-Giveback Risk,Resistance / Set Extension,Return-Led Winner,Clay-Control,STALE_NON_AUTHORITATIVE_NOT_REGENERATED,,,
Zeynep Sonmez,Grass,49,16,Stable Sample,Complete Profile,0.6,0.3125,11.333333333333334,21.4375,0.6568047337278107,0.391812865497076,0.6317499999999999,0.631875,0.5115,0.554,charting_raw_spw,2.0,3.0,8.9375,0.46853146853146854,0.5245901639344263,0.439,0.496,0.98,5.4,Average Serve Profile,Strong Return Profile,Creator Profile,Low Ace Profile,Moderate DF Profile,Break-and-Giveback Risk,Resistance / Set Extension,Return-Led Winner,Grass-Pressure,STALE_NON_AUTHORITATIVE_NOT_REGENERATED,,,
Zhang S.,All,1,1,Low Surface Data,Raw Match Log Aggregate,0.0,1.0,11.0,24.0,0.5833333333333334,0.3333333333333333,,,,,missing_service_components,,,0.0,,,,,,,Low-Data Serve Profile,Low-Data Return Profile,Low-Data BP Profile,Low Ace Profile,Low-Data DF Profile,Low-Data Separation Profile,Low-Data Resistance Profile,,,STALE_NON_AUTHORITATIVE_NOT_REGENERATED,,,
Zhuoxuan Bai,All,11,11,Stable Sample,Raw Match Log Aggregate,0.5454545454545454,0.2727272727272727,8.25,19.90909090909091,0.59375,0.4375,0.6225,0.6725,0.495,0.60549375,reconstructed_from_serve_components,1.75,1.5,5.5,0.6363636363636364,0.5517241379310345,0.46515,,,,Fragile Serve Profile,Elite Return Profile,Balanced BP Profile,Low Ace Profile,Moderate DF Profile,Low-Data Separation Profile,Low-Data Resistance Profile,,,STALE_NON_AUTHORITATIVE_NOT_REGENERATED,,,
Zhuoxuan Bai,Hard,11,11,Stable Sample,Complete Profile,0.6,0.2727272727272727,8.25,19.90909090909091,0.59375,0.4375,0.6225,0.6725,0.495,0.551,charting_raw_spw,1.75,1.5,5.5,0.6363636363636364,0.5517241379310345,0.435,0.49,0.97,4.8,Fragile Serve Profile,Strong Return Profile,Balanced BP Profile,Low Ace Profile,Moderate DF Profile,Break-and-Giveback Risk,Volatile Resistance,Volatile Upside Player,Hard-Neutral,STALE_NON_AUTHORITATIVE_NOT_REGENERATED,,,
