Player,Surface,RawMatchCount,TrackedMatchCount,DataQualityFlag,SourceDataStatus,WinPct,ThreeSetRate,GamesWonAvg,AvgMatchGames,HoldPct,BreakPct,FirstServeInPct,FirstServeWonPct,SecondServeWonPct,SPW,SPWSource,AcesPerMatch,DoubleFaultsPerMatch,BPCreatedPerMatch,BPConvertedPct,BPSavedPct,ReturnPointsWon,TPW,DR,StabilityScore,ServeProfileLabel,ReturnProfileLabel,BreakpointPressureLabel,AcesProfileLabel,DFProfileLabel,SeparationProfile,ResistanceProfile,WinProfile,SurfaceEdge,ComparisonRankStatus,ComparisonPopulation,ComparisonRank,ComparisonPercentile
Ajla Tomljanovic,All,34,34,Stable Sample,Raw Match Log Aggregate,0.48484848484848486,0.38235294117647056,11.636363636363637,22.90909090909091,0.6728723404255319,0.3521505376344086,0.6636969696969696,0.6467272727272727,0.4634545454545455,0.5850920991735536984220385675,reconstructed_from_serve_components,2.4285714285714284,5.7272727272727275,8.117647058823529,0.4746376811594203,0.5729166666666666,0.4491514848484848,,,,Average Serve Profile,Average Return Profile,Creator Profile,Opponent-Dependent Ace Profile,High DF Liability,Low-Data Separation Profile,Low-Data Resistance Profile,,,STALE_NON_AUTHORITATIVE_NOT_REGENERATED,,,
Ajla Tomljanovic,Hard,34,13,Stable Sample,Complete Profile,0.5,0.38461538461538464,11.666666666666666,22.75,0.6739130434782609,0.3560606060606061,0.6888333333333333,0.648,0.4515,0.569,charting_raw_spw,2.3,5.666666666666667,7.384615384615385,0.4895833333333333,0.6153846153846154,0.434,0.502,1.01,5.9,Average Serve Profile,Average Return Profile,Balanced BP Profile,Opponent-Dependent Ace Profile,High DF Liability,Backdoor Risk,Resistance / Set Extension,Return-Led Winner,Hard-Neutral,STALE_NON_AUTHORITATIVE_NOT_REGENERATED,,,
Ajla Tomljanovic,Clay,34,8,Stable Sample,Complete Profile,0.0,0.5,11.875,25.375,0.594059405940594,0.35353535353535354,0.646875,0.5958749999999999,0.42375,0.509,charting_raw_spw,2.5714285714285716,7.125,10.5,0.4166666666666667,0.5543478260869565,0.43,0.47,0.88,1.4,Fragile Serve Profile,Average Return Profile,Creator Profile,Opponent-Dependent Ace Profile,High DF Liability,Backdoor Risk,Resistance / Set Extension,Return-Led Winner,Clay-Liability,STALE_NON_AUTHORITATIVE_NOT_REGENERATED,,,
Ajla Tomljanovic,Grass,34,13,Stable Sample,Complete Profile,0.5714285714285714,0.3076923076923077,11.461538461538462,21.53846153846154,0.7299270072992701,0.3475177304964539,0.6508461538461539,0.6768461538461539,0.49892307692307697,0.572,charting_raw_spw,2.4545454545454546,4.923076923076923,7.384615384615385,0.5104166666666666,0.5316455696202531,0.456,0.512,1.06,6.1,Average Serve Profile,Average Return Profile,Balanced BP Profile,Opponent-Dependent Ace Profile,High DF Liability,Neutral Separation Profile,Resistance / Set Extension,Volatile Upside Player,Grass-Neutral,STALE_NON_AUTHORITATIVE_NOT_REGENERATED,,,
Alana Sharma,All,1,1,Low Surface Data,Raw Match Log Aggregate,0.0,1.0,3.0,30.0,0.125,0.2857142857142857,0.69,0.35,0.33,0.3438,reconstructed_from_serve_components,0.0,4.0,2.0,1.0,0.3,0.364,,,,Serve Liability,Low Return Profile,Low Pressure / Weak Survivor,Low Ace Profile,High DF Liability,Low-Data Separation Profile,Low-Data Resistance Profile,,,STALE_NON_AUTHORITATIVE_NOT_REGENERATED,,,
Alevtina Ibragimova,All,4,4,Usable / Thin,Raw Match Log Aggregate,0.75,0.5,11.75,21.75,0.5434782608695652,0.5,0.7225,0.5675,0.4375,0.53142500,reconstructed_from_serve_components,1.25,1.25,10.25,0.5365853658536586,0.5882352941176471,0.487225,,,,Serve Liability,Elite Return Profile,Creator Profile,Low Ace Profile,Moderate DF Profile,Low-Data Separation Profile,Low-Data Resistance Profile,,,STALE_NON_AUTHORITATIVE_NOT_REGENERATED,,,
Alevtina Ibragimova,Clay,4,4,Usable / Thin,Low Surface Sample,0.5,0.5,11.75,21.75,0.5434782608695652,0.5,0.7225,0.5675,0.4375,0.503,charting_raw_spw,1.25,1.25,10.25,0.5365853658536586,0.5882352941176471,0.486,0.496,0.98,5.4,Serve Liability,Elite Return Profile,Creator Profile,Low Ace Profile,Moderate DF Profile,Break-and-Giveback Risk,Resistance / Set Extension,Return-Led Winner,Clay-Pressure,STALE_NON_AUTHORITATIVE_NOT_REGENERATED,,,
Alexandra Eala,All,59,59,Stable Sample,Raw Match Log Aggregate,0.6610169491525424,0.3220338983050847,10.88135593220339,20.83050847457627,0.6889250814332247,0.3643926788685524,0.6337118644067796,0.6271694915254238,0.5008474576271186,0.5808992292444700011532318299,reconstructed_from_serve_components,1.9473684210526316,2.792452830188679,8.694915254237289,0.4269005847953216,0.5537383177570093,0.44405686440677966,,,,Average Serve Profile,Average Return Profile,Creator Profile,Low Ace Profile,Moderate DF Profile,Low-Data Separation Profile,Low-Data Resistance Profile,,,STALE_NON_AUTHORITATIVE_NOT_REGENERATED,,,
Alexandra Eala,Hard,59,28,Stable Sample,Complete Profile,0.5517241379310345,0.35714285714285715,10.642857142857142,21.25,0.6825938566552902,0.33793103448275863,0.6326428571428572,0.6198928571428571,0.49925,0.561,charting_raw_spw,1.3333333333333333,3.0,8.678571428571429,0.40329218106995884,0.4972972972972973,0.448,0.502,1.02,4.6,Average Serve Profile,Average Return Profile,Creator Profile,Low Ace Profile,Moderate DF Profile,Neutral Separation Profile,Resistance / Set Extension,Return-Led Winner,Hard-Neutral,STALE_NON_AUTHORITATIVE_NOT_REGENERATED,,,
Alexandra Eala,Clay,59,10,Stable Sample,Complete Profile,0.4,0.2,9.5,20.2,0.6078431372549019,0.33,0.6401,0.5972000000000001,0.44,0.552,charting_raw_spw,1.6,2.888888888888889,6.6,0.5,0.5959595959595959,0.432,0.496,0.96,3.7,Fragile Serve Profile,Average Return Profile,Balanced BP Profile,Low Ace Profile,Moderate DF Profile,Neutral Separation Profile,Neutral Resistance Profile,Return-Led Winner,Clay-Neutral,STALE_NON_AUTHORITATIVE_NOT_REGENERATED,,,
Alexandra Eala,Grass,59,21,Stable Sample,Complete Profile,0.6153846153846154,0.3333333333333333,11.857142857142858,20.571428571428573,0.7351598173515982,0.41706161137440756,0.6320952380952382,0.6511428571428571,0.5319523809523808,0.564,charting_raw_spw,2.8,2.411764705882353,9.714285714285714,0.43137254901960786,0.5972222222222222,0.452,0.508,1.04,7.8,Stable Serve Profile,Strong Return Profile,Creator Profile,Low Ace Profile,Moderate DF Profile,Neutral Separation Profile,Resistance / Set Extension,Return-Led Winner,Grass-Control,STALE_NON_AUTHORITATIVE_NOT_REGENERATED,,,
Aliaksandra Sasnovich,All,27,27,Stable Sample,Raw Match Log Aggregate,0.5185185185185185,0.14814814814814814,10.37037037037037,20.074074074074073,0.6441947565543071,0.3985239852398524,0.647074074074074,0.6232592592592592,0.48211111111111116,0.5734444183813442757238408779,reconstructed_from_serve_components,3.409090909090909,3.4,8.037037037037036,0.4976958525345622,0.5739910313901345,0.45402218518518517,,,,Fragile Serve Profile,Strong Return Profile,Creator Profile,Playable Ace Volume,Elevated DF Risk,Low-Data Separation Profile,Low-Data Resistance Profile,,,STALE_NON_AUTHORITATIVE_NOT_REGENERATED,,,
Aliaksandra Sasnovich,Hard,27,14,Stable Sample,Complete Profile,0.375,0.21428571428571427,10.5,21.285714285714285,0.6575342465753424,0.3422818791946309,0.6193571428571429,0.6112142857142857,0.4781428571428571,0.564,charting_raw_spw,3.230769230769231,3.6153846153846154,7.785714285714286,0.46788990825688076,0.5867768595041323,0.418,0.492,0.96,4.1,Average Serve Profile,Average Return Profile,Balanced BP Profile,Playable Ace Volume,Elevated DF Risk,Neutral Separation Profile,Volatile Resistance,Volatile Upside Player,Hard-Neutral,STALE_NON_AUTHORITATIVE_NOT_REGENERATED,,,
Alicia Dudeney,All,4,4,Usable / Thin,Raw Match Log Aggregate,0.25,0.0,7.5,18.0,0.5833333333333334,0.2571428571428571,0.565,0.7025,0.365,0.5556875,reconstructed_from_serve_components,2.25,2.5,4.5,0.5,0.3181818181818182,0.404,,,,Serve Liability,Weak Return Profile,Low Pressure / Weak Survivor,Playable Ace Volume,Moderate DF Profile,Low-Data Separation Profile,Low-Data Resistance Profile,,,STALE_NON_AUTHORITATIVE_NOT_REGENERATED,,,
Alicia Dudeney,Hard,4,0,No Surface Data,No Surface Match Sample,0.7216494845360825,,,,,,,,,0.589,charting_raw_spw,,,,,,0.494,0.541,1.2,,No Surface Data,No Surface Data,No Surface Data,No Surface Data,No Surface Data,No Surface Data,No Surface Data,,,STALE_NON_AUTHORITATIVE_NOT_REGENERATED,,,
Alicia Dudeney,Grass,4,4,Usable / Thin,Low Surface Sample,0.3333333333333333,0.0,7.5,18.0,0.5833333333333334,0.2571428571428571,0.565,0.7025,0.365,0.544,charting_raw_spw,2.25,2.5,4.5,0.5,0.3181818181818182,0.447,0.494,0.98,1.0,Serve Liability,Weak Return Profile,Low Pressure / Weak Survivor,Grass Ace Boost,Moderate DF Profile,Neutral Separation Profile,Neutral Resistance Profile,Volatile Upside Player,Grass-Neutral,STALE_NON_AUTHORITATIVE_NOT_REGENERATED,,,
Alina Charaeva,All,37,37,Stable Sample,Raw Match Log Aggregate,0.5675675675675675,0.3783783783783784,12.27027027027027,23.91891891891892,0.6384976525821596,0.41647597254004576,0.5895135135135134,0.6388108108108108,0.45451351351351355,0.5631592607742877889986851717,reconstructed_from_serve_components,3.823529411764706,5.162162162162162,11.162162162162161,0.4406779661016949,0.5384615384615384,0.4723702162162162,,,,Fragile Serve Profile,Strong Return Profile,Creator Profile,Playable Ace Volume,Elevated DF Risk,Low-Data Separation Profile,Low-Data Resistance Profile,,,STALE_NON_AUTHORITATIVE_NOT_REGENERATED,,,
Alina Charaeva,Hard,37,26,Stable Sample,Complete Profile,0.4,0.4230769230769231,12.346153846153847,24.346153846153847,0.66996699669967,0.3782051282051282,0.6016923076923077,0.6520769230769231,0.4657692307692308,0.543,charting_raw_spw,4.208333333333333,5.5,10.192307692307692,0.44528301886792454,0.5405405405405406,0.432,0.488,0.95,4.1,Average Serve Profile,Average Return Profile,Creator Profile,Playable Ace Volume,High DF Liability,Backdoor Risk,Resistance / Set Extension,Volatile Upside Player,Hard-Pressure,STALE_NON_AUTHORITATIVE_NOT_REGENERATED,,,
Alina Charaeva,Clay,37,11,Stable Sample,Complete Profile,0.42857142857142855,0.2727272727272727,12.090909090909092,22.90909090909091,0.5609756097560976,0.512,0.5607272727272727,0.6074545454545455,0.4279090909090909,0.501,charting_raw_spw,2.9,4.363636363636363,13.454545454545455,0.43243243243243246,0.5344827586206896,0.472,0.487,0.95,3.3,Serve Liability,Elite Return Profile,Creator Profile,Playable Ace Volume,Elevated DF Risk,Break-and-Giveback Risk,Volatile Resistance,Return-Led Winner,Clay-Pressure,STALE_NON_AUTHORITATIVE_NOT_REGENERATED,,,
Alina Charaeva,Grass,37,0,No Surface Data,No Surface Match Sample,No Surface W/L,,,,,,,,,,missing_service_components,,,,,,,,,,No Surface Data,No Surface Data,No Surface Data,No Surface Data,No Surface Data,No Surface Data,No Surface Data,,,STALE_NON_AUTHORITATIVE_NOT_REGENERATED,,,
Alina Korneeva,All,40,40,Stable Sample,Raw Match Log Aggregate,0.7435897435897436,0.25,11.583333333333334,20.487179487179485,0.6648793565683646,0.46965699208443273,0.6462105263157895,0.6504210526315789,0.45607894736842103,0.5816648614958448418437396121,reconstructed_from_serve_components,3.064516129032258,4.138888888888889,8.7,0.5258620689655172,0.5421245421245421,0.5061642631578946,,,,Average Serve Profile,Elite Return Profile,Creator Profile,Playable Ace Volume,Elevated DF Risk,Low-Data Separation Profile,Low-Data Resistance Profile,,,STALE_NON_AUTHORITATIVE_NOT_REGENERATED,,,
Alina Korneeva,Hard,40,24,Stable Sample,Complete Profile,0.5789473684210527,0.25,11.9,20.043478260869566,0.7019230769230769,0.47641509433962265,0.6372272727272728,0.6747727272727273,0.4817727272727273,0.549,charting_raw_spw,3.05,4.4,8.625,0.5120772946859904,0.5664335664335665,0.482,0.516,1.07,7.7,Average Serve Profile,Elite Return Profile,Creator Profile,Playable Ace Volume,Elevated DF Risk,Controlled Separator,Stable Resistance,Volatile Upside Player,Hard-Control,STALE_NON_AUTHORITATIVE_NOT_REGENERATED,,,
Alina Korneeva,Grass,40,4,Usable / Thin,Low Surface Sample,0.0,0.5,13.5,24.75,0.625,0.4897959183673469,0.6347499999999999,0.6325,0.4165,0.534,charting_raw_spw,3.6666666666666665,4.25,9.75,0.6153846153846154,0.45454545454545453,0.453,0.497,0.97,3.4,Fragile Serve Profile,Elite Return Profile,Creator Profile,Playable Ace Volume,Pressure DF Risk,Break-and-Giveback Risk,Resistance / Set Extension,Return-Led Winner,Grass-Pressure,STALE_NON_AUTHORITATIVE_NOT_REGENERATED,,,
Alina Kubareva,All,1,1,Low Surface Data,Raw Match Log Aggregate,0.0,1.0,,25.0,,,,,,,missing_service_components,,,,,,,,,,Low-Data Serve Profile,Low-Data Return Profile,Low-Data BP Profile,Low-Data Ace Profile,Low-Data DF Profile,Low-Data Separation Profile,Low-Data Resistance Profile,,,STALE_NON_AUTHORITATIVE_NOT_REGENERATED,,,
Alisa Oktiabreva,All,0,0,No Surface Data,Raw Match Missing,,,,,,,,,,,missing_service_components,,,,,,,,,,No Surface Data,No Surface Data,No Surface Data,No Surface Data,No Surface Data,No Surface Data,No Surface Data,,,STALE_NON_AUTHORITATIVE_NOT_REGENERATED,,,
Alisa Oktiabreva,Hard,0,0,No Surface Data,Raw Match Missing,0.6,,,,,,,,,0.538,charting_raw_spw,,,,,,0.507,0.523,1.1,,No Surface Data,No Surface Data,No Surface Data,No Surface Data,No Surface Data,No Surface Data,No Surface Data,,,STALE_NON_AUTHORITATIVE_NOT_REGENERATED,,,
Alycia Parks,All,44,44,Stable Sample,Raw Match Log Aggregate,0.5,0.3409090909090909,10.954545454545455,22.40909090909091,0.6762295081967213,0.316008316008316,0.5387272727272727,0.698590909090909,0.43977272727272726,0.5792051404958677066904132232,reconstructed_from_serve_components,6.045454545454546,6.604651162790698,7.568181818181818,0.45645645645645644,0.5325443786982249,0.41512054545454546,,,,Fragile Serve Profile,Low Return Profile,Balanced BP Profile,High Ace Upside,High DF Liability,Low-Data Separation Profile,Low-Data Resistance Profile,,,STALE_NON_AUTHORITATIVE_NOT_REGENERATED,,,
Alycia Parks,Hard,44,26,Stable Sample,Complete Profile,0.41935483870967744,0.38461538461538464,11.23076923076923,22.884615384615383,0.6813559322033899,0.3137931034482759,0.5508846153846154,0.7002692307692309,0.43042307692307685,0.561,charting_raw_spw,6.423076923076923,6.961538461538462,8.076923076923077,0.43333333333333335,0.5346534653465347,0.401,0.483,0.91,1.3,Fragile Serve Profile,Low Return Profile,Creator Profile,High Ace Upside,High DF Liability,Neutral Separation Profile,Resistance / Set Extension,Volatile Upside Player,Hard-Liability,STALE_NON_AUTHORITATIVE_NOT_REGENERATED,,,
Alycia Parks,Grass,44,5,Usable / Thin,Complete Profile,0.5,0.6,11.2,24.8,0.6190476190476191,0.2786885245901639,0.5304,0.6982,0.42119999999999996,0.578,charting_raw_spw,7.6,6.6,7.8,0.4358974358974359,0.4418604651162791,0.436,0.506,1.03,1.5,Serve Liability,Weak Return Profile,Balanced BP Profile,High Ace Upside,High DF Liability,Backdoor Risk,Resistance / Set Extension,Volatile Upside Player,Grass-Control,STALE_NON_AUTHORITATIVE_NOT_REGENERATED,,,
Amanda Anisimova,All,34,34,Stable Sample,Raw Match Log Aggregate,0.6666666666666666,0.4117647058823529,12.363636363636363,22.303030303030305,0.713903743315508,0.39622641509433965,0.6241176470588236,0.6765294117647058,0.5012058823529412,0.6106283910034601774346020761,reconstructed_from_serve_components,3.8125,4.90625,8.294117647058824,0.5212765957446809,0.5737051792828686,0.4699076176470588,,,,Average Serve Profile,Strong Return Profile,Creator Profile,Playable Ace Volume,Elevated DF Risk,Low-Data Separation Profile,Low-Data Resistance Profile,,,STALE_NON_AUTHORITATIVE_NOT_REGENERATED,,,
Amanda Anisimova,Hard,34,21,Stable Sample,Complete Profile,0.725,0.38095238095238093,12.19047619047619,21.761904761904763,0.6909871244635193,0.41304347826086957,0.6276666666666667,0.6623333333333333,0.5041904761904762,0.601,charting_raw_spw,3.2,4.142857142857143,8.095238095238095,0.5588235294117647,0.5263157894736842,0.456,0.528,1.14,7.8,Average Serve Profile,Strong Return Profile,Creator Profile,Playable Ace Volume,Elevated DF Risk,Controlled Separator,Resistance / Set Extension,Volatile Upside Player,Hard-Pressure,STALE_NON_AUTHORITATIVE_NOT_REGENERATED,,,
Amanda Anisimova,Grass,34,10,Stable Sample,Complete Profile,0.6,0.5,12.5,23.1,0.7565217391304347,0.3333333333333333,0.6067,0.6786999999999999,0.5024,0.628,charting_raw_spw,5.666666666666667,6.555555555555555,8.2,0.4634146341463415,0.6585365853658537,0.412,0.527,1.11,7.4,Stable Serve Profile,Average Return Profile,Creator Profile,Grass Ace Boost,High DF Liability,Controlled Separator,Resistance / Set Extension,Volatile Upside Player,Grass-Control,STALE_NON_AUTHORITATIVE_NOT_REGENERATED,,,
Anastasia Gasanova,All,2,2,Low Surface Data,Raw Match Log Aggregate,1.0,0.5,10.0,24.5,0.5454545454545454,0.34782608695652173,0.68,0.62,0.29,0.5144,reconstructed_from_serve_components,0.0,5.0,11.5,0.34782608695652173,0.5238095238095238,0.41700000000000004,,,,Serve Liability,Average Return Profile,Balanced BP Profile,Low Ace Profile,High DF Liability,Low-Data Separation Profile,Low-Data Resistance Profile,,,STALE_NON_AUTHORITATIVE_NOT_REGENERATED,,,
Anastasia Gasanova,Hard,2,0,No Surface Data,No Surface Match Sample,0.55,,,,,,,,,0.535,charting_raw_spw,,,,,,0.464,0.499,1,,No Surface Data,No Surface Data,No Surface Data,No Surface Data,No Surface Data,No Surface Data,No Surface Data,,,STALE_NON_AUTHORITATIVE_NOT_REGENERATED,,,
Anastasia Gasanova,Grass,2,2,Low Surface Data,Low Surface Sample,0.0,0.5,10.0,24.5,0.5454545454545454,0.34782608695652173,0.68,0.62,0.29,0.502,charting_raw_spw,0.0,5.0,11.5,0.34782608695652173,0.5238095238095238,0.438,0.467,0.88,1.0,Serve Liability,Average Return Profile,Balanced BP Profile,Low Ace Profile,High DF Liability,Backdoor Risk,Resistance / Set Extension,Return-Led Winner,Grass-Liability,STALE_NON_AUTHORITATIVE_NOT_REGENERATED,,,
Anastasia Potapova,All,31,31,Stable Sample,Raw Match Log Aggregate,0.6129032258064516,0.41935483870967744,12.482758620689655,23.451612903225808,0.6306818181818182,0.4114285714285714,0.5721612903225807,0.6526774193548387,0.43567741935483867,0.5598364193548386990648387096,reconstructed_from_serve_components,2.84,5.1,9.580645161290322,0.48484848484848486,0.5666666666666667,0.447846,,,,Fragile Serve Profile,Strong Return Profile,Creator Profile,Opponent-Dependent Ace Profile,Elevated DF Risk,Low-Data Separation Profile,Low-Data Resistance Profile,,,STALE_NON_AUTHORITATIVE_NOT_REGENERATED,,,
Anastasia Potapova,Hard,31,17,Stable Sample,Complete Profile,0.5,0.35294117647058826,11.25,23.11764705882353,0.6021505376344086,0.37967914438502676,0.5882352941176471,0.6443529411764706,0.4182941176470588,0.534,charting_raw_spw,3.2666666666666666,5.588235294117647,9.0,0.46405228758169936,0.5865921787709497,0.44,0.488,0.95,3.7,Fragile Serve Profile,Average Return Profile,Creator Profile,Playable Ace Volume,High DF Liability,Backdoor Risk,Resistance / Set Extension,Volatile Upside Player,Hard-Pressure,STALE_NON_AUTHORITATIVE_NOT_REGENERATED,,,
Anastasia Potapova,Clay,31,10,Stable Sample,Complete Profile,0.7777777777777778,0.5,13.9,24.1,0.6386554621848739,0.5294117647058824,0.5398,0.6757000000000001,0.4496,0.593,charting_raw_spw,2.125,5.111111111111111,12.0,0.525,0.5425531914893617,0.486,0.542,1.19,7.2,Fragile Serve Profile,Elite Return Profile,Creator Profile,Opponent-Dependent Ace Profile,Elevated DF Risk,Break-and-Giveback Risk,Resistance / Set Extension,Volatile Upside Player,Clay-Pressure,STALE_NON_AUTHORITATIVE_NOT_REGENERATED,,,
Anastasia Potapova,Grass,31,4,Usable / Thin,Low Surface Sample,0.25,0.5,14.333333333333334,23.25,0.723404255319149,0.22727272727272727,0.58475,0.6305,0.47474999999999995,0.528,charting_raw_spw,2.5,3.0,6.0,0.4166666666666667,0.5185185185185185,0.324,0.432,0.69,2.1,Average Serve Profile,Weak Return Profile,Balanced BP Profile,Low Ace Profile,Moderate DF Profile,Low Separation Profile,Resistance / Set Extension,Serve-Led Winner,Grass-Neutral,STALE_NON_AUTHORITATIVE_NOT_REGENERATED,,,
Anastasia Zakharova,All,54,54,Stable Sample,Raw Match Log Aggregate,0.6296296296296297,0.25925925925925924,11.018518518518519,21.25925925925926,0.6619718309859155,0.38353765323992994,0.7060555555555555,0.6016111111111111,0.4990925925925926,0.5714763621399176841100823045,reconstructed_from_serve_components,1.4583333333333333,3.1372549019607843,8.74074074074074,0.4639830508474576,0.52,0.46295820370370366,,,,Average Serve Profile,Strong Return Profile,Creator Profile,Low Ace Profile,Moderate DF Profile,Low-Data Separation Profile,Low-Data Resistance Profile,,,STALE_NON_AUTHORITATIVE_NOT_REGENERATED,,,
Anastasia Zakharova,Hard,54,33,Stable Sample,Complete Profile,0.4166666666666667,0.12121212121212122,11.030303030303031,19.363636363636363,0.7053291536050157,0.43167701863354035,0.7160303030303031,0.625969696969697,0.5217272727272727,0.557,charting_raw_spw,1.2857142857142858,2.5806451612903225,8.93939393939394,0.4711864406779661,0.5480769230769231,0.43,0.493,0.97,5.2,Average Serve Profile,Strong Return Profile,Creator Profile,Low Ace Profile,Moderate DF Profile,Neutral Separation Profile,Neutral Resistance Profile,Return-Led Winner,Hard-Pressure,STALE_NON_AUTHORITATIVE_NOT_REGENERATED,,,
Anastasia Zakharova,Clay,54,13,Stable Sample,Complete Profile,0.2,0.23076923076923078,8.76923076923077,20.23076923076923,0.5461538461538461,0.3282442748091603,0.6953846153846154,0.5353846153846153,0.4243076923076923,0.489,charting_raw_spw,1.25,4.166666666666667,6.923076923076923,0.4777777777777778,0.4636363636363636,0.411,0.451,0.81,1.0,Serve Liability,Low Return Profile,Balanced BP Profile,Low Ace Profile,Pressure DF Risk,Backdoor Risk,Volatile Resistance,Return-Led Winner,Clay-Liability,STALE_NON_AUTHORITATIVE_NOT_REGENERATED,,,
Anastasia Zakharova,Grass,54,8,Stable Sample,Complete Profile,0.5,0.875,14.625,30.75,0.6722689075630253,0.3135593220338983,0.6822499999999999,0.60875,0.52725,0.588,charting_raw_spw,2.0,3.75,10.875,0.42528735632183906,0.524390243902439,0.424,0.505,1.03,4.3,Average Serve Profile,Low Return Profile,Creator Profile,Low Ace Profile,Moderate DF Profile,Backdoor Risk,Resistance / Set Extension,Balanced Winner,Grass-Neutral,STALE_NON_AUTHORITATIVE_NOT_REGENERATED,,,
Andrea Petkovic,All,1,1,Low Surface Data,Raw Match Log Aggregate,0.0,0.0,16.0,16.0,0.6666666666666666,0.375,0.7,0.67,0.36,0.577,reconstructed_from_serve_components,0.0,3.0,14.0,0.42857142857142855,0.16666666666666666,0.4368,,,,Serve Liability,Average Return Profile,Strong Creator / Weak Survivor,Low Ace Profile,Moderate DF Profile,Low-Data Separation Profile,Low-Data Resistance Profile,,,STALE_NON_AUTHORITATIVE_NOT_REGENERATED,,,
Angelina Voloshchuk,All,1,1,Low Surface Data,Raw Match Log Aggregate,1.0,0.0,12.0,17.0,0.875,0.5555555555555556,0.67,0.65,0.71,0.6698,reconstructed_from_serve_components,1.0,2.0,10.0,0.5,0.75,0.5425,,,,Stable Serve Profile,Elite Return Profile,Strong Creator / Strong Survivor,Opponent-Dependent Ace Profile,Moderate DF Profile,Low-Data Separation Profile,Low-Data Resistance Profile,,,STALE_NON_AUTHORITATIVE_NOT_REGENERATED,,,
Anhelina Kalinina,All,28,28,Stable Sample,Raw Match Log Aggregate,0.5,0.2857142857142857,10.555555555555555,21.071428571428573,0.6523297491039427,0.381294964028777,0.6723214285714286,0.6078928571428572,0.48435714285714293,0.5674128507653061882706632653,reconstructed_from_serve_components,1.85,3.1481481481481484,8.928571428571429,0.424,0.5646551724137931,0.45045225,,,,Average Serve Profile,Strong Return Profile,Creator Profile,Low Ace Profile,Elevated DF Risk,Low-Data Separation Profile,Low-Data Resistance Profile,,,STALE_NON_AUTHORITATIVE_NOT_REGENERATED,,,
Anhelina Kalinina,Hard,28,15,Stable Sample,Complete Profile,0.0,0.4,11.428571428571429,22.8,0.6987179487179487,0.34177215189873417,0.6744666666666668,0.6362666666666666,0.4642666666666666,0.523,charting_raw_spw,2.3076923076923075,3.6666666666666665,8.666666666666666,0.4153846153846154,0.5785123966942148,0.321,0.43,0.67,2.7,Average Serve Profile,Weak Return Profile,Creator Profile,Low Ace Profile,Elevated DF Risk,Low Separation Profile,Resistance / Set Extension,Serve-Led Winner,Hard-Resistance,STALE_NON_AUTHORITATIVE_NOT_REGENERATED,,,
Anhelina Kalinina,Clay,28,11,Stable Sample,Complete Profile,0.5833333333333334,0.18181818181818182,9.454545454545455,18.818181818181817,0.5588235294117647,0.47,0.6830909090909091,0.56,0.4851818181818182,0.551,charting_raw_spw,0.8,2.5,9.272727272727273,0.46078431372549017,0.53125,0.497,0.523,1.11,6.4,Serve Liability,Elite Return Profile,Creator Profile,Low Ace Profile,Moderate DF Profile,Break-and-Giveback Risk,Neutral Resistance Profile,Return-Led Winner,Clay-Pressure,STALE_NON_AUTHORITATIVE_NOT_REGENERATED,,,
Anhelina Kalinina,Grass,28,2,Low Surface Data,Low Surface Sample,0.5,0.0,10.5,20.5,0.7619047619047619,0.25,0.597,0.6585,0.6305,0.539,charting_raw_spw,1.5,2.5,9.0,0.2777777777777778,0.6666666666666666,0.441,0.492,0.96,4.8,Stable Serve Profile,Weak Return Profile,Balanced BP Profile,Low Ace Profile,Moderate DF Profile,Neutral Separation Profile,Serve-Hold Resistance,Serve-Led Winner,Grass-Neutral,STALE_NON_AUTHORITATIVE_NOT_REGENERATED,,,
Ankita Raina,All,1,1,Low Surface Data,Raw Match Log Aggregate,0.0,0.0,7.0,14.0,0.6666666666666666,0.1,0.59,0.64,0.44,0.5580,reconstructed_from_serve_components,5.0,3.0,7.0,0.14285714285714285,0.5714285714285714,0.3784,,,,Average Serve Profile,Weak Return Profile,Balanced BP Profile,High Ace Upside,Elevated DF Risk,Low-Data Separation Profile,Low-Data Resistance Profile,,,STALE_NON_AUTHORITATIVE_NOT_REGENERATED,,,
Ann Li,All,42,42,Stable Sample,Raw Match Log Aggregate,0.5238095238095238,0.35714285714285715,11.166666666666666,22.452380952380953,0.7042553191489361,0.2942430703624733,0.5919024390243903,0.6786341463414634,0.4707560975609756,0.5937996216537775124029149316,reconstructed_from_serve_components,4.641025641025641,3.1052631578947367,7.714285714285714,0.42592592592592593,0.58125,0.413556243902439,,,,Average Serve Profile,Low Return Profile,Balanced BP Profile,High Ace Upside,Moderate DF Profile,Low-Data Separation Profile,Low-Data Resistance Profile,,,STALE_NON_AUTHORITATIVE_NOT_REGENERATED,,,
Ann Li,Hard,42,25,Stable Sample,Complete Profile,0.5526315789473685,0.2,11.24,21.72,0.717948717948718,0.31365313653136534,0.574125,0.6905,0.478375,0.594,charting_raw_spw,4.5,3.5,7.8,0.4358974358974359,0.5764705882352941,0.43,0.511,1.06,7.2,Average Serve Profile,Low Return Profile,Balanced BP Profile,High Ace Upside,Elevated DF Risk,Neutral Separation Profile,Serve-Hold Resistance,Volatile Upside Player,Hard-Control,STALE_NON_AUTHORITATIVE_NOT_REGENERATED,,,
Ann Li,Clay,42,10,Stable Sample,Complete Profile,0.5882352941176471,0.3,10.0,20.3,0.7058823529411765,0.28,0.6322000000000001,0.6594,0.47489999999999993,0.566,charting_raw_spw,3.0,2.0,6.3,0.4444444444444444,0.6153846153846154,0.433,0.5,1,6.1,Average Serve Profile,Low Return Profile,Balanced BP Profile,Playable Ace Volume,Clean DF Profile,Neutral Separation Profile,Serve-Hold Resistance,Volatile Upside Player,Clay-Neutral,STALE_NON_AUTHORITATIVE_NOT_REGENERATED,,,
Ann Li,Grass,42,7,Stable Sample,Complete Profile,0.42857142857142855,1.0,12.571428571428571,28.142857142857142,0.6631578947368421,0.25510204081632654,0.5952857142857142,0.6654285714285715,0.4387142857142857,0.574,charting_raw_spw,7.428571428571429,3.2857142857142856,9.428571428571429,0.3787878787878788,0.5555555555555556,0.405,0.488,0.95,2.7,Fragile Serve Profile,Weak Return Profile,Balanced BP Profile,High Ace Upside,Moderate DF Profile,Backdoor Risk,Resistance / Set Extension,Volatile Upside Player,Grass-Neutral,STALE_NON_AUTHORITATIVE_NOT_REGENERATED,,,
Anna Blinkova,All,54,54,Stable Sample,Raw Match Log Aggregate,0.48148148148148145,0.3148148148148148,10.23076923076923,21.296296296296298,0.583793738489871,0.39019963702359345,0.6163207547169811,0.6005283018867925,0.43220754716981125,0.5359471217515129904736739053,reconstructed_from_serve_components,2.2972972972972974,4.134615384615385,8.555555555555555,0.4653679653679654,0.5438247011952191,0.4475610377358491,,,,Fragile Serve Profile,Strong Return Profile,Creator Profile,Opponent-Dependent Ace Profile,Elevated DF Risk,Low-Data Separation Profile,Low-Data Resistance Profile,,,STALE_NON_AUTHORITATIVE_NOT_REGENERATED,,,
Anna Blinkova,Hard,54,30,Stable Sample,Complete Profile,0.45,0.3,9.857142857142858,20.966666666666665,0.5853658536585366,0.3724137931034483,0.6105862068965517,0.6047586206896551,0.42920689655172417,0.524,charting_raw_spw,2.4545454545454546,4.482758620689655,7.933333333333334,0.453781512605042,0.5271317829457365,0.428,0.473,0.9,1.4,Fragile Serve Profile,Average Return Profile,Balanced BP Profile,Opponent-Dependent Ace Profile,High DF Liability,Backdoor Risk,Resistance / Set Extension,Return-Led Winner,Hard-Liability,STALE_NON_AUTHORITATIVE_NOT_REGENERATED,,,
Anna Blinkova,Clay,54,10,Stable Sample,Complete Profile,0.2,0.3,9.2,21.0,0.4563106796116505,0.42857142857142855,0.6025,0.5589,0.3685,0.468,charting_raw_spw,2.25,4.0,9.2,0.4891304347826087,0.5333333333333333,0.468,0.468,0.88,1.5,Serve Liability,Elite Return Profile,Creator Profile,Low Ace Profile,Elevated DF Risk,Break-and-Giveback Risk,Resistance / Set Extension,Return-Led Winner,Clay-Pressure,STALE_NON_AUTHORITATIVE_NOT_REGENERATED,,,
Anna Blinkova,Grass,54,14,Stable Sample,Complete Profile,0.4444444444444444,0.35714285714285715,11.714285714285714,22.214285714285715,0.6666666666666666,0.3974358974358974,0.6380714285714286,0.6214999999999999,0.4839285714285715,0.541,charting_raw_spw,2.0,3.4615384615384617,9.428571428571429,0.4696969696969697,0.5887096774193549,0.45,0.493,0.98,5.5,Average Serve Profile,Strong Return Profile,Creator Profile,Opponent-Dependent Ace Profile,Moderate DF Profile,Break-and-Giveback Risk,Resistance / Set Extension,Return-Led Winner,Grass-Pressure,STALE_NON_AUTHORITATIVE_NOT_REGENERATED,,,
Anna Bondar,All,50,50,Stable Sample,Raw Match Log Aggregate,0.5102040816326531,0.4,11.543478260869565,23.428571428571427,0.6963946869070209,0.31309297912713474,0.6067446808510638,0.6561276595744681,0.4786595744680851,0.5863373911272068821818017203,reconstructed_from_serve_components,3.8181818181818183,3.2564102564102564,7.42,0.444743935309973,0.5901234567901235,0.4065208723404255,,,,Average Serve Profile,Low Return Profile,Balanced BP Profile,Playable Ace Volume,Moderate DF Profile,Low-Data Separation Profile,Low-Data Resistance Profile,,,STALE_NON_AUTHORITATIVE_NOT_REGENERATED,,,
Anna Bondar,Hard,50,26,Stable Sample,Complete Profile,0.4090909090909091,0.38461538461538464,11.26086956521739,23.346153846153847,0.6781609195402298,0.3153846153846154,0.5912173913043478,0.6501304347826087,0.45617391304347826,0.578,charting_raw_spw,4.2272727272727275,3.9,6.576923076923077,0.47953216374269003,0.5360824742268041,0.418,0.497,0.99,3.6,Average Serve Profile,Low Return Profile,Balanced BP Profile,High Ace Upside,Moderate DF Profile,Backdoor Risk,Resistance / Set Extension,Volatile Upside Player,Hard-Neutral,STALE_NON_AUTHORITATIVE_NOT_REGENERATED,,,
Anna Bondar,Clay,50,18,Stable Sample,Complete Profile,0.6666666666666666,0.4444444444444444,12.764705882352942,24.294117647058822,0.7093596059113301,0.3645320197044335,0.6296111111111111,0.6481666666666667,0.5144444444444445,0.579,charting_raw_spw,3.375,2.1538461538461537,9.333333333333334,0.44047619047619047,0.6217948717948718,0.447,0.515,1.06,9.8,Average Serve Profile,Average Return Profile,Creator Profile,Playable Ace Volume,Clean DF Profile,Controlled Separator,Resistance / Set Extension,Volatile Upside Player,Clay-Control,STALE_NON_AUTHORITATIVE_NOT_REGENERATED,,,
Anna Bondar,Grass,50,6,Stable Sample,Complete Profile,0.0,0.3333333333333333,9.166666666666666,21.333333333333332,0.7301587301587301,0.140625,0.5976666666666667,0.703,0.4575,0.565,charting_raw_spw,3.5,3.5,5.333333333333333,0.28125,0.6909090909090909,0.385,0.477,0.89,2.6,Average Serve Profile,Weak Return Profile,Balanced BP Profile,Playable Ace Volume,Elevated DF Risk,Low Separation Profile,Serve-Hold Resistance,Volatile Upside Player,Grass-Neutral,STALE_NON_AUTHORITATIVE_NOT_REGENERATED,,,
Anna Kalinskaya,All,38,38,Stable Sample,Raw Match Log Aggregate,0.5526315789473685,0.34210526315789475,10.578947368421053,21.86842105263158,0.6341463414634146,0.34299516908212563,0.6024210526315789,0.6209736842105262,0.4491052631578947,0.5526424182825483839114958449,reconstructed_from_serve_components,2.625,5.105263157894737,7.921052631578948,0.4684385382059801,0.46735395189003437,0.4270528421052631,,,,Serve Liability,Average Return Profile,Balanced BP Profile,Opponent-Dependent Ace Profile,High DF Liability,Low-Data Separation Profile,Low-Data Resistance Profile,,,STALE_NON_AUTHORITATIVE_NOT_REGENERATED,,,
Anna Kalinskaya,Hard,38,25,Stable Sample,Complete Profile,0.6153846153846154,0.4,11.0,22.16,0.6727272727272727,0.3237410071942446,0.58592,0.63732,0.47368000000000005,0.581,charting_raw_spw,3.142857142857143,5.32,8.32,0.42788461538461536,0.4808743169398907,0.43,0.505,1.03,4.3,Average Serve Profile,Low Return Profile,Creator Profile,Playable Ace Volume,High DF Liability,Backdoor Risk,Resistance / Set Extension,Return-Led Winner,Hard-Neutral,STALE_NON_AUTHORITATIVE_NOT_REGENERATED,,,
Anna Kalinskaya,Clay,38,10,Stable Sample,Complete Profile,0.6666666666666666,0.3,10.4,22.1,0.5370370370370371,0.42201834862385323,0.6355,0.5811,0.39519999999999994,0.533,charting_raw_spw,1.5,5.1,8.4,0.5476190476190477,0.43820224719101125,0.443,0.489,0.95,2.5,Serve Liability,Elite Return Profile,Creator Profile,Low Ace Profile,High DF Liability,Break-and-Giveback Risk,Resistance / Set Extension,Return-Led Winner,Clay-Neutral,STALE_NON_AUTHORITATIVE_NOT_REGENERATED,,,
Anna Kalinskaya,Grass,38,3,Usable / Thin,Low Surface Sample,0.3333333333333333,0.0,7.666666666666667,18.666666666666668,0.6296296296296297,0.2222222222222222,0.6296666666666667,0.6176666666666667,0.424,0.568,charting_raw_spw,2.0,3.3333333333333335,3.0,0.6666666666666666,0.47368421052631576,0.385,0.48,0.89,1.0,Fragile Serve Profile,Weak Return Profile,Low Pressure / Weak Survivor,Playable Ace Volume,Pressure DF Risk,Backdoor Risk,Volatile Resistance,Return-Led Winner,Grass-Neutral,STALE_NON_AUTHORITATIVE_NOT_REGENERATED,,,
Anna Sinclair Rogers,All,1,1,Low Surface Data,Raw Match Log Aggregate,0.0,0.0,,14.0,,,,,,,missing_service_components,,,,,,,,,,Low-Data Serve Profile,Low-Data Return Profile,Low-Data BP Profile,Low-Data Ace Profile,Low-Data DF Profile,Low-Data Separation Profile,Low-Data Resistance Profile,,,STALE_NON_AUTHORITATIVE_NOT_REGENERATED,,,
Antonia Ruzic,All,36,36,Stable Sample,Raw Match Log Aggregate,0.5,0.4722222222222222,11.424242424242424,22.61111111111111,0.6458333333333334,0.3421750663129973,0.6657272727272727,0.5834848484848485,0.4837575757575758,0.5501487410468319774710743802,reconstructed_from_serve_components,2.272727272727273,3.4545454545454546,8.194444444444445,0.43728813559322033,0.5451505016722408,0.4311230303030303,,,,Fragile Serve Profile,Average Return Profile,Creator Profile,Opponent-Dependent Ace Profile,Moderate DF Profile,Low-Data Separation Profile,Low-Data Resistance Profile,,,STALE_NON_AUTHORITATIVE_NOT_REGENERATED,,,
Antonia Ruzic,Hard,36,14,Stable Sample,Complete Profile,0.5,0.42857142857142855,12.545454545454545,22.071428571428573,0.7348484848484849,0.3178294573643411,0.6265454545454545,0.6128181818181818,0.5515454545454546,0.569,charting_raw_spw,2.2222222222222223,3.8181818181818183,7.642857142857143,0.38317757009345793,0.5977011494252874,0.425,0.499,0.99,4.7,Average Serve Profile,Low Return Profile,Balanced BP Profile,Opponent-Dependent Ace Profile,Elevated DF Risk,Neutral Separation Profile,Resistance / Set Extension,Volatile Upside Player,Hard-Resistance,STALE_NON_AUTHORITATIVE_NOT_REGENERATED,,,
Antonia Ruzic,Clay,36,12,Stable Sample,Complete Profile,0.3333333333333333,0.4166666666666667,9.75,21.666666666666668,0.5769230769230769,0.328125,0.6719166666666666,0.5646666666666667,0.43916666666666665,0.471,charting_raw_spw,2.0,3.0,8.25,0.42424242424242425,0.5217391304347826,0.389,0.43,0.74,1.4,Serve Liability,Low Return Profile,Creator Profile,Low Ace Profile,Moderate DF Profile,Backdoor Risk,Resistance / Set Extension,Volatile Upside Player,Clay-Liability,STALE_NON_AUTHORITATIVE_NOT_REGENERATED,,,
Antonia Ruzic,Grass,36,10,Stable Sample,Complete Profile,0.25,0.6,12.2,24.5,0.6229508196721312,0.38333333333333336,0.7014,0.5738,0.46269999999999994,0.535,charting_raw_spw,2.6666666666666665,3.6,8.9,0.5168539325842697,0.5257731958762887,0.459,0.492,0.99,4.3,Fragile Serve Profile,Strong Return Profile,Creator Profile,Opponent-Dependent Ace Profile,Moderate DF Profile,Break-and-Giveback Risk,Resistance / Set Extension,Volatile Upside Player,Grass-Pressure,STALE_NON_AUTHORITATIVE_NOT_REGENERATED,,,
Aoi Ito,All,17,17,Stable Sample,Raw Match Log Aggregate,0.35294117647058826,0.29411764705882354,9.0,20.470588235294116,0.5697674418604651,0.3216374269005848,0.6723529411764706,0.5523529411764706,0.4447058823529412,0.5170826989619377331487889274,reconstructed_from_serve_components,1.3529411764705883,4.705882352941177,7.0,0.46218487394957986,0.5384615384615384,0.4313,,,,Serve Liability,Low Return Profile,Balanced BP Profile,Low Ace Profile,High DF Liability,Low-Data Separation Profile,Low-Data Resistance Profile,,,STALE_NON_AUTHORITATIVE_NOT_REGENERATED,,,
Aoi Ito,Hard,17,12,Stable Sample,Complete Profile,0.4666666666666667,0.3333333333333333,9.583333333333334,20.666666666666668,0.5806451612903226,0.35537190082644626,0.6775,0.5683333333333334,0.4766666666666666,0.522,charting_raw_spw,1.3333333333333333,4.666666666666667,6.833333333333333,0.524390243902439,0.5470085470085471,0.444,0.485,0.93,2.8,Fragile Serve Profile,Average Return Profile,Balanced BP Profile,Low Ace Profile,High DF Liability,Neutral Separation Profile,Volatile Resistance,Return-Led Winner,Hard-Pressure,STALE_NON_AUTHORITATIVE_NOT_REGENERATED,,,
Aoi Ito,Grass,17,5,Usable / Thin,Complete Profile,0.0,0.2,7.6,20.0,0.5416666666666666,0.24,0.66,0.514,0.368,0.485,charting_raw_spw,1.4,4.8,7.4,0.32432432432432434,0.5192307692307693,0.45,0.469,0.87,1.0,Serve Liability,Weak Return Profile,Balanced BP Profile,Low Ace Profile,High DF Liability,Low Separation Profile,Volatile Resistance,Return-Led Winner,Grass-Liability,STALE_NON_AUTHORITATIVE_NOT_REGENERATED,,,
Arantxa Rus,All,5,5,Usable / Thin,Raw Match Log Aggregate,0.4,0.6,10.666666666666666,24.8,0.696969696969697,0.2727272727272727,0.6833333333333332,0.6266666666666666,0.5133333333333333,0.5907777777777777065555555555,reconstructed_from_serve_components,3.6666666666666665,1.6666666666666667,6.333333333333333,0.47368421052631576,0.6551724137931034,0.4080333333333333,,,,Average Serve Profile,Weak Return Profile,Balanced BP Profile,Playable Ace Volume,Clean DF Profile,Low-Data Separation Profile,Low-Data Resistance Profile,,,STALE_NON_AUTHORITATIVE_NOT_REGENERATED,,,
Arantxa Rus,Hard,5,5,Usable / Thin,Complete Profile,0.55,0.6,10.666666666666666,24.8,0.696969696969697,0.2727272727272727,0.6833333333333332,0.6266666666666666,0.5133333333333333,0.581,charting_raw_spw,3.6666666666666665,1.6666666666666667,6.333333333333333,0.47368421052631576,0.6551724137931034,0.436,0.511,1.04,6.0,Average Serve Profile,Weak Return Profile,Balanced BP Profile,Playable Ace Volume,Clean DF Profile,Neutral Separation Profile,Resistance / Set Extension,Volatile Upside Player,Hard-Control,STALE_NON_AUTHORITATIVE_NOT_REGENERATED,,,
Ariana Arseneault,All,1,1,Low Surface Data,Raw Match Log Aggregate,0.0,0.0,11.0,18.0,0.5,0.45454545454545453,0.68,0.55,0.44,0.5148,reconstructed_from_serve_components,3.0,3.0,8.0,0.625,0.45454545454545453,0.4741,,,,Serve Liability,Elite Return Profile,Creator Profile,Playable Ace Volume,Moderate DF Profile,Low-Data Separation Profile,Low-Data Resistance Profile,,,STALE_NON_AUTHORITATIVE_NOT_REGENERATED,,,
Ariana Arseneault,Hard,1,1,Low Surface Data,Low Surface Sample,0.49504950495049505,0.0,11.0,18.0,0.5,0.45454545454545453,0.68,0.55,0.44,0.56,charting_raw_spw,3.0,3.0,8.0,0.625,0.45454545454545453,0.46,0.511,1.04,5.7,Serve Liability,Elite Return Profile,Creator Profile,Playable Ace Volume,Moderate DF Profile,Break-and-Giveback Risk,Neutral Resistance Profile,Volatile Upside Player,Hard-Pressure,STALE_NON_AUTHORITATIVE_NOT_REGENERATED,,,
Aryna Sabalenka,All,53,53,Stable Sample,Raw Match Log Aggregate,0.8301886792452831,0.2641509433962264,12.622641509433961,22.22641509433962,0.7982905982905983,0.35130434782608694,0.6345283018867924,0.7219622641509434,0.5383773584905661,0.6548671769312922902823068708,reconstructed_from_serve_components,5.78,3.0638297872340425,8.566037735849056,0.43832599118942733,0.6151315789473685,0.4424693396226415,,,,Elite Serve Profile,Average Return Profile,Creator Profile,High Ace Upside,Moderate DF Profile,Low-Data Separation Profile,Low-Data Resistance Profile,,,STALE_NON_AUTHORITATIVE_NOT_REGENERATED,,,
Aryna Sabalenka,Hard,53,27,Stable Sample,Complete Profile,0.8888888888888888,0.18518518518518517,12.592592592592593,21.25925925925926,0.8426573426573427,0.35231316725978645,0.6304814814814814,0.733962962962963,0.5816296296296296,0.647,charting_raw_spw,6.5,2.8260869565217392,7.777777777777778,0.45714285714285713,0.6302521008403361,0.445,0.545,1.26,10.0,Elite Serve Profile,Average Return Profile,Balanced BP Profile,High Ace Upside,Moderate DF Profile,Controlled Separator,Serve-Hold Resistance,Volatile Upside Player,Hard-Control,STALE_NON_AUTHORITATIVE_NOT_REGENERATED,,,
Aryna Sabalenka,Clay,53,11,Stable Sample,Complete Profile,0.7272727272727273,0.36363636363636365,13.181818181818182,22.454545454545453,0.7580645161290323,0.4214876033057851,0.6561818181818181,0.6933636363636364,0.5112727272727272,0.625,charting_raw_spw,4.0,3.111111111111111,9.909090909090908,0.46788990825688076,0.6103896103896104,0.452,0.533,1.21,10.0,Stable Serve Profile,Elite Return Profile,Creator Profile,Playable Ace Volume,Moderate DF Profile,Clean Separator,Resistance / Set Extension,Volatile Upside Player,Clay-Control,STALE_NON_AUTHORITATIVE_NOT_REGENERATED,,,
Aryna Sabalenka,Grass,53,15,Stable Sample,Complete Profile,0.7142857142857143,0.3333333333333333,12.266666666666667,23.8,0.7542857142857143,0.30057803468208094,0.6259333333333333,0.7213333333333334,0.4804,0.628,charting_raw_spw,5.6,3.4,9.0,0.3851851851851852,0.6018518518518519,0.413,0.52,1.11,7.3,Stable Serve Profile,Low Return Profile,Balanced BP Profile,Grass Ace Boost,Moderate DF Profile,Neutral Separation Profile,Resistance / Set Extension,Volatile Upside Player,Grass-Control,STALE_NON_AUTHORITATIVE_NOT_REGENERATED,,,
Ashlyn Krueger,All,46,46,Stable Sample,Raw Match Log Aggregate,0.6304347826086957,0.32608695652173914,11.555555555555555,21.76086956521739,0.7142857142857143,0.3475609756097561,0.6672391304347827,0.6589347826086955,0.47571739130434787,0.5979672041587900999370226843,reconstructed_from_serve_components,4.777777777777778,4.666666666666667,8.282608695652174,0.44881889763779526,0.5977337110481586,0.4440687826086957,,,,Average Serve Profile,Average Return Profile,Creator Profile,High Ace Upside,Elevated DF Risk,Low-Data Separation Profile,Low-Data Resistance Profile,,,STALE_NON_AUTHORITATIVE_NOT_REGENERATED,,,
Ashlyn Krueger,Hard,46,20,Stable Sample,Complete Profile,0.4090909090909091,0.25,10.1,20.8,0.7019230769230769,0.2731707317073171,0.6601,0.6566,0.46010000000000006,0.588,charting_raw_spw,4.55,4.8,7.5,0.37333333333333335,0.5724137931034483,0.396,0.493,0.96,2.8,Average Serve Profile,Weak Return Profile,Balanced BP Profile,High Ace Upside,High DF Liability,Neutral Separation Profile,Serve-Hold Resistance,Volatile Upside Player,Hard-Neutral,STALE_NON_AUTHORITATIVE_NOT_REGENERATED,,,
Ashlyn Krueger,Grass,46,16,Stable Sample,Complete Profile,0.75,0.3125,13.133333333333333,21.4375,0.7719298245614035,0.4226190476190476,0.684625,0.6873125,0.49131250000000004,0.586,charting_raw_spw,5.3125,4.066666666666666,9.0625,0.4896551724137931,0.6517857142857143,0.471,0.531,1.14,10.0,Stable Serve Profile,Elite Return Profile,Creator Profile,Grass Ace Boost,Elevated DF Risk,Clean Separator,Resistance / Set Extension,Volatile Upside Player,Grass-Control,STALE_NON_AUTHORITATIVE_NOT_REGENERATED,,,
Ayla Aksu,All,7,7,Stable Sample,Raw Match Log Aggregate,0.6666666666666666,0.5714285714285714,9.4,24.0,0.6268656716417911,0.2647058823529412,0.62,0.6116666666666667,0.44,0.546433333333333354,reconstructed_from_serve_components,3.1666666666666665,5.333333333333333,7.0,0.3673469387755102,0.5454545454545454,0.4216666666666667,,,,Fragile Serve Profile,Weak Return Profile,Balanced BP Profile,Playable Ace Volume,High DF Liability,Low-Data Separation Profile,Low-Data Resistance Profile,,,STALE_NON_AUTHORITATIVE_NOT_REGENERATED,,,
Ayla Aksu,Hard,7,7,Stable Sample,Complete Profile,0.5405405405405406,0.5714285714285714,9.4,24.0,0.6268656716417911,0.2647058823529412,0.62,0.6116666666666667,0.44,0.562,charting_raw_spw,3.1666666666666665,5.333333333333333,7.0,0.3673469387755102,0.5454545454545454,0.449,0.506,1.03,2.3,Fragile Serve Profile,Weak Return Profile,Balanced BP Profile,Playable Ace Volume,High DF Liability,Backdoor Risk,Resistance / Set Extension,Volatile Upside Player,Hard-Neutral,STALE_NON_AUTHORITATIVE_NOT_REGENERATED,,,
Barbora Krejcikova,All,43,43,Stable Sample,Raw Match Log Aggregate,0.6744186046511628,0.37209302325581395,12.547619047619047,22.162790697674417,0.759656652360515,0.3728448275862069,0.6213571428571428,0.7024285714285713,0.4738095238095238,0.6158636020408162299717687075,reconstructed_from_serve_components,4.425,4.785714285714286,9.738095238095237,0.4229828850855746,0.5869565217391305,0.4560577380952381,,,,Stable Serve Profile,Average Return Profile,Creator Profile,High Ace Upside,Elevated DF Risk,Low-Data Separation Profile,Low-Data Resistance Profile,,,STALE_NON_AUTHORITATIVE_NOT_REGENERATED,,,
Barbora Krejcikova,Hard,43,21,Stable Sample,Complete Profile,0.6551724137931034,0.2857142857142857,12.2,20.857142857142858,0.7535545023696683,0.39906103286384975,0.6073,0.7069,0.45355000000000006,0.601,charting_raw_spw,4.5,5.45,9.25,0.4594594594594595,0.5573770491803278,0.447,0.522,1.12,8.2,Average Serve Profile,Strong Return Profile,Creator Profile,High Ace Upside,High DF Liability,Controlled Separator,Serve-Hold Resistance,Volatile Upside Player,Hard-Control,STALE_NON_AUTHORITATIVE_NOT_REGENERATED,,,
Barbora Krejcikova,Clay,43,8,Stable Sample,Complete Profile,0.3333333333333333,0.5,12.375,23.75,0.7934782608695652,0.2765957446808511,0.63475,0.701125,0.52975,0.577,charting_raw_spw,4.142857142857143,4.0,9.375,0.3466666666666667,0.6666666666666666,0.383,0.486,0.9,3.6,Stable Serve Profile,Weak Return Profile,Balanced BP Profile,Playable Ace Volume,Elevated DF Risk,Neutral Separation Profile,Resistance / Set Extension,Volatile Upside Player,Clay-Neutral,STALE_NON_AUTHORITATIVE_NOT_REGENERATED,,,
Barbora Krejcikova,Grass,43,14,Stable Sample,Complete Profile,0.7,0.42857142857142855,13.142857142857142,23.214285714285715,0.7484662576687117,0.39490445859872614,0.6337857142857143,0.6967857142857143,0.4707857142857143,0.619,charting_raw_spw,4.461538461538462,4.285714285714286,10.642857142857142,0.4161073825503356,0.5773195876288659,0.444,0.535,1.17,9.0,Stable Serve Profile,Strong Return Profile,Creator Profile,High Ace Upside,Elevated DF Risk,Controlled Separator,Resistance / Set Extension,Volatile Upside Player,Grass-Control,STALE_NON_AUTHORITATIVE_NOT_REGENERATED,,,
Barthel M.,All,5,5,Usable / Thin,Raw Match Log Aggregate,0.6,0.6,10.75,22.6,0.5813953488372093,0.43902439024390244,0.574,0.71,0.366,0.563456,reconstructed_from_serve_components,3.6,8.6,9.2,0.45652173913043476,0.4411764705882353,0.45933999999999997,,,,Serve Liability,Elite Return Profile,Creator Profile,High Ace Upside,High DF Liability,Low-Data Separation Profile,Low-Data Resistance Profile,,,STALE_NON_AUTHORITATIVE_NOT_REGENERATED,,,
Beatriz Haddad Maia,All,22,22,Stable Sample,Raw Match Log Aggregate,0.18181818181818182,0.22727272727272727,8.363636363636363,20.954545454545453,0.5201793721973094,0.2956521739130435,0.6314090909090908,0.5716363636363636,0.3696363636363637,0.4971809999999999784590909091,reconstructed_from_serve_components,1.625,5.636363636363637,7.0,0.44155844155844154,0.4427083333333333,0.4314922272727273,,,,Serve Liability,Low Return Profile,Balanced BP Profile,Low Ace Profile,High DF Liability,Low-Data Separation Profile,Low-Data Resistance Profile,,,STALE_NON_AUTHORITATIVE_NOT_REGENERATED,,,
Beatriz Haddad Maia,Hard,22,10,Stable Sample,Complete Profile,0.3157894736842105,0.3,8.6,21.5,0.5142857142857142,0.2962962962962963,0.6406999999999999,0.5908,0.36519999999999997,0.544,charting_raw_spw,2.0,6.4,7.3,0.4383561643835616,0.49,0.425,0.486,0.93,1.0,Serve Liability,Low Return Profile,Balanced BP Profile,Opponent-Dependent Ace Profile,High DF Liability,Backdoor Risk,Resistance / Set Extension,Return-Led Winner,Hard-Liability,STALE_NON_AUTHORITATIVE_NOT_REGENERATED,,,
Beatriz Haddad Maia,Grass,22,2,Low Surface Data,Low Surface Sample,0.5,0.0,6.0,19.0,0.5555555555555556,0.10526315789473684,0.5595,0.6195,0.302,0.626,charting_raw_spw,1.5,8.0,5.0,0.2,0.1111111111111111,0.373,0.495,1,1.0,Serve Liability,Weak Return Profile,Balanced BP Profile,Opponent-Dependent Ace Profile,High DF Liability,Backdoor Risk,Collapse Risk,Return-Led Winner,Grass-Neutral,STALE_NON_AUTHORITATIVE_NOT_REGENERATED,,,
Belinda Bencic,All,39,39,Stable Sample,Raw Match Log Aggregate,0.7631578947368421,0.358974358974359,12.263157894736842,21.68421052631579,0.7565632458233891,0.3880952380952381,0.643,0.6840769230769231,0.5094615384615385,0.6217392307692307978,reconstructed_from_serve_components,2.71875,3.657142857142857,8.256410256410257,0.5062111801242236,0.5903614457831325,0.4703336923076923,,,,Stable Serve Profile,Strong Return Profile,Creator Profile,Opponent-Dependent Ace Profile,Elevated DF Risk,Low-Data Separation Profile,Low-Data Resistance Profile,,,STALE_NON_AUTHORITATIVE_NOT_REGENERATED,,,
Belinda Bencic,Hard,39,18,Stable Sample,Complete Profile,0.6944444444444444,0.3888888888888889,12.705882352941176,21.41176470588235,0.7680412371134021,0.4153846153846154,0.6301111111111112,0.6841666666666667,0.5095000000000001,0.607,charting_raw_spw,2.875,3.9411764705882355,8.166666666666666,0.5510204081632653,0.6153846153846154,0.442,0.526,1.12,9.5,Stable Serve Profile,Strong Return Profile,Creator Profile,Playable Ace Volume,Elevated DF Risk,Clean Separator,Resistance / Set Extension,Volatile Upside Player,Hard-Control,STALE_NON_AUTHORITATIVE_NOT_REGENERATED,,,
Belinda Bencic,Grass,39,9,Stable Sample,Complete Profile,0.7142857142857143,0.3333333333333333,12.222222222222221,22.333333333333332,0.7959183673469388,0.32989690721649484,0.6723333333333333,0.6866666666666668,0.5774444444444444,0.605,charting_raw_spw,2.5,2.7142857142857144,6.777777777777778,0.5245901639344263,0.5833333333333334,0.412,0.505,1.04,7.0,Stable Serve Profile,Low Return Profile,Balanced BP Profile,Opponent-Dependent Ace Profile,Moderate DF Profile,Neutral Separation Profile,Resistance / Set Extension,Volatile Upside Player,Grass-Control,STALE_NON_AUTHORITATIVE_NOT_REGENERATED,,,
Bernarda Pera,All,1,1,Low Surface Data,Raw Match Log Aggregate,1.0,0.0,12.0,23.0,0.9090909090909091,0.18181818181818182,0.67,0.76,0.68,0.7336,reconstructed_from_serve_components,12.0,2.0,7.0,0.2857142857142857,0.6666666666666666,0.396,,,,Elite Serve Profile,Weak Return Profile,Balanced BP Profile,High Ace Upside,Moderate DF Profile,Low-Data Separation Profile,Low-Data Resistance Profile,,,STALE_NON_AUTHORITATIVE_NOT_REGENERATED,,,
Bianca Barbulescu,All,1,1,Low Surface Data,Raw Match Log Aggregate,0.0,0.0,,22.0,,,,,,,missing_service_components,,,,,,,,,,Low-Data Serve Profile,Low-Data Return Profile,Low-Data BP Profile,Low-Data Ace Profile,Low-Data DF Profile,Low-Data Separation Profile,Low-Data Resistance Profile,,,STALE_NON_AUTHORITATIVE_NOT_REGENERATED,,,
Bianca Vanessa Andreescu,All,40,40,Stable Sample,Raw Match Log Aggregate,0.55,0.45,11.575,22.75,0.7355555555555555,0.2972972972972973,0.63475,0.6607500000000001,0.51225,0.606510375000000063475,reconstructed_from_serve_components,3.4,3.25,7.9,0.4177215189873418,0.5543071161048689,0.411452,,,,Stable Serve Profile,Low Return Profile,Balanced BP Profile,Playable Ace Volume,Moderate DF Profile,Low-Data Separation Profile,Low-Data Resistance Profile,,,STALE_NON_AUTHORITATIVE_NOT_REGENERATED,,,
Bianca Vanessa Andreescu,Hard,40,20,Stable Sample,Charting Support Missing,0.0,0.7,12.65,25.6,0.7125984251968503,0.2903225806451613,0.6405,0.6475,0.4885,0.537,charting_raw_spw,4.1,3.4,8.4,0.42857142857142855,0.535031847133758,0.388,0.461,0.84,2.6,Average Serve Profile,Low Return Profile,Creator Profile,Playable Ace Volume,Moderate DF Profile,Low Separation Profile,Resistance / Set Extension,Volatile Upside Player,Hard-Neutral,STALE_NON_AUTHORITATIVE_NOT_REGENERATED,,,
Bianca Vanessa Andreescu,Grass,40,20,Stable Sample,Charting Support Missing,0.0,0.2,10.5,19.9,0.7653061224489796,0.30612244897959184,0.629,0.674,0.536,0.547,charting_raw_spw,2.7,3.1,7.4,0.40540540540540543,0.5818181818181818,0.3,0.428,0.66,3.9,Stable Serve Profile,Weak Return Profile,Balanced BP Profile,Grass Ace Boost,Elevated DF Risk,Low Separation Profile,Serve-Hold Resistance,Volatile Upside Player,Grass-Neutral,STALE_NON_AUTHORITATIVE_NOT_REGENERATED,,,
Boyoung Jeong,All,1,1,Low Surface Data,Raw Match Log Aggregate,0.0,0.0,,18.0,,,,,,,missing_service_components,,,,,,,,,,Low-Data Serve Profile,Low-Data Return Profile,Low-Data BP Profile,Low-Data Ace Profile,Low-Data DF Profile,Low-Data Separation Profile,Low-Data Resistance Profile,,,STALE_NON_AUTHORITATIVE_NOT_REGENERATED,,,
Britt Du Pree,All,1,1,Low Surface Data,Raw Match Log Aggregate,1.0,1.0,16.0,33.0,0.8666666666666667,0.2,0.65,0.72,0.58,0.6710,reconstructed_from_serve_components,2.0,6.0,9.0,0.3333333333333333,0.6666666666666666,0.37460000000000004,,,,Stable Serve Profile,Weak Return Profile,Balanced BP Profile,Opponent-Dependent Ace Profile,Elevated DF Risk,Low-Data Separation Profile,Low-Data Resistance Profile,,,STALE_NON_AUTHORITATIVE_NOT_REGENERATED,,,
Cadence Brace,All,20,20,Stable Sample,Raw Match Log Aggregate,0.55,0.2,10.428571428571429,20.8,0.6351351351351351,0.35135135135135137,0.607,0.6064285714285714,0.46114285714285713,0.54933128571428569189,reconstructed_from_serve_components,1.7142857142857142,4.0,7.142857142857143,0.52,0.5846153846153846,0.4323428571428571,,,,Fragile Serve Profile,Average Return Profile,Balanced BP Profile,Low Ace Profile,Elevated DF Risk,Low-Data Separation Profile,Low-Data Resistance Profile,,,STALE_NON_AUTHORITATIVE_NOT_REGENERATED,,,
Cadence Brace,Hard,20,20,Stable Sample,Complete Profile,0.6,0.2,10.428571428571429,20.8,0.6351351351351351,0.35135135135135137,0.607,0.6064285714285714,0.46114285714285713,0.551,charting_raw_spw,1.7142857142857142,4.0,7.142857142857143,0.52,0.5846153846153846,0.492,0.522,1.09,6.9,Fragile Serve Profile,Average Return Profile,Balanced BP Profile,Low Ace Profile,Elevated DF Risk,Neutral Separation Profile,Neutral Resistance Profile,Return-Led Winner,Hard-Neutral,STALE_NON_AUTHORITATIVE_NOT_REGENERATED,,,
Cadence Brace,Clay,20,0,No Surface Data,No Surface Match Sample,0.0,,,,,,,,,0.111,charting_raw_spw,,,,,,0.273,0.2,0.31,,No Surface Data,No Surface Data,No Surface Data,No Surface Data,No Surface Data,No Surface Data,No Surface Data,,,STALE_NON_AUTHORITATIVE_NOT_REGENERATED,,,
Cadence Brace,Grass,20,0,No Surface Data,No Surface Match Sample,0.0,,,,,,,,,0.225,charting_raw_spw,,,,,,0.405,0.317,0.52,,No Surface Data,No Surface Data,No Surface Data,No Surface Data,No Surface Data,No Surface Data,No Surface Data,,,STALE_NON_AUTHORITATIVE_NOT_REGENERATED,,,
Camila Osorio,All,41,41,Stable Sample,Raw Match Log Aggregate,0.525,0.34146341463414637,11.125,21.525,0.6462585034013606,0.3773148148148148,0.63225,0.6384,0.448975,0.56873895625,reconstructed_from_serve_components,2.4838709677419355,5.55,8.585365853658537,0.4630681818181818,0.5750708215297451,0.461410975,,,,Fragile Serve Profile,Average Return Profile,Creator Profile,Opponent-Dependent Ace Profile,High DF Liability,Low-Data Separation Profile,Low-Data Resistance Profile,,,STALE_NON_AUTHORITATIVE_NOT_REGENERATED,,,
Camila Osorio,Hard,41,24,Stable Sample,Complete Profile,0.41379310344827586,0.3333333333333333,10.91304347826087,21.608695652173914,0.624031007751938,0.3675889328063241,0.6095652173913044,0.641304347826087,0.4211739130434783,0.549,charting_raw_spw,2.611111111111111,6.173913043478261,8.416666666666666,0.4603960396039604,0.5603864734299517,0.433,0.493,0.96,3.3,Fragile Serve Profile,Average Return Profile,Creator Profile,Opponent-Dependent Ace Profile,High DF Liability,Backdoor Risk,Resistance / Set Extension,Return-Led Winner,Hard-Pressure,STALE_NON_AUTHORITATIVE_NOT_REGENERATED,,,
Camila Osorio,Grass,41,4,Usable / Thin,Low Surface Sample,0.5,0.25,9.5,20.5,0.6585365853658537,0.2682926829268293,0.63275,0.6515000000000001,0.46775,0.632,charting_raw_spw,2.75,4.5,7.75,0.3548387096774194,0.5483870967741935,0.434,0.526,1.18,5.0,Average Serve Profile,Weak Return Profile,Balanced BP Profile,Playable Ace Volume,Elevated DF Risk,Neutral Separation Profile,Neutral Resistance Profile,Volatile Upside Player,Grass-Neutral,STALE_NON_AUTHORITATIVE_NOT_REGENERATED,,,
Carla Tomai,All,1,1,Low Surface Data,Raw Match Log Aggregate,0.0,0.0,0.0,12.0,0.0,0.0,0.62,0.35,0.38,0.3614,reconstructed_from_serve_components,0.0,0.0,1.0,0.0,0.375,0.22899999999999998,,,,Serve Liability,Weak Return Profile,Low Pressure / Weak Survivor,Low Ace Profile,Moderate DF Profile,Low-Data Separation Profile,Low-Data Resistance Profile,,,STALE_NON_AUTHORITATIVE_NOT_REGENERATED,,,
Carol YoungSuh Lee,All,5,5,Usable / Thin,Raw Match Log Aggregate,0.8,0.4,13.75,21.4,0.8604651162790697,0.42857142857142855,0.67,0.695,0.54,0.64385,reconstructed_from_serve_components,2.25,3.0,6.4,0.53125,0.7,0.477,,,,Stable Serve Profile,Elite Return Profile,Balanced BP Profile,Low Ace Profile,Moderate DF Profile,Low-Data Separation Profile,Low-Data Resistance Profile,,,STALE_NON_AUTHORITATIVE_NOT_REGENERATED,,,
Carol YoungSuh Lee,Hard,5,5,Usable / Thin,Complete Profile,0.7317073170731707,0.4,13.75,21.4,0.8604651162790697,0.42857142857142855,0.67,0.695,0.54,0.595,charting_raw_spw,2.25,3.0,6.4,0.53125,0.7,0.46,0.528,1.14,7.5,Stable Serve Profile,Elite Return Profile,Balanced BP Profile,Low Ace Profile,Moderate DF Profile,Clean Separator,Resistance / Set Extension,Volatile Upside Player,Hard-Control,STALE_NON_AUTHORITATIVE_NOT_REGENERATED,,,
Carol Zhao,All,1,1,Low Surface Data,Raw Match Log Aggregate,0.0,1.0,12.0,27.0,0.8888888888888888,0.4444444444444444,0.51,0.7,0.56,0.6314,reconstructed_from_serve_components,2.0,7.0,7.0,0.5714285714285714,0.75,0.481,,,,Stable Serve Profile,Elite Return Profile,Balanced BP Profile,Playable Ace Volume,High DF Liability,Low-Data Separation Profile,Low-Data Resistance Profile,,,STALE_NON_AUTHORITATIVE_NOT_REGENERATED,,,
Carol Zhao,Hard,1,1,Low Surface Data,Low Surface Sample,0.16666666666666666,1.0,12.0,27.0,0.8888888888888888,0.4444444444444444,0.51,0.7,0.56,0.498,charting_raw_spw,2.0,7.0,7.0,0.5714285714285714,0.75,0.436,0.465,0.87,5.2,Stable Serve Profile,Strong Return Profile,Balanced BP Profile,Playable Ace Volume,High DF Liability,Low Separation Profile,Resistance / Set Extension,Volatile Upside Player,Hard-Resistance,STALE_NON_AUTHORITATIVE_NOT_REGENERATED,,,
Carole Monnet,All,11,11,Stable Sample,Raw Match Log Aggregate,0.2727272727272727,0.6363636363636364,14.4,25.09090909090909,0.6766917293233082,0.4122137404580153,0.635,0.6829999999999999,0.375,0.5705799999999999365,reconstructed_from_serve_components,3.2,6.7,9.9,0.5454545454545454,0.6018518518518519,0.45574000000000003,,,,Serve Liability,Strong Return Profile,Creator Profile,Playable Ace Volume,High DF Liability,Low-Data Separation Profile,Low-Data Resistance Profile,,,STALE_NON_AUTHORITATIVE_NOT_REGENERATED,,,
Carole Monnet,Hard,11,11,Stable Sample,Complete Profile,0.2857142857142857,0.6363636363636364,14.4,25.09090909090909,0.6766917293233082,0.4122137404580153,0.635,0.6829999999999999,0.375,0.497,charting_raw_spw,3.2,6.7,9.9,0.5454545454545454,0.6018518518518519,0.449,0.473,0.89,3.2,Serve Liability,Strong Return Profile,Creator Profile,Playable Ace Volume,High DF Liability,Break-and-Giveback Risk,Resistance / Set Extension,Volatile Upside Player,Hard-Pressure,STALE_NON_AUTHORITATIVE_NOT_REGENERATED,,,
Carole Monnet,Clay,11,0,No Surface Data,No Surface Match Sample,0.5405405405405406,,,,,,,,,0.509,charting_raw_spw,,,,,,0.495,0.502,1.01,,No Surface Data,No Surface Data,No Surface Data,No Surface Data,No Surface Data,No Surface Data,No Surface Data,,,STALE_NON_AUTHORITATIVE_NOT_REGENERATED,,,
Carole Monnet,Grass,11,0,No Surface Data,No Surface Match Sample,No Surface W/L,,,,,,,,,,missing_service_components,,,,,,,,,,No Surface Data,No Surface Data,No Surface Data,No Surface Data,No Surface Data,No Surface Data,No Surface Data,,,STALE_NON_AUTHORITATIVE_NOT_REGENERATED,,,
Carolina Alves,All,5,5,Usable / Thin,Raw Match Log Aggregate,0.6,0.0,7.333333333333333,17.2,0.48148148148148145,0.32142857142857145,0.5666666666666667,0.55,0.38333333333333336,0.4777777777777777948888888889,reconstructed_from_serve_components,2.0,6.0,8.0,0.375,0.3333333333333333,0.42933333333333334,,,,Serve Liability,Low Return Profile,Balanced BP Profile,Playable Ace Volume,High DF Liability,Low-Data Separation Profile,Low-Data Resistance Profile,,,STALE_NON_AUTHORITATIVE_NOT_REGENERATED,,,
Carolina Alves,Hard,5,5,Usable / Thin,Charting Raw Missing,No Surface W/L,0.0,7.333333333333333,17.2,0.48148148148148145,0.32142857142857145,0.5666666666666667,0.55,0.38333333333333336,0.4777777777777777948888888889,reconstructed_from_serve_components,2.0,6.0,8.0,0.375,0.3333333333333333,0.42933333333333334,,,,Serve Liability,Low Return Profile,Balanced BP Profile,Playable Ace Volume,High DF Liability,Low-Data Separation Profile,Low-Data Resistance Profile,,,STALE_NON_AUTHORITATIVE_NOT_REGENERATED,,,
Caroline Dolehide,All,12,12,Stable Sample,Raw Match Log Aggregate,0.5833333333333334,0.25,11.285714285714286,21.666666666666668,0.6986301369863014,0.3888888888888889,0.6485714285714286,0.66,0.47857142857142854,0.5962408163265306063836734694,reconstructed_from_serve_components,1.7142857142857142,4.428571428571429,8.571428571428571,0.4666666666666667,0.6071428571428571,0.45461428571428575,,,,Average Serve Profile,Strong Return Profile,Creator Profile,Opponent-Dependent Ace Profile,Elevated DF Risk,Low-Data Separation Profile,Low-Data Resistance Profile,,,STALE_NON_AUTHORITATIVE_NOT_REGENERATED,,,
Caroline Dolehide,Hard,12,12,Stable Sample,Complete Profile,0.25,0.25,11.285714285714286,21.666666666666668,0.6986301369863014,0.3888888888888889,0.6485714285714286,0.66,0.47857142857142854,0.563,charting_raw_spw,1.7142857142857142,4.428571428571429,8.571428571428571,0.4666666666666667,0.6071428571428571,0.387,0.482,0.89,3.6,Average Serve Profile,Average Return Profile,Creator Profile,Opponent-Dependent Ace Profile,Elevated DF Risk,Neutral Separation Profile,Volatile Resistance,Volatile Upside Player,Hard-Pressure,STALE_NON_AUTHORITATIVE_NOT_REGENERATED,,,
Caty McNally,All,52,52,Stable Sample,Raw Match Log Aggregate,0.5769230769230769,0.4230769230769231,11.615384615384615,22.21153846153846,0.6452173913043479,0.4010327022375215,0.6969807692307692,0.6106923076923078,0.4599423076923077,0.5650121586538462265980769231,reconstructed_from_serve_components,1.9722222222222223,3.980769230769231,9.173076923076923,0.48846960167714887,0.559748427672956,0.4572308269230769,,,,Fragile Serve Profile,Strong Return Profile,Creator Profile,Opponent-Dependent Ace Profile,Elevated DF Risk,Low-Data Separation Profile,Low-Data Resistance Profile,,,STALE_NON_AUTHORITATIVE_NOT_REGENERATED,,,
Caty McNally,Hard,52,24,Stable Sample,Complete Profile,0.48,0.3333333333333333,11.166666666666666,22.25,0.6431226765799256,0.3505535055350554,0.6853333333333333,0.6077083333333334,0.45199999999999996,0.569,charting_raw_spw,1.9444444444444444,4.25,8.208333333333334,0.48223350253807107,0.5565217391304348,0.432,0.502,1,5.1,Fragile Serve Profile,Average Return Profile,Creator Profile,Opponent-Dependent Ace Profile,Elevated DF Risk,Backdoor Risk,Resistance / Set Extension,Return-Led Winner,Hard-Neutral,STALE_NON_AUTHORITATIVE_NOT_REGENERATED,,,
Caty McNally,Clay,52,11,Stable Sample,Complete Profile,0.5454545454545454,0.5454545454545454,11.454545454545455,22.0,0.5726495726495726,0.48360655737704916,0.7141818181818183,0.5847272727272728,0.43699999999999994,0.535,charting_raw_spw,1.2,3.272727272727273,11.181818181818182,0.4796747967479675,0.576271186440678,0.478,0.506,1.03,5.0,Serve Liability,Elite Return Profile,Creator Profile,Low Ace Profile,Elevated DF Risk,Break-and-Giveback Risk,Resistance / Set Extension,Return-Led Winner,Clay-Pressure,STALE_NON_AUTHORITATIVE_NOT_REGENERATED,,,
Caty McNally,Grass,52,17,Stable Sample,Complete Profile,0.6,0.47058823529411764,12.352941176470589,22.294117647058822,0.6931216931216931,0.42021276595744683,0.7022941176470588,0.6317058823529412,0.486,0.576,charting_raw_spw,2.3076923076923075,4.0588235294117645,9.235294117647058,0.5031847133757962,0.5503875968992248,0.454,0.516,1.07,7.3,Average Serve Profile,Elite Return Profile,Creator Profile,Opponent-Dependent Ace Profile,Elevated DF Risk,Controlled Separator,Resistance / Set Extension,Return-Led Winner,Grass-Pressure,STALE_NON_AUTHORITATIVE_NOT_REGENERATED,,,
Claire Liu,All,37,37,Stable Sample,Raw Match Log Aggregate,0.6756756756756757,0.4864864864864865,12.52,23.324324324324323,0.6857142857142857,0.4416058394160584,0.6729600000000001,0.6556000000000001,0.5147600000000001,0.6095396864000001140840000000,reconstructed_from_serve_components,4.2631578947368425,2.9523809523809526,6.243243243243243,0.5238095238095238,0.5577889447236181,0.48492367999999997,,,,Average Serve Profile,Elite Return Profile,Balanced BP Profile,Playable Ace Volume,Moderate DF Profile,Low-Data Separation Profile,Low-Data Resistance Profile,,,STALE_NON_AUTHORITATIVE_NOT_REGENERATED,,,
Claire Liu,Hard,37,19,Stable Sample,Complete Profile,0.42857142857142855,0.47368421052631576,12.666666666666666,23.842105263157894,0.6690140845070423,0.41304347826086957,0.64575,0.6558333333333333,0.482,0.537,charting_raw_spw,4.545454545454546,3.3333333333333335,6.421052631578948,0.4672131147540984,0.5436893203883495,0.409,0.478,0.88,3.9,Average Serve Profile,Average Return Profile,Balanced BP Profile,High Ace Upside,Moderate DF Profile,Break-and-Giveback Risk,Resistance / Set Extension,Volatile Upside Player,Hard-Neutral,STALE_NON_AUTHORITATIVE_NOT_REGENERATED,,,
Claire Liu,Clay,37,13,Stable Sample,Complete Profile,0.5,0.5384615384615384,12.0,23.0,0.6626506024096386,0.5061728395061729,0.711375,0.64725,0.526,0.61225421875,reconstructed_from_serve_components,2.5,2.1666666666666665,5.6923076923076925,0.5540540540540541,0.5757575757575758,0.5331359999999999,,,,Average Serve Profile,Elite Return Profile,Balanced BP Profile,Opponent-Dependent Ace Profile,Clean DF Profile,Low-Data Separation Profile,Low-Data Resistance Profile,,,STALE_NON_AUTHORITATIVE_NOT_REGENERATED,,,
Claire Liu,Grass,37,5,Usable / Thin,Complete Profile,0.3333333333333333,0.4,13.0,22.2,0.7636363636363637,0.41818181818181815,0.6768,0.6684,0.5754,0.58,charting_raw_spw,5.25,3.0,7.0,0.6571428571428571,0.5666666666666667,0.396,0.487,0.94,7.2,Stable Serve Profile,Average Return Profile,Balanced BP Profile,Grass Ace Boost,Clean DF Profile,Neutral Separation Profile,Resistance / Set Extension,Volatile Upside Player,Grass-Neutral,STALE_NON_AUTHORITATIVE_NOT_REGENERATED,,,
Clara Burel,All,10,10,Stable Sample,Raw Match Log Aggregate,0.6,0.5,12.0,22.4,0.5855855855855856,0.5045871559633027,0.605,0.619,0.39399999999999996,0.53012499999999998420,reconstructed_from_serve_components,1.6,3.5,10.1,0.5445544554455446,0.6,0.50385,,,,Serve Liability,Elite Return Profile,Strong Creator / Strong Survivor,Low Ace Profile,Elevated DF Risk,Low-Data Separation Profile,Low-Data Resistance Profile,,,STALE_NON_AUTHORITATIVE_NOT_REGENERATED,,,
Clara Burel,Hard,10,0,No Surface Data,No Surface Match Sample,0.45161290322580644,,,,,,,,,0.521,charting_raw_spw,,,,,,0.46,0.49,0.96,,No Surface Data,No Surface Data,No Surface Data,No Surface Data,No Surface Data,No Surface Data,No Surface Data,,,STALE_NON_AUTHORITATIVE_NOT_REGENERATED,,,
Clara Burel,Clay,10,10,Stable Sample,Complete Profile,0.5714285714285714,0.5,12.0,22.4,0.5855855855855856,0.5045871559633027,0.605,0.619,0.39399999999999996,0.539,charting_raw_spw,1.6,3.5,10.1,0.5445544554455446,0.6,0.496,0.517,1.08,7.2,Serve Liability,Elite Return Profile,Strong Creator / Strong Survivor,Low Ace Profile,Elevated DF Risk,Break-and-Giveback Risk,Resistance / Set Extension,Return-Led Winner,Clay-Pressure,STALE_NON_AUTHORITATIVE_NOT_REGENERATED,,,
Clara Burel,Grass,10,0,No Surface Data,No Surface Match Sample,No Surface W/L,,,,,,,,,,missing_service_components,,,,,,,,,,No Surface Data,No Surface Data,No Surface Data,No Surface Data,No Surface Data,No Surface Data,No Surface Data,,,STALE_NON_AUTHORITATIVE_NOT_REGENERATED,,,
Clara Tauson,All,36,36,Stable Sample,Raw Match Log Aggregate,0.4722222222222222,0.4166666666666667,11.305555555555555,23.11111111111111,0.7111111111111111,0.29095354523227385,0.6155,0.6775555555555555,0.43038888888888893,0.582519972222222203835,reconstructed_from_serve_components,6.575757575757576,4.057142857142857,7.5,0.43703703703703706,0.5687732342007435,0.4131224166666667,,,,Fragile Serve Profile,Low Return Profile,Balanced BP Profile,High Ace Upside,Elevated DF Risk,Low-Data Separation Profile,Low-Data Resistance Profile,,,STALE_NON_AUTHORITATIVE_NOT_REGENERATED,,,
Clara Tauson,Hard,36,23,Stable Sample,Complete Profile,0.5151515151515151,0.4782608695652174,12.217391304347826,23.91304347826087,0.7142857142857143,0.3382899628252788,0.6147391304347827,0.702695652173913,0.42321739130434777,0.608,charting_raw_spw,6.9523809523809526,4.545454545454546,8.304347826086957,0.4712041884816754,0.5833333333333334,0.426,0.517,1.09,7.2,Fragile Serve Profile,Average Return Profile,Creator Profile,High Ace Upside,Elevated DF Risk,Controlled Separator,Resistance / Set Extension,Volatile Upside Player,Hard-Control,STALE_NON_AUTHORITATIVE_NOT_REGENERATED,,,
Clara Tauson,Clay,36,3,Usable / Thin,Low Surface Sample,0.0,0.3333333333333333,7.0,19.666666666666668,0.5333333333333333,0.1724137931034483,0.6686666666666666,0.49133333333333334,0.4106666666666667,0.455,charting_raw_spw,3.5,2.0,6.333333333333333,0.2631578947368421,0.5,0.347,0.401,0.64,1.0,Serve Liability,Weak Return Profile,Balanced BP Profile,Playable Ace Volume,Moderate DF Profile,Backdoor Risk,Resistance / Set Extension,Volatile Upside Player,Clay-Liability,STALE_NON_AUTHORITATIVE_NOT_REGENERATED,,,
Clara Tauson,Grass,36,10,Stable Sample,Complete Profile,0.5454545454545454,0.3,10.5,22.3,0.7522935779816514,0.2072072072072072,0.6013,0.6756,0.45280000000000004,0.616,charting_raw_spw,6.4,3.6,6.0,0.38333333333333336,0.5573770491803278,0.378,0.494,0.98,4.0,Average Serve Profile,Weak Return Profile,Balanced BP Profile,Grass Ace Boost,Elevated DF Risk,Neutral Separation Profile,Resistance / Set Extension,Volatile Upside Player,Grass-Neutral,STALE_NON_AUTHORITATIVE_NOT_REGENERATED,,,
Clervie Ngounoue,All,1,1,Low Surface Data,Raw Match Log Aggregate,0.0,1.0,7.0,27.0,0.3333333333333333,0.4,0.69,0.51,0.29,0.4418,reconstructed_from_serve_components,0.0,1.0,9.0,0.4444444444444444,0.25,0.4404,,,,Serve Liability,Strong Return Profile,Creator Profile,Low Ace Profile,Moderate DF Profile,Low-Data Separation Profile,Low-Data Resistance Profile,,,STALE_NON_AUTHORITATIVE_NOT_REGENERATED,,,
Coco Gauff,All,41,41,Stable Sample,Raw Match Log Aggregate,0.7560975609756098,0.4878048780487805,13.025,22.902439024390244,0.7080745341614907,0.3784355179704017,0.6093,0.6894250000000001,0.44060000000000005,0.592209072500000080465,reconstructed_from_serve_components,3.5945945945945947,5.725,9.775,0.4578005115089514,0.5566037735849056,0.45805757500000005,,,,Average Serve Profile,Average Return Profile,Creator Profile,Playable Ace Volume,High DF Liability,Low-Data Separation Profile,Low-Data Resistance Profile,,,STALE_NON_AUTHORITATIVE_NOT_REGENERATED,,,
Coco Gauff,Hard,41,23,Stable Sample,Complete Profile,0.7959183673469388,0.391304347826087,12.590909090909092,21.347826086956523,0.7258687258687259,0.34901960784313724,0.606909090909091,0.6857272727272726,0.4460454545454545,0.584,charting_raw_spw,3.380952380952381,6.136363636363637,9.136363636363637,0.4427860696517413,0.572289156626506,0.48,0.531,1.16,7.5,Average Serve Profile,Average Return Profile,Creator Profile,Playable Ace Volume,High DF Liability,Controlled Separator,Resistance / Set Extension,Volatile Upside Player,Hard-Control,STALE_NON_AUTHORITATIVE_NOT_REGENERATED,,,
Coco Gauff,Clay,41,10,Stable Sample,Complete Profile,0.7142857142857143,0.6,14.3,25.3,0.6377952755905512,0.5040650406504065,0.6648,0.6534,0.4068,0.577,charting_raw_spw,2.75,4.2,13.4,0.4626865671641791,0.5533980582524272,0.49,0.533,1.16,7.6,Fragile Serve Profile,Elite Return Profile,Creator Profile,Opponent-Dependent Ace Profile,Elevated DF Risk,Break-and-Giveback Risk,Resistance / Set Extension,Return-Led Winner,Clay-Pressure,STALE_NON_AUTHORITATIVE_NOT_REGENERATED,,,
Coco Gauff,Grass,41,8,Stable Sample,Complete Profile,0.7142857142857143,0.625,12.625,24.375,0.7525773195876289,0.29473684210526313,0.5465,0.7446250000000001,0.46787500000000004,0.631,charting_raw_spw,5.0,6.5,7.0,0.5,0.5102040816326531,0.427,0.527,1.16,7.5,Average Serve Profile,Low Return Profile,Balanced BP Profile,High Ace Upside,High DF Liability,Serve-Led Separator,Resistance / Set Extension,Volatile Upside Player,Grass-Control,STALE_NON_AUTHORITATIVE_NOT_REGENERATED,,,
Cody Wong Hong Yi,All,1,1,Low Surface Data,Raw Match Log Aggregate,1.0,1.0,,25.0,,,,,,,missing_service_components,,,,,,,,,,Low-Data Serve Profile,Low-Data Return Profile,Low-Data BP Profile,Low-Data Ace Profile,Low-Data DF Profile,Low-Data Separation Profile,Low-Data Resistance Profile,,,STALE_NON_AUTHORITATIVE_NOT_REGENERATED,,,
Cristina Bucsa,All,30,30,Stable Sample,Raw Match Log Aggregate,0.5333333333333333,0.26666666666666666,10.666666666666666,21.633333333333333,0.6378205128205128,0.3734567901234568,0.6278,0.6158,0.4574333333333333,0.55685592666666665426,reconstructed_from_serve_components,1.1851851851851851,2.966666666666667,8.3,0.4859437751004016,0.5,0.43232123333333333,,,,Fragile Serve Profile,Average Return Profile,Creator Profile,Low Ace Profile,Moderate DF Profile,Low-Data Separation Profile,Low-Data Resistance Profile,,,STALE_NON_AUTHORITATIVE_NOT_REGENERATED,,,
Cristina Bucsa,Hard,30,30,Stable Sample,Complete Profile,0.5,0.26666666666666666,10.666666666666666,21.633333333333333,0.6378205128205128,0.3734567901234568,0.6278,0.6158,0.4574333333333333,0.558,charting_raw_spw,1.1851851851851851,2.966666666666667,8.3,0.4859437751004016,0.5,0.438,0.498,0.99,5.1,Fragile Serve Profile,Average Return Profile,Creator Profile,Low Ace Profile,Moderate DF Profile,Neutral Separation Profile,Neutral Resistance Profile,Return-Led Winner,Hard-Pressure,STALE_NON_AUTHORITATIVE_NOT_REGENERATED,,,
Cristina Bucsa,Clay,30,0,No Surface Data,No Surface Match Sample,0.0,,,,,,,,,0.524,charting_raw_spw,,,,,,0.432,0.474,0.91,,No Surface Data,No Surface Data,No Surface Data,No Surface Data,No Surface Data,No Surface Data,No Surface Data,,,STALE_NON_AUTHORITATIVE_NOT_REGENERATED,,,
Cristina Bucsa,Grass,30,0,No Surface Data,No Surface Match Sample,No Surface W/L,,,,,,,,,,missing_service_components,,,,,,,,,,No Surface Data,No Surface Data,No Surface Data,No Surface Data,No Surface Data,No Surface Data,No Surface Data,,,STALE_NON_AUTHORITATIVE_NOT_REGENERATED,,,
Dalma Galfi,All,25,25,Stable Sample,Raw Match Log Aggregate,0.36,0.24,10.48,22.4,0.6492537313432836,0.3247232472324723,0.6334000000000001,0.63824,0.44016000000000005,0.5656238720000000381380000000,reconstructed_from_serve_components,3.9583333333333335,3.375,8.4,0.41904761904761906,0.5279187817258884,0.4273172,,,,Fragile Serve Profile,Low Return Profile,Creator Profile,High Ace Upside,Elevated DF Risk,Low-Data Separation Profile,Low-Data Resistance Profile,,,STALE_NON_AUTHORITATIVE_NOT_REGENERATED,,,
Dalma Galfi,Hard,25,14,Stable Sample,Complete Profile,0.18181818181818182,0.35714285714285715,10.857142857142858,23.857142857142858,0.6709677419354839,0.3057324840764331,0.6344285714285715,0.6386428571428572,0.4417857142857143,0.58,charting_raw_spw,4.071428571428571,3.8461538461538463,7.785714285714286,0.44036697247706424,0.575,0.362,0.474,0.86,1.5,Average Serve Profile,Low Return Profile,Balanced BP Profile,High Ace Upside,Elevated DF Risk,Backdoor Risk,Resistance / Set Extension,Volatile Upside Player,Hard-Neutral,STALE_NON_AUTHORITATIVE_NOT_REGENERATED,,,
Dalma Galfi,Clay,25,11,Stable Sample,Complete Profile,0.3333333333333333,0.09090909090909091,10.0,20.545454545454547,0.6194690265486725,0.3508771929824561,0.632090909090909,0.6377272727272727,0.43809090909090903,0.521,charting_raw_spw,3.8,2.8181818181818183,9.181818181818182,0.39603960396039606,0.45454545454545453,0.436,0.481,0.91,2.3,Fragile Serve Profile,Average Return Profile,Balanced BP Profile,Playable Ace Volume,Moderate DF Profile,Backdoor Risk,Volatile Resistance,Volatile Upside Player,Clay-Neutral,STALE_NON_AUTHORITATIVE_NOT_REGENERATED,,,
Daria Kasatkina,All,43,43,Stable Sample,Raw Match Log Aggregate,0.4883720930232558,0.4883720930232558,11.738095238095237,23.41860465116279,0.5667351129363449,0.4392712550607287,0.6845476190476191,0.5828333333333334,0.3922380952380953,0.5227096116780046102954648526,reconstructed_from_serve_components,2.2285714285714286,6.904761904761905,10.418604651162791,0.484375,0.5204545454545455,0.4745048571428572,,,,Serve Liability,Elite Return Profile,Creator Profile,Low Ace Profile,High DF Liability,Low-Data Separation Profile,Low-Data Resistance Profile,,,STALE_NON_AUTHORITATIVE_NOT_REGENERATED,,,
Daria Kasatkina,Hard,43,24,Stable Sample,Complete Profile,0.3888888888888889,0.625,12.08695652173913,25.083333333333332,0.5555555555555556,0.4054982817869416,0.6500869565217391,0.5745652173913044,0.39313043478260873,0.515,charting_raw_spw,2.5,8.304347826086957,10.75,0.4573643410852713,0.5311355311355311,0.48,0.498,0.99,3.2,Serve Liability,Strong Return Profile,Creator Profile,Low Ace Profile,High DF Liability,Break-and-Giveback Risk,Resistance / Set Extension,Return-Led Winner,Hard-Pressure,STALE_NON_AUTHORITATIVE_NOT_REGENERATED,,,
Daria Kasatkina,Clay,43,12,Stable Sample,Complete Profile,0.4444444444444444,0.25,11.75,20.833333333333332,0.5934959349593496,0.544,0.7445,0.5925833333333334,0.4136666666666667,0.514,charting_raw_spw,2.090909090909091,4.416666666666667,10.75,0.5271317829457365,0.5145631067961165,0.482,0.498,0.99,3.2,Fragile Serve Profile,Elite Return Profile,Creator Profile,Low Ace Profile,Pressure DF Risk,Break-and-Giveback Risk,Volatile Resistance,Return-Led Winner,Clay-Pressure,STALE_NON_AUTHORITATIVE_NOT_REGENERATED,,,
Daria Kasatkina,Grass,43,7,Stable Sample,Complete Profile,0.3333333333333333,0.42857142857142855,10.571428571428571,22.142857142857142,0.5657894736842105,0.3974358974358974,0.695,0.5932857142857143,0.3525714285714286,0.533,charting_raw_spw,1.6666666666666667,6.571428571428571,8.714285714285714,0.5081967213114754,0.484375,0.463,0.497,0.99,2.3,Serve Liability,Strong Return Profile,Creator Profile,Low Ace Profile,High DF Liability,Break-and-Giveback Risk,Resistance / Set Extension,Return-Led Winner,Grass-Pressure,STALE_NON_AUTHORITATIVE_NOT_REGENERATED,,,
Daria Snigur,All,34,34,Stable Sample,Raw Match Log Aggregate,0.65625,0.2647058823529412,11.375,21.28125,0.6530612244897959,0.4297994269340974,0.7429117647058824,0.6272941176470589,0.4434411764705882,0.5800276894463668383960207613,reconstructed_from_serve_components,1.64,2.6,9.823529411764707,0.4491017964071856,0.5509433962264151,0.4852811470588236,,,,Average Serve Profile,Elite Return Profile,Creator Profile,Low Ace Profile,Moderate DF Profile,Low-Data Separation Profile,Low-Data Resistance Profile,,,STALE_NON_AUTHORITATIVE_NOT_REGENERATED,,,
Daria Snigur,Hard,34,17,Stable Sample,Complete Profile,0.875,0.23529411764705882,11.333333333333334,20.333333333333332,0.6708074534161491,0.4472049689440994,0.7602352941176471,0.6246470588235294,0.43364705882352944,0.594,charting_raw_spw,1.4166666666666667,2.0,9.058823529411764,0.4675324675324675,0.5391304347826087,0.499,0.546,1.23,8.6,Fragile Serve Profile,Elite Return Profile,Creator Profile,Low Ace Profile,Moderate DF Profile,Break-and-Giveback Risk,Neutral Resistance Profile,Return-Led Winner,Hard-Pressure,STALE_NON_AUTHORITATIVE_NOT_REGENERATED,,,
Daria Snigur,Clay,34,8,Stable Sample,Complete Profile,0.5,0.375,11.0,22.75,0.5681818181818182,0.4175824175824176,0.689875,0.590875,0.43174999999999997,0.477,charting_raw_spw,1.6666666666666667,3.5,13.375,0.35514018691588783,0.5632183908045977,0.453,0.464,0.86,2.6,Serve Liability,Strong Return Profile,Balanced BP Profile,Low Ace Profile,Elevated DF Risk,Break-and-Giveback Risk,Resistance / Set Extension,Return-Led Winner,Clay-Pressure,STALE_NON_AUTHORITATIVE_NOT_REGENERATED,,,
Daria Snigur,Grass,34,9,Stable Sample,Complete Profile,0.5714285714285714,0.2222222222222222,11.777777777777779,21.555555555555557,0.7021276595744681,0.41237113402061853,0.7573333333333333,0.6646666666666667,0.4723333333333333,0.575,charting_raw_spw,2.0,3.0,8.11111111111111,0.547945205479452,0.5555555555555556,0.436,0.506,1.03,7.8,Average Serve Profile,Strong Return Profile,Creator Profile,Low Ace Profile,Moderate DF Profile,Neutral Separation Profile,Serve-Hold Resistance,Volatile Upside Player,Grass-Pressure,STALE_NON_AUTHORITATIVE_NOT_REGENERATED,,,
Darija Semenistaja,All,1,1,Low Surface Data,Raw Match Log Aggregate,0.0,0.0,12.0,17.0,0.6666666666666666,0.3333333333333333,0.66,0.71,0.61,0.6760,reconstructed_from_serve_components,8.0,2.0,8.0,0.5,0.6666666666666666,0.4889,,,,Average Serve Profile,Average Return Profile,Creator Profile,High Ace Upside,Clean DF Profile,Low-Data Separation Profile,Low-Data Resistance Profile,,,STALE_NON_AUTHORITATIVE_NOT_REGENERATED,,,
Darja Semenistaja,All,3,3,Usable / Thin,Raw Match Log Aggregate,0.6666666666666666,0.3333333333333333,7.0,20.666666666666668,0.5,0.2222222222222222,0.63,0.55,0.5,0.5315,reconstructed_from_serve_components,1.0,1.0,7.0,0.2857142857142857,0.2857142857142857,0.44120000000000004,,,,Serve Liability,Weak Return Profile,Balanced BP Profile,Low Ace Profile,Clean DF Profile,Low-Data Separation Profile,Low-Data Resistance Profile,,,STALE_NON_AUTHORITATIVE_NOT_REGENERATED,,,
Darja Semenistaja,Hard,3,3,Usable / Thin,Charting Raw Missing,No Surface W/L,0.3333333333333333,7.0,20.666666666666668,0.5,0.2222222222222222,0.63,0.55,0.5,0.5315,reconstructed_from_serve_components,1.0,1.0,7.0,0.2857142857142857,0.2857142857142857,0.44120000000000004,,,,Serve Liability,Weak Return Profile,Balanced BP Profile,Low Ace Profile,Clean DF Profile,Low-Data Separation Profile,Low-Data Resistance Profile,,,STALE_NON_AUTHORITATIVE_NOT_REGENERATED,,,
Darja Vidmanova,All,51,51,Stable Sample,Raw Match Log Aggregate,0.5686274509803921,0.39215686274509803,11.023255813953488,22.666666666666668,0.6557734204793029,0.3769063180827887,0.6253255813953489,0.6377906976744186,0.45586046511627903,0.5696260935640886902079448350,reconstructed_from_serve_components,3.8292682926829267,2.4358974358974357,7.372549019607843,0.4601063829787234,0.5683646112600537,0.4392182558139535,,,,Average Serve Profile,Average Return Profile,Balanced BP Profile,Playable Ace Volume,Moderate DF Profile,Low-Data Separation Profile,Low-Data Resistance Profile,,,STALE_NON_AUTHORITATIVE_NOT_REGENERATED,,,
Darja Vidmanova,Hard,51,29,Stable Sample,Complete Profile,0.2,0.3793103448275862,11.333333333333334,22.310344827586206,0.6713780918727915,0.4070175438596491,0.6207037037037038,0.6630740740740741,0.44670370370370366,0.543,charting_raw_spw,4.153846153846154,2.44,8.655172413793103,0.46215139442231074,0.5428571428571428,0.407,0.471,0.89,3.4,Average Serve Profile,Average Return Profile,Creator Profile,High Ace Upside,Moderate DF Profile,Break-and-Giveback Risk,Resistance / Set Extension,Volatile Upside Player,Hard-Pressure,STALE_NON_AUTHORITATIVE_NOT_REGENERATED,,,
Darja Vidmanova,Grass,51,8,Stable Sample,Complete Profile,0.6,0.5,12.125,24.25,0.6526315789473685,0.3723404255319149,0.637875,0.608125,0.47462499999999996,0.565,charting_raw_spw,3.625,2.6666666666666665,9.125,0.4794520547945205,0.5714285714285714,0.414,0.495,0.95,5.5,Average Serve Profile,Average Return Profile,Creator Profile,Playable Ace Volume,Clean DF Profile,Backdoor Risk,Resistance / Set Extension,Volatile Upside Player,Grass-Pressure,STALE_NON_AUTHORITATIVE_NOT_REGENERATED,,,
Dayana Yastremska,All,38,38,Stable Sample,Raw Match Log Aggregate,0.47368421052631576,0.3684210526315789,11.236842105263158,23.105263157894736,0.6558139534883721,0.34360189573459715,0.6130526315789474,0.606578947368421,0.4752368421052632,0.5557564653739612070108033241,reconstructed_from_serve_components,3.5357142857142856,4.972972972972973,7.868421052631579,0.4882943143812709,0.5389221556886228,0.43446347368421057,,,,Average Serve Profile,Average Return Profile,Balanced BP Profile,Playable Ace Volume,Elevated DF Risk,Low-Data Separation Profile,Low-Data Resistance Profile,,,STALE_NON_AUTHORITATIVE_NOT_REGENERATED,,,
Dayana Yastremska,Hard,38,15,Stable Sample,Complete Profile,0.38461538461538464,0.3333333333333333,10.0,22.333333333333332,0.588957055214724,0.34838709677419355,0.5951333333333334,0.5794666666666667,0.4406666666666667,0.547,charting_raw_spw,3.727272727272727,5.666666666666667,7.466666666666667,0.49107142857142855,0.4930555555555556,0.412,0.484,0.91,1.6,Serve Liability,Average Return Profile,Balanced BP Profile,Playable Ace Volume,High DF Liability,Backdoor Risk,Resistance / Set Extension,Volatile Upside Player,Hard-Liability,STALE_NON_AUTHORITATIVE_NOT_REGENERATED,,,
Dayana Yastremska,Clay,38,11,Stable Sample,Complete Profile,0.45454545454545453,0.45454545454545453,12.545454545454545,25.363636363636363,0.6617647058823529,0.35036496350364965,0.598090909090909,0.6238181818181818,0.46872727272727277,0.557,charting_raw_spw,2.1666666666666665,4.909090909090909,9.272727272727273,0.47058823529411764,0.5619047619047619,0.446,0.502,1.01,5.8,Average Serve Profile,Average Return Profile,Creator Profile,Low Ace Profile,Elevated DF Risk,Backdoor Risk,Resistance / Set Extension,Return-Led Winner,Clay-Resistance,STALE_NON_AUTHORITATIVE_NOT_REGENERATED,,,
Dayana Yastremska,Grass,38,12,Stable Sample,Complete Profile,0.6923076923076923,0.3333333333333333,11.583333333333334,22.0,0.732824427480916,0.33076923076923076,0.6491666666666667,0.6246666666666667,0.5244166666666666,0.589,charting_raw_spw,4.090909090909091,4.090909090909091,7.083333333333333,0.5058823529411764,0.5882352941176471,0.435,0.515,1.06,7.2,Average Serve Profile,Average Return Profile,Balanced BP Profile,Playable Ace Volume,Elevated DF Risk,Controlled Separator,Resistance / Set Extension,Volatile Upside Player,Grass-Control,STALE_NON_AUTHORITATIVE_NOT_REGENERATED,,,
Diana Shnaider,All,50,50,Stable Sample,Raw Match Log Aggregate,0.6,0.28,11.34,21.36,0.6977611940298507,0.3641509433962264,0.64556,0.64322,0.49340000000000006,0.5901177992000000212664,reconstructed_from_serve_components,2.027027027027027,3.0816326530612246,8.32,0.4567307692307692,0.5304347826086957,0.44424453999999997,,,,Average Serve Profile,Average Return Profile,Creator Profile,Opponent-Dependent Ace Profile,Moderate DF Profile,Low-Data Separation Profile,Low-Data Resistance Profile,,,STALE_NON_AUTHORITATIVE_NOT_REGENERATED,,,
Diana Shnaider,Hard,50,29,Stable Sample,Complete Profile,0.6,0.20689655172413793,11.275862068965518,20.82758620689655,0.7142857142857143,0.3566666666666667,0.6472068965517243,0.6699310344827586,0.47365517241379307,0.597,charting_raw_spw,2.1818181818181817,3.4285714285714284,7.9655172413793105,0.45021645021645024,0.5392670157068062,0.431,0.513,1.07,8.3,Average Serve Profile,Average Return Profile,Balanced BP Profile,Opponent-Dependent Ace Profile,Elevated DF Risk,Controlled Separator,Serve-Hold Resistance,Volatile Upside Player,Hard-Control,STALE_NON_AUTHORITATIVE_NOT_REGENERATED,,,
Diana Shnaider,Clay,50,10,Stable Sample,Complete Profile,0.6666666666666666,0.4,12.2,22.0,0.6574074074074074,0.46788990825688076,0.6722999999999999,0.5606,0.5316000000000001,0.55,charting_raw_spw,1.3333333333333333,2.2,9.8,0.5204081632653061,0.5697674418604651,0.452,0.502,1.01,7.4,Fragile Serve Profile,Elite Return Profile,Creator Profile,Low Ace Profile,Moderate DF Profile,Break-and-Giveback Risk,Resistance / Set Extension,Return-Led Winner,Clay-Pressure,STALE_NON_AUTHORITATIVE_NOT_REGENERATED,,,
Diana Shnaider,Grass,50,11,Stable Sample,Complete Profile,0.25,0.36363636363636365,10.727272727272727,22.181818181818183,0.6916666666666667,0.2892561983471074,0.616909090909091,0.647909090909091,0.5107272727272727,0.544,charting_raw_spw,2.111111111111111,3.0,7.909090909090909,0.40229885057471265,0.45588235294117646,0.427,0.49,0.94,2.5,Average Serve Profile,Low Return Profile,Balanced BP Profile,Opponent-Dependent Ace Profile,Moderate DF Profile,Neutral Separation Profile,Resistance / Set Extension,Return-Led Winner,Grass-Neutral,STALE_NON_AUTHORITATIVE_NOT_REGENERATED,,,
Diane Parry,All,45,45,Stable Sample,Raw Match Log Aggregate,0.6666666666666666,0.3111111111111111,11.25,21.933333333333334,0.7411273486430062,0.3116883116883117,0.5894772727272727,0.7058181818181818,0.47109090909090917,0.6094573016528925773326652893,reconstructed_from_serve_components,4.5,3.55,7.666666666666667,0.43478260869565216,0.5728813559322034,0.41788331818181823,,,,Stable Serve Profile,Low Return Profile,Balanced BP Profile,High Ace Upside,Moderate DF Profile,Low-Data Separation Profile,Low-Data Resistance Profile,,,STALE_NON_AUTHORITATIVE_NOT_REGENERATED,,,
Diane Parry,Hard,45,27,Stable Sample,Complete Profile,0.5833333333333334,0.3333333333333333,11.076923076923077,22.22222222222222,0.7263157894736842,0.3102189781021898,0.5681923076923077,0.7123461538461539,0.44234615384615383,0.611,charting_raw_spw,4.24,3.52,7.481481481481482,0.4504950495049505,0.5480225988700564,0.43,0.522,1.11,6.4,Average Serve Profile,Low Return Profile,Balanced BP Profile,High Ace Upside,Elevated DF Risk,Neutral Separation Profile,Resistance / Set Extension,Volatile Upside Player,Hard-Control,STALE_NON_AUTHORITATIVE_NOT_REGENERATED,,,
Diane Parry,Clay,45,10,Stable Sample,Complete Profile,0.5555555555555556,0.3,10.9,22.2,0.7,0.2962962962962963,0.6276,0.6591,0.48510000000000003,0.532,charting_raw_spw,3.7,3.142857142857143,8.3,0.3855421686746988,0.5657894736842105,0.409,0.468,0.87,3.0,Average Serve Profile,Low Return Profile,Balanced BP Profile,Playable Ace Volume,Moderate DF Profile,Low Separation Profile,Resistance / Set Extension,Volatile Upside Player,Clay-Resistance,STALE_NON_AUTHORITATIVE_NOT_REGENERATED,,,
Diane Parry,Grass,45,8,Stable Sample,Complete Profile,0.6,0.25,12.25,20.625,0.8452380952380952,0.3375,0.611,0.743,0.5469999999999999,0.621,charting_raw_spw,6.571428571428571,4.0,7.5,0.45,0.6904761904761905,0.375,0.504,0.99,6.7,Stable Serve Profile,Low Return Profile,Balanced BP Profile,High Ace Upside,Elevated DF Risk,Neutral Separation Profile,Neutral Resistance Profile,Volatile Upside Player,Grass-Neutral,STALE_NON_AUTHORITATIVE_NOT_REGENERATED,,,
Dominika Salkova,All,30,30,Stable Sample,Raw Match Log Aggregate,0.5666666666666667,0.23333333333333334,10.433333333333334,20.2,0.6241830065359477,0.4053156146179402,0.6361,0.6124333333333333,0.4341,0.54753783333333331213,reconstructed_from_serve_components,2.260869565217391,4.857142857142857,9.1,0.4468864468864469,0.5418326693227091,0.46757123333333334,,,,Fragile Serve Profile,Strong Return Profile,Creator Profile,Opponent-Dependent Ace Profile,Elevated DF Risk,Low-Data Separation Profile,Low-Data Resistance Profile,,,STALE_NON_AUTHORITATIVE_NOT_REGENERATED,,,
Dominika Salkova,Hard,30,17,Stable Sample,Complete Profile,0.6153846153846154,0.11764705882352941,10.529411764705882,19.235294117647058,0.6526946107784432,0.42424242424242425,0.6102941176470589,0.6332941176470588,0.4535882352941176,0.55,charting_raw_spw,2.6666666666666665,4.8125,8.823529411764707,0.4666666666666667,0.5126050420168067,0.475,0.514,1.05,6.2,Average Serve Profile,Elite Return Profile,Creator Profile,Playable Ace Volume,High DF Liability,Break-and-Giveback Risk,Neutral Resistance Profile,Return-Led Winner,Hard-Pressure,STALE_NON_AUTHORITATIVE_NOT_REGENERATED,,,
Dominika Salkova,Clay,30,13,Stable Sample,Complete Profile,0.4,0.38461538461538464,10.307692307692308,21.46153846153846,0.5899280575539568,0.38235294117647056,0.669846153846154,0.5851538461538461,0.40861538461538466,0.524,charting_raw_spw,1.5,4.916666666666667,9.461538461538462,0.42276422764227645,0.5681818181818182,0.475,0.499,1,3.5,Fragile Serve Profile,Strong Return Profile,Creator Profile,Low Ace Profile,Elevated DF Risk,Break-and-Giveback Risk,Resistance / Set Extension,Return-Led Winner,Clay-Neutral,STALE_NON_AUTHORITATIVE_NOT_REGENERATED,,,
Dominika Salkova,Grass,30,0,No Surface Data,No Surface Match Sample,No Surface W/L,,,,,,,,,,missing_service_components,,,,,,,,,,No Surface Data,No Surface Data,No Surface Data,No Surface Data,No Surface Data,No Surface Data,No Surface Data,,,STALE_NON_AUTHORITATIVE_NOT_REGENERATED,,,
Donna Vekic,All,46,46,Stable Sample,Raw Match Log Aggregate,0.5217391304347826,0.3695652173913043,11.391304347826088,22.282608695652176,0.7305389221556886,0.3153692614770459,0.5869130434782609,0.6826739130434782,0.4899565217391305,0.6030648724007561407479206050,reconstructed_from_serve_components,3.5348837209302326,4.090909090909091,7.913043478260869,0.4340659340659341,0.5686900958466453,0.44208845652173917,,,,Stable Serve Profile,Low Return Profile,Balanced BP Profile,Playable Ace Volume,Elevated DF Risk,Low-Data Separation Profile,Low-Data Resistance Profile,,,STALE_NON_AUTHORITATIVE_NOT_REGENERATED,,,
Donna Vekic,Hard,46,20,Stable Sample,Complete Profile,0.3333333333333333,0.5,11.3,23.45,0.7276785714285714,0.27631578947368424,0.58615,0.67375,0.4779,0.521,charting_raw_spw,3.473684210526316,4.9,7.35,0.42857142857142855,0.5579710144927537,0.424,0.474,0.88,1.0,Stable Serve Profile,Weak Return Profile,Balanced BP Profile,Playable Ace Volume,Elevated DF Risk,Low Separation Profile,Resistance / Set Extension,Volatile Upside Player,Hard-Liability,STALE_NON_AUTHORITATIVE_NOT_REGENERATED,,,
Donna Vekic,Clay,46,12,Stable Sample,Complete Profile,0.5714285714285714,0.3333333333333333,12.083333333333334,22.333333333333332,0.7368421052631579,0.3560606060606061,0.589,0.6707500000000001,0.5193333333333334,0.584,charting_raw_spw,2.8181818181818183,4.090909090909091,8.833333333333334,0.44339622641509435,0.5882352941176471,0.389,0.488,0.93,5.6,Stable Serve Profile,Average Return Profile,Creator Profile,Playable Ace Volume,Elevated DF Risk,Neutral Separation Profile,Resistance / Set Extension,Volatile Upside Player,Clay-Neutral,STALE_NON_AUTHORITATIVE_NOT_REGENERATED,,,
Donna Vekic,Grass,46,14,Stable Sample,Complete Profile,0.6363636363636364,0.21428571428571427,10.928571428571429,20.571428571428573,0.7291666666666666,0.3404255319148936,0.5862142857142857,0.7056428571428571,0.482,0.62,charting_raw_spw,4.230769230769231,2.8461538461538463,7.928571428571429,0.43243243243243246,0.5666666666666667,0.431,0.524,1.13,8.1,Stable Serve Profile,Average Return Profile,Balanced BP Profile,Grass Ace Boost,Moderate DF Profile,Controlled Separator,Stable Resistance,Volatile Upside Player,Grass-Control,STALE_NON_AUTHORITATIVE_NOT_REGENERATED,,,
Ekaterina Alexandrova,All,49,49,Stable Sample,Raw Match Log Aggregate,0.5319148936170213,0.3877551020408163,11.872340425531915,22.95744680851064,0.7198515769944341,0.3308270676691729,0.5844375,0.6898541666666667,0.4632916666666667,0.59570328776041670000000,reconstructed_from_serve_components,5.0,4.520833333333333,8.375,0.43781094527363185,0.5940860215053764,0.43526725000000005,,,,Average Serve Profile,Average Return Profile,Creator Profile,High Ace Upside,Elevated DF Risk,Low-Data Separation Profile,Low-Data Resistance Profile,,,STALE_NON_AUTHORITATIVE_NOT_REGENERATED,,,
Ekaterina Alexandrova,Hard,49,23,Stable Sample,Complete Profile,0.525,0.5217391304347826,12.409090909090908,24.181818181818183,0.7224334600760456,0.3143939393939394,0.5772272727272728,0.6765454545454546,0.4775454545454545,0.59,charting_raw_spw,4.857142857142857,4.636363636363637,7.863636363636363,0.4797687861271676,0.6456310679611651,0.431,0.511,1.05,7.3,Stable Serve Profile,Low Return Profile,Balanced BP Profile,High Ace Upside,Elevated DF Risk,Neutral Separation Profile,Resistance / Set Extension,Volatile Upside Player,Hard-Control,STALE_NON_AUTHORITATIVE_NOT_REGENERATED,,,
Ekaterina Alexandrova,Clay,49,9,Stable Sample,Complete Profile,0.16666666666666666,0.3333333333333333,9.666666666666666,21.0,0.6021505376344086,0.3333333333333333,0.5444444444444444,0.6773333333333333,0.4462222222222223,0.538,charting_raw_spw,3.6666666666666665,4.888888888888889,9.777777777777779,0.3522727272727273,0.4032258064516129,0.391,0.466,0.85,1.0,Serve Liability,Average Return Profile,Balanced BP Profile,High Ace Upside,High DF Liability,Low Separation Profile,Collapse Risk,Volatile Upside Player,Clay-Liability,STALE_NON_AUTHORITATIVE_NOT_REGENERATED,,,
Ekaterina Alexandrova,Grass,49,17,Stable Sample,Complete Profile,0.5555555555555556,0.23529411764705882,12.375,22.375,0.7759562841530054,0.35428571428571426,0.6149411764705883,0.7137058823529412,0.4538823529411765,0.596,charting_raw_spw,5.9375,4.176470588235294,8.294117647058824,0.4397163120567376,0.6057692307692307,0.416,0.507,1.03,7.1,Average Serve Profile,Average Return Profile,Creator Profile,Grass Ace Boost,Elevated DF Risk,Controlled Separator,Serve-Hold Resistance,Volatile Upside Player,Grass-Control,STALE_NON_AUTHORITATIVE_NOT_REGENERATED,,,
Ekaterine Gorgodze,All,1,1,Low Surface Data,Raw Match Log Aggregate,1.0,0.0,,23.0,,,,,,,missing_service_components,,,,,,,,,,Low-Data Serve Profile,Low-Data Return Profile,Low-Data BP Profile,Low-Data Ace Profile,Low-Data DF Profile,Low-Data Separation Profile,Low-Data Resistance Profile,,,STALE_NON_AUTHORITATIVE_NOT_REGENERATED,,,
Ekaterine Gorgodze,Hard,1,1,Low Surface Data,Core Profile Stats Missing,0.5833333333333334,0.0,,23.0,,,,,,0.572,charting_raw_spw,,,,,,0.424,0.499,0.99,,Low-Data Serve Profile,Low-Data Return Profile,Low-Data BP Profile,Low-Data Ace Profile,Low-Data DF Profile,Low-Data Separation Profile,Low-Data Resistance Profile,,,STALE_NON_AUTHORITATIVE_NOT_REGENERATED,,,
Ekaterine Gorgodze,Clay,1,0,No Surface Data,No Surface Match Sample,0.5365853658536586,,,,,,,,,0.516,charting_raw_spw,,,,,,0.473,0.494,0.98,,No Surface Data,No Surface Data,No Surface Data,No Surface Data,No Surface Data,No Surface Data,No Surface Data,,,STALE_NON_AUTHORITATIVE_NOT_REGENERATED,,,
Ekaterine Gorgodze,Grass,1,0,No Surface Data,No Surface Match Sample,No Surface W/L,,,,,,,,,,missing_service_components,,,,,,,,,,No Surface Data,No Surface Data,No Surface Data,No Surface Data,No Surface Data,No Surface Data,No Surface Data,,,STALE_NON_AUTHORITATIVE_NOT_REGENERATED,,,
Elena Gabriela Ruse,All,37,37,Stable Sample,Raw Match Log Aggregate,0.5405405405405406,0.32432432432432434,10.72972972972973,21.64864864864865,0.6580976863753213,0.35516372795969775,0.5598918918918919,0.6514864864864864,0.45548648648648643,0.5652252972972972256032432432,reconstructed_from_serve_components,4.121212121212121,4.621621621621622,8.783783783783784,0.4338461538461538,0.5074074074074074,0.42870894594594594,,,,Average Serve Profile,Average Return Profile,Creator Profile,Playable Ace Volume,Elevated DF Risk,Low-Data Separation Profile,Low-Data Resistance Profile,,,STALE_NON_AUTHORITATIVE_NOT_REGENERATED,,,
Elena Gabriela Ruse,Hard,37,18,Stable Sample,Complete Profile,0.23529411764705882,0.2777777777777778,9.555555555555555,20.666666666666668,0.6166666666666667,0.3333333333333333,0.5511666666666667,0.6442777777777777,0.41761111111111116,0.538,charting_raw_spw,3.2666666666666666,4.5,8.666666666666666,0.391025641025641,0.49635036496350365,0.408,0.47,0.88,1.0,Serve Liability,Average Return Profile,Balanced BP Profile,Playable Ace Volume,High DF Liability,Backdoor Risk,Volatile Resistance,Volatile Upside Player,Hard-Liability,STALE_NON_AUTHORITATIVE_NOT_REGENERATED,,,
Elena Gabriela Ruse,Clay,37,10,Stable Sample,Complete Profile,0.5,0.5,11.7,23.4,0.6194690265486725,0.4017094017094017,0.5623,0.5982000000000001,0.48950000000000005,0.542,charting_raw_spw,3.888888888888889,4.4,9.7,0.4845360824742268,0.4880952380952381,0.459,0.499,1,4.1,Fragile Serve Profile,Strong Return Profile,Creator Profile,Playable Ace Volume,Elevated DF Risk,Break-and-Giveback Risk,Resistance / Set Extension,Volatile Upside Player,Clay-Neutral,STALE_NON_AUTHORITATIVE_NOT_REGENERATED,,,
Elena Gabriela Ruse,Grass,37,9,Stable Sample,Complete Profile,0.6666666666666666,0.2222222222222222,12.0,21.666666666666668,0.78125,0.3402061855670103,0.5746666666666667,0.7251111111111112,0.4934444444444444,0.605,charting_raw_spw,5.777777777777778,5.111111111111111,8.0,0.4583333333333333,0.5714285714285714,0.438,0.52,1.11,8.2,Stable Serve Profile,Average Return Profile,Creator Profile,High Ace Upside,High DF Liability,Controlled Separator,Serve-Hold Resistance,Volatile Upside Player,Grass-Control,STALE_NON_AUTHORITATIVE_NOT_REGENERATED,,,
Elena Micic,All,7,7,Stable Sample,Raw Match Log Aggregate,0.5714285714285714,0.14285714285714285,10.428571428571429,20.428571428571427,0.5492957746478874,0.4657534246575342,0.6285714285714286,0.5942857142857143,0.4242857142857143,0.5311428571428571620000000000,reconstructed_from_serve_components,1.7142857142857142,3.142857142857143,10.714285714285714,0.4533333333333333,0.5076923076923077,0.4848571428571429,,,,Serve Liability,Elite Return Profile,Creator Profile,Low Ace Profile,Elevated DF Risk,Low-Data Separation Profile,Low-Data Resistance Profile,,,STALE_NON_AUTHORITATIVE_NOT_REGENERATED,,,
Elena Micic,Hard,7,7,Stable Sample,Complete Profile,0.546875,0.14285714285714285,10.428571428571429,20.428571428571427,0.5492957746478874,0.4657534246575342,0.6285714285714286,0.5942857142857143,0.4242857142857143,0.559,charting_raw_spw,1.7142857142857142,3.142857142857143,10.714285714285714,0.4533333333333333,0.5076923076923077,0.452,0.505,1.02,5.0,Serve Liability,Elite Return Profile,Creator Profile,Low Ace Profile,Elevated DF Risk,Break-and-Giveback Risk,Neutral Resistance Profile,Return-Led Winner,Hard-Pressure,STALE_NON_AUTHORITATIVE_NOT_REGENERATED,,,
Elena Micic,Clay,7,0,No Surface Data,No Surface Match Sample,No Surface W/L,,,,,,,,,,missing_service_components,,,,,,,,,,No Surface Data,No Surface Data,No Surface Data,No Surface Data,No Surface Data,No Surface Data,No Surface Data,,,STALE_NON_AUTHORITATIVE_NOT_REGENERATED,,,
Elena Micic,Grass,7,0,No Surface Data,No Surface Match Sample,No Surface W/L,,,,,,,,,,missing_service_components,,,,,,,,,,No Surface Data,No Surface Data,No Surface Data,No Surface Data,No Surface Data,No Surface Data,No Surface Data,,,STALE_NON_AUTHORITATIVE_NOT_REGENERATED,,,
Elena Pridankina,All,0,0,No Surface Data,Raw Match Missing,,,,,,,,,,,missing_service_components,,,,,,,,,,No Surface Data,No Surface Data,No Surface Data,No Surface Data,No Surface Data,No Surface Data,No Surface Data,,,STALE_NON_AUTHORITATIVE_NOT_REGENERATED,,,
Elena Pridankina,Clay,0,0,No Surface Data,Raw Match Missing,0.25,,,,,,,,,0.497,charting_raw_spw,,,,,,0.414,0.457,0.82,,No Surface Data,No Surface Data,No Surface Data,No Surface Data,No Surface Data,No Surface Data,No Surface Data,,,STALE_NON_AUTHORITATIVE_NOT_REGENERATED,,,
Elena Rybakina,All,52,52,Stable Sample,Raw Match Log Aggregate,0.803921568627451,0.38461538461538464,12.901960784313726,22.901960784313726,0.8183391003460208,0.3263157894736842,0.5834999999999999,0.7477115384615385,0.5057307692307692,0.6469265480769230623519230769,reconstructed_from_serve_components,6.403846153846154,3.3541666666666665,8.403846153846153,0.4279176201372998,0.6494845360824743,0.43622400000000006,,,,Stable Serve Profile,Low Return Profile,Creator Profile,High Ace Upside,Moderate DF Profile,Low-Data Separation Profile,Low-Data Resistance Profile,,,STALE_NON_AUTHORITATIVE_NOT_REGENERATED,,,
Elena Rybakina,Hard,52,30,Stable Sample,Complete Profile,0.8333333333333334,0.36666666666666664,12.482758620689655,22.379310344827587,0.8173374613003096,0.31329113924050633,0.5897666666666667,0.7519,0.49723333333333336,0.647,charting_raw_spw,6.8,3.206896551724138,7.933333333333334,0.42436974789915966,0.656441717791411,0.426,0.535,1.21,9.1,Stable Serve Profile,Low Return Profile,Balanced BP Profile,High Ace Upside,Moderate DF Profile,Controlled Separator,Resistance / Set Extension,Volatile Upside Player,Hard-Control,STALE_NON_AUTHORITATIVE_NOT_REGENERATED,,,
Elena Rybakina,Clay,52,13,Stable Sample,Complete Profile,0.7692307692307693,0.38461538461538464,13.384615384615385,23.0,0.7972972972972973,0.38095238095238093,0.584076923076923,0.7315384615384616,0.5303076923076923,0.638,charting_raw_spw,5.153846153846154,3.4,9.076923076923077,0.4661016949152542,0.5833333333333334,0.447,0.539,1.23,10.0,Stable Serve Profile,Strong Return Profile,Creator Profile,High Ace Upside,Moderate DF Profile,Controlled Separator,Resistance / Set Extension,Volatile Upside Player,Clay-Control,STALE_NON_AUTHORITATIVE_NOT_REGENERATED,,,
Elena Rybakina,Grass,52,9,Stable Sample,Complete Profile,0.5,0.4444444444444444,13.555555555555555,24.444444444444443,0.8504672897196262,0.2897196261682243,0.5617777777777778,0.7571111111111111,0.49855555555555553,0.644,charting_raw_spw,6.888888888888889,3.7777777777777777,9.0,0.38271604938271603,0.7142857142857143,0.393,0.511,1.1,7.3,Stable Serve Profile,Low Return Profile,Balanced BP Profile,Grass Ace Boost,Elevated DF Risk,Serve-Led Separator,Resistance / Set Extension,Volatile Upside Player,Grass-Control,STALE_NON_AUTHORITATIVE_NOT_REGENERATED,,,
Elena-Gabriela Ruse,All,5,5,Usable / Thin,Raw Match Log Aggregate,0.8,0.4,12.75,21.6,0.8095238095238095,0.4358974358974359,0.55,0.7225,0.505,0.624625,reconstructed_from_serve_components,2.25,6.5,7.5,0.5666666666666667,0.5454545454545454,0.472725,,,,Average Serve Profile,Elite Return Profile,Balanced BP Profile,Opponent-Dependent Ace Profile,High DF Liability,Low-Data Separation Profile,Low-Data Resistance Profile,,,STALE_NON_AUTHORITATIVE_NOT_REGENERATED,,,
Elina Avanesyan,All,21,21,Stable Sample,Raw Match Log Aggregate,0.6111111111111112,0.42857142857142855,9.666666666666666,23.5,0.5114942528735632,0.4378698224852071,0.6614285714285714,0.5435,0.33799999999999997,0.4739235714285714125428571429,reconstructed_from_serve_components,1.15,6910.65,9.95,0.45226130653266333,0.5270935960591133,26.298035,,,,Serve Liability,Elite Return Profile,Creator Profile,Low Ace Profile,High DF Liability,Low-Data Separation Profile,Low-Data Resistance Profile,,,STALE_NON_AUTHORITATIVE_NOT_REGENERATED,,,
Elina Avanesyan,Clay,21,20,Stable Sample,Complete Profile,0.6666666666666666,0.4,9.428571428571429,23.294117647058822,0.5217391304347826,0.4258064516129032,0.667,0.5442105263157895,0.3357894736842105,0.533,charting_raw_spw,1.2105263157894737,7273.684210526316,9.526315789473685,0.4530386740331492,0.5319148936170213,0.572,0.553,1.23,6.7,Serve Liability,Elite Return Profile,Creator Profile,Low Ace Profile,High DF Liability,Break-and-Giveback Risk,Resistance / Set Extension,Return-Led Winner,Clay-Pressure,STALE_NON_AUTHORITATIVE_NOT_REGENERATED,,,
Elina Svitolina,All,36,36,Stable Sample,Raw Match Log Aggregate,0.7777777777777778,0.4444444444444444,12.666666666666666,22.666666666666668,0.71571072319202,0.42355889724310775,0.5866944444444444,0.6874166666666666,0.4717777777777778,0.5982919158950616888827160493,reconstructed_from_serve_components,3.0,4.085714285714285,9.5,0.49415204678362573,0.6310679611650486,0.47675930555555557,,,,Average Serve Profile,Elite Return Profile,Creator Profile,Playable Ace Volume,Elevated DF Risk,Low-Data Separation Profile,Low-Data Resistance Profile,,,STALE_NON_AUTHORITATIVE_NOT_REGENERATED,,,
Elina Svitolina,Hard,36,21,Stable Sample,Complete Profile,0.7272727272727273,0.42857142857142855,12.380952380952381,22.761904761904763,0.703862660944206,0.41201716738197425,0.5702857142857143,0.6962857142857143,0.46266666666666667,0.598,charting_raw_spw,3.1904761904761907,4.9,9.095238095238095,0.5026178010471204,0.6011560693641619,0.449,0.525,1.12,9.0,Average Serve Profile,Strong Return Profile,Creator Profile,Playable Ace Volume,Elevated DF Risk,Controlled Separator,Resistance / Set Extension,Volatile Upside Player,Hard-Control,STALE_NON_AUTHORITATIVE_NOT_REGENERATED,,,
Elina Svitolina,Clay,36,10,Stable Sample,Complete Profile,0.8,0.6,13.6,23.0,0.7192982456140351,0.47368421052631576,0.6281,0.6534,0.4793,0.599,charting_raw_spw,2.625,2.6,10.6,0.5094339622641509,0.7064220183486238,0.455,0.528,1.14,10.0,Average Serve Profile,Elite Return Profile,Strong Creator / Strong Survivor,Opponent-Dependent Ace Profile,Moderate DF Profile,Controlled Separator,Resistance / Set Extension,Balanced Winner,Clay-Control,STALE_NON_AUTHORITATIVE_NOT_REGENERATED,,,
Elina Svitolina,Grass,36,5,Usable / Thin,Complete Profile,0.6,0.2,12.0,21.6,0.7592592592592593,0.36538461538461536,0.5728,0.7182000000000001,0.495,0.605,charting_raw_spw,2.8,3.8,9.0,0.4222222222222222,0.5185185185185185,0.461,0.534,1.17,7.5,Average Serve Profile,Average Return Profile,Creator Profile,Playable Ace Volume,Elevated DF Risk,Controlled Separator,Serve-Hold Resistance,Volatile Upside Player,Grass-Control,STALE_NON_AUTHORITATIVE_NOT_REGENERATED,,,
Elisabetta Cocciaretto,All,36,36,Stable Sample,Raw Match Log Aggregate,0.6571428571428571,0.4722222222222222,12.571428571428571,23.34285714285714,0.7170731707317073,0.3605769230769231,0.6337777777777778,0.6568055555555555,0.4849444444444444,0.5938661975308641498635802469,reconstructed_from_serve_components,2.2333333333333334,3.5,9.083333333333334,0.45871559633027525,0.5812274368231047,0.4374817777777778,,,,Average Serve Profile,Average Return Profile,Creator Profile,Opponent-Dependent Ace Profile,Elevated DF Risk,Low-Data Separation Profile,Low-Data Resistance Profile,,,STALE_NON_AUTHORITATIVE_NOT_REGENERATED,,,
Elisabetta Cocciaretto,Hard,36,17,Stable Sample,Complete Profile,0.6071428571428571,0.5882352941176471,13.1875,25.1875,0.6859903381642513,0.3492822966507177,0.6211176470588236,0.642,0.46588235294117647,0.587,charting_raw_spw,1.9333333333333333,3.823529411764706,9.705882352941176,0.44242424242424244,0.5112781954887218,0.446,0.517,1.08,6.4,Average Serve Profile,Average Return Profile,Creator Profile,Opponent-Dependent Ace Profile,Elevated DF Risk,Neutral Separation Profile,Resistance / Set Extension,Return-Led Winner,Hard-Neutral,STALE_NON_AUTHORITATIVE_NOT_REGENERATED,,,
Elisabetta Cocciaretto,Clay,36,13,Stable Sample,Complete Profile,0.45454545454545453,0.3076923076923077,11.307692307692308,20.76923076923077,0.7196969696969697,0.38235294117647056,0.6434615384615384,0.6615384615384616,0.4692307692307692,0.575,charting_raw_spw,1.9,3.230769230769231,8.307692307692308,0.48148148148148145,0.6476190476190476,0.436,0.506,1.03,6.5,Average Serve Profile,Strong Return Profile,Creator Profile,Opponent-Dependent Ace Profile,Elevated DF Risk,Neutral Separation Profile,Neutral Resistance Profile,Volatile Upside Player,Clay-Neutral,STALE_NON_AUTHORITATIVE_NOT_REGENERATED,,,
Elisabetta Cocciaretto,Grass,36,6,Stable Sample,Complete Profile,0.625,0.5,13.666666666666666,24.0,0.8028169014084507,0.352112676056338,0.6486666666666666,0.6885000000000001,0.5730000000000001,0.632,charting_raw_spw,3.8,3.1666666666666665,9.0,0.46296296296296297,0.6410256410256411,0.441,0.533,1.2,10.0,Stable Serve Profile,Average Return Profile,Creator Profile,Grass Ace Boost,Moderate DF Profile,Controlled Separator,Resistance / Set Extension,Volatile Upside Player,Grass-Control,STALE_NON_AUTHORITATIVE_NOT_REGENERATED,,,
Elise Mertens,All,48,48,Stable Sample,Raw Match Log Aggregate,0.625,0.3125,11.083333333333334,20.583333333333332,0.7067209775967414,0.37678207739307534,0.5860208333333333,0.7028541666666667,0.4662708333333333,0.6049135954861111089597222222,reconstructed_from_serve_components,4.1875,4.48936170212766,8.479166666666666,0.45454545454545453,0.5797101449275363,0.4446564791666667,,,,Average Serve Profile,Average Return Profile,Creator Profile,High Ace Upside,Elevated DF Risk,Low-Data Separation Profile,Low-Data Resistance Profile,,,STALE_NON_AUTHORITATIVE_NOT_REGENERATED,,,
Elise Mertens,Hard,48,21,Stable Sample,Complete Profile,0.5757575757575758,0.38095238095238093,10.904761904761905,20.61904761904762,0.6728110599078341,0.37727272727272726,0.5748571428571428,0.7041904761904761,0.4605238095238095,0.599,charting_raw_spw,4.095238095238095,4.619047619047619,9.333333333333334,0.42346938775510207,0.5167785234899329,0.445,0.519,1.11,6.5,Average Serve Profile,Average Return Profile,Creator Profile,High Ace Upside,Elevated DF Risk,Neutral Separation Profile,Neutral Resistance Profile,Volatile Upside Player,Hard-Control,STALE_NON_AUTHORITATIVE_NOT_REGENERATED,,,
Elise Mertens,Clay,48,9,Stable Sample,Complete Profile,0.5555555555555556,0.3333333333333333,11.222222222222221,21.22222222222222,0.6842105263157895,0.3829787234042553,0.6325555555555555,0.674,0.4501111111111111,0.604,charting_raw_spw,3.888888888888889,3.6666666666666665,8.333333333333334,0.48,0.53125,0.439,0.522,1.11,6.4,Average Serve Profile,Strong Return Profile,Creator Profile,High Ace Upside,Elevated DF Risk,Neutral Separation Profile,Neutral Resistance Profile,Volatile Upside Player,Clay-Control,STALE_NON_AUTHORITATIVE_NOT_REGENERATED,,,
Elise Mertens,Grass,48,18,Stable Sample,Complete Profile,0.6363636363636364,0.2222222222222222,11.222222222222221,20.22222222222222,0.7597765363128491,0.3728813559322034,0.5757777777777778,0.7157222222222223,0.48105555555555557,0.594,charting_raw_spw,4.444444444444445,4.764705882352941,7.555555555555555,0.4852941176470588,0.6742424242424242,0.418,0.51,1.03,8.2,Stable Serve Profile,Average Return Profile,Balanced BP Profile,High Ace Upside,High DF Liability,Controlled Separator,Stable Resistance,Volatile Upside Player,Grass-Control,STALE_NON_AUTHORITATIVE_NOT_REGENERATED,,,
Elizabeth Mandlik,All,2,2,Low Surface Data,Raw Match Log Aggregate,0.5,0.5,9.0,21.0,0.75,0.15789473684210525,0.595,0.705,0.485,0.615900,reconstructed_from_serve_components,4.0,4.5,6.5,0.23076923076923078,0.5,0.3463,,,,Average Serve Profile,Weak Return Profile,Balanced BP Profile,High Ace Upside,High DF Liability,Low-Data Separation Profile,Low-Data Resistance Profile,,,STALE_NON_AUTHORITATIVE_NOT_REGENERATED,,,
Ella Seidel,All,32,32,Stable Sample,Raw Match Log Aggregate,0.375,0.375,9.571428571428571,21.28125,0.6388888888888888,0.27631578947368424,0.5647272727272727,0.6183636363636364,0.4178181818181818,0.5310716694214876104578512396,reconstructed_from_serve_components,2.75,5.5,5.03125,0.391304347826087,0.5274725274725275,0.4000228181818182,,,,Fragile Serve Profile,Weak Return Profile,Balanced BP Profile,Playable Ace Volume,High DF Liability,Low-Data Separation Profile,Low-Data Resistance Profile,,,STALE_NON_AUTHORITATIVE_NOT_REGENERATED,,,
Ella Seidel,Hard,32,17,Stable Sample,Complete Profile,0.4,0.35294117647058826,10.666666666666666,21.176470588235293,0.7063492063492064,0.291044776119403,0.5581538461538461,0.6143076923076923,0.42723076923076925,0.551,charting_raw_spw,3.3333333333333335,6.076923076923077,6.0,0.38235294117647056,0.5794392523364486,0.406,0.48,0.9,3.2,Fragile Serve Profile,Low Return Profile,Balanced BP Profile,Playable Ace Volume,High DF Liability,Neutral Separation Profile,Resistance / Set Extension,Volatile Upside Player,Hard-Liability,STALE_NON_AUTHORITATIVE_NOT_REGENERATED,,,
Ella Seidel,Grass,32,5,Usable / Thin,Complete Profile,0.0,0.2,6.8,18.2,0.5454545454545454,0.21739130434782608,0.56,0.6302,0.41619999999999996,0.547,charting_raw_spw,2.2,3.8,5.4,0.37037037037037035,0.3333333333333333,0.298,0.441,0.66,1.0,Serve Liability,Weak Return Profile,Balanced BP Profile,Grass Ace Boost,Pressure DF Risk,Low Separation Profile,Collapse Risk,Volatile Upside Player,Grass-Liability,STALE_NON_AUTHORITATIVE_NOT_REGENERATED,,,
Elsa Jacquemot,All,44,44,Stable Sample,Raw Match Log Aggregate,0.45454545454545453,0.3409090909090909,10.307692307692308,21.795454545454547,0.6148325358851675,0.3411764705882353,0.6083333333333334,0.638948717948718,0.4159487179487179,0.5516070512820513090333333334,reconstructed_from_serve_components,4.0,5.358974358974359,7.363636363636363,0.44753086419753085,0.5121212121212121,0.436691,,,,Fragile Serve Profile,Average Return Profile,Balanced BP Profile,Playable Ace Volume,High DF Liability,Low-Data Separation Profile,Low-Data Resistance Profile,,,STALE_NON_AUTHORITATIVE_NOT_REGENERATED,,,
Elsa Jacquemot,Hard,44,19,Stable Sample,Complete Profile,0.42105263157894735,0.3157894736842105,9.642857142857142,21.36842105263158,0.6013513513513513,0.3087248322147651,0.6001428571428572,0.6407857142857144,0.42185714285714293,0.548,charting_raw_spw,3.230769230769231,6.142857142857143,5.2105263157894735,0.46464646464646464,0.48695652173913045,0.409,0.48,0.91,1.3,Serve Liability,Low Return Profile,Balanced BP Profile,Playable Ace Volume,High DF Liability,Backdoor Risk,Resistance / Set Extension,Volatile Upside Player,Hard-Liability,STALE_NON_AUTHORITATIVE_NOT_REGENERATED,,,
Elsa Jacquemot,Clay,44,16,Stable Sample,Complete Profile,0.375,0.25,9.75,21.5625,0.5748502994011976,0.3488372093023256,0.620125,0.6035625,0.38625,0.506,charting_raw_spw,4.0,5.0625,8.3125,0.45112781954887216,0.4928571428571429,0.444,0.473,0.9,1.0,Serve Liability,Average Return Profile,Creator Profile,Playable Ace Volume,High DF Liability,Backdoor Risk,Volatile Resistance,Volatile Upside Player,Clay-Liability,STALE_NON_AUTHORITATIVE_NOT_REGENERATED,,,
Elsa Jacquemot,Grass,44,9,Stable Sample,Complete Profile,0.0,0.5555555555555556,12.333333333333334,23.11111111111111,0.6990291262135923,0.375,0.6001111111111112,0.6990000000000001,0.45955555555555555,0.508,charting_raw_spw,5.111111111111111,4.666666666666667,10.222222222222221,0.42391304347826086,0.5866666666666667,0.338,0.417,0.69,2.3,Average Serve Profile,Weak Return Profile,Creator Profile,Grass Ace Boost,Elevated DF Risk,Low Separation Profile,Resistance / Set Extension,Volatile Upside Player,Grass-Pressure,STALE_NON_AUTHORITATIVE_NOT_REGENERATED,,,
Elvina Kalieva,All,26,26,Stable Sample,Raw Match Log Aggregate,0.5769230769230769,0.5,11.26086956521739,24.192307692307693,0.6640625,0.33840304182509506,0.5650434782608695,0.6569565217391304,0.47008695652173915,0.5756763856332702980302457467,reconstructed_from_serve_components,4.045454545454546,3.6956521739130435,8.652173913043478,0.4472361809045226,0.5784313725490197,0.4457891739130435,,,,Average Serve Profile,Average Return Profile,Creator Profile,Playable Ace Volume,Elevated DF Risk,Low-Data Separation Profile,Low-Data Resistance Profile,,,STALE_NON_AUTHORITATIVE_NOT_REGENERATED,,,
Elvina Kalieva,Hard,26,22,Stable Sample,Complete Profile,0.5714285714285714,0.5,10.842105263157896,23.954545454545453,0.6650485436893204,0.32547169811320753,0.5777894736842105,0.6554736842105264,0.46842105263157896,0.556,charting_raw_spw,4.111111111111111,3.263157894736842,7.7894736842105265,0.46621621621621623,0.5941176470588235,0.453,0.503,1.02,5.4,Average Serve Profile,Low Return Profile,Balanced BP Profile,High Ace Upside,Elevated DF Risk,Backdoor Risk,Resistance / Set Extension,Volatile Upside Player,Hard-Resistance,STALE_NON_AUTHORITATIVE_NOT_REGENERATED,,,
Elvina Kalieva,Clay,26,4,Usable / Thin,Low Surface Sample,0.0,0.5,13.25,25.5,0.66,0.39215686274509803,0.5045000000000001,0.664,0.478,0.571,charting_raw_spw,3.75,5.75,12.75,0.39215686274509803,0.5,0.338,0.448,0.79,2.7,Average Serve Profile,Weak Return Profile,Balanced BP Profile,Playable Ace Volume,High DF Liability,Break-and-Giveback Risk,Resistance / Set Extension,Volatile Upside Player,Clay-Liability,STALE_NON_AUTHORITATIVE_NOT_REGENERATED,,,
Elvina Kalieva,Grass,26,0,No Surface Data,No Surface Match Sample,No Surface W/L,,,,,,,,,,missing_service_components,,,,,,,,,,No Surface Data,No Surface Data,No Surface Data,No Surface Data,No Surface Data,No Surface Data,No Surface Data,,,STALE_NON_AUTHORITATIVE_NOT_REGENERATED,,,
Emerson Jones,All,4,4,Usable / Thin,Raw Match Log Aggregate,0.5,0.75,14.25,26.5,0.7755102040816326,0.37254901960784315,0.6525,0.6725,0.5475,0.62906250,reconstructed_from_serve_components,2.75,2.0,8.25,0.5757575757575758,0.6071428571428571,0.47167499999999996,,,,Stable Serve Profile,Average Return Profile,Creator Profile,Playable Ace Volume,Clean DF Profile,Low-Data Separation Profile,Low-Data Resistance Profile,,,STALE_NON_AUTHORITATIVE_NOT_REGENERATED,,,
Emiliana Arango,All,44,44,Stable Sample,Raw Match Log Aggregate,0.38636363636363635,0.3409090909090909,10.2,21.272727272727273,0.607565011820331,0.3463302752293578,0.67695,0.5886,0.457025,0.54609469625,reconstructed_from_serve_components,1.9130434782608696,3.324324324324324,8.431818181818182,0.40700808625336926,0.5376044568245125,0.441000075,,,,Fragile Serve Profile,Average Return Profile,Creator Profile,Low Ace Profile,Moderate DF Profile,Low-Data Separation Profile,Low-Data Resistance Profile,,,STALE_NON_AUTHORITATIVE_NOT_REGENERATED,,,
Emiliana Arango,Hard,44,24,Stable Sample,Complete Profile,0.30434782608695654,0.3333333333333333,9.5,20.625,0.6,0.3004694835680751,0.6483,0.5627,0.46735,0.52,charting_raw_spw,1.9090909090909092,3.888888888888889,6.708333333333333,0.39751552795031053,0.5531914893617021,0.444,0.481,0.92,2.2,Fragile Serve Profile,Low Return Profile,Balanced BP Profile,Low Ace Profile,Elevated DF Risk,Backdoor Risk,Resistance / Set Extension,Return-Led Winner,Hard-Liability,STALE_NON_AUTHORITATIVE_NOT_REGENERATED,,,
Emiliana Arango,Clay,44,15,Stable Sample,Complete Profile,0.5555555555555556,0.4,10.8,22.0,0.610062893081761,0.38922155688622756,0.7186,0.6012666666666666,0.46,0.583,charting_raw_spw,1.8,2.357142857142857,10.8,0.4012345679012346,0.5267175572519084,0.468,0.521,1.12,6.9,Fragile Serve Profile,Strong Return Profile,Creator Profile,Low Ace Profile,Moderate DF Profile,Break-and-Giveback Risk,Resistance / Set Extension,Return-Led Winner,Clay-Neutral,STALE_NON_AUTHORITATIVE_NOT_REGENERATED,,,
Emiliana Arango,Grass,44,5,Usable / Thin,Complete Profile,0.5,0.2,11.2,22.2,0.6296296296296297,0.39285714285714285,0.6666,0.6542,0.4068,0.531,charting_raw_spw,2.5,4.0,9.6,0.4583333333333333,0.5,0.48,0.504,1.02,4.7,Fragile Serve Profile,Strong Return Profile,Creator Profile,Low Ace Profile,Pressure DF Risk,Break-and-Giveback Risk,Volatile Resistance,Return-Led Winner,Grass-Pressure,STALE_NON_AUTHORITATIVE_NOT_REGENERATED,,,
Emma Navarro,All,50,50,Stable Sample,Raw Match Log Aggregate,0.5510204081632653,0.44,11.893617021276595,22.73469387755102,0.7093235831809872,0.3445692883895131,0.5924897959183673,0.6673061224489797,0.4834285714285715,0.5923741441066223252955435235,reconstructed_from_serve_components,4.525,3.6875,8.52,0.43427230046948356,0.5888324873096447,0.43951263265306123,,,,Average Serve Profile,Average Return Profile,Creator Profile,Playable Ace Volume,Elevated DF Risk,Low-Data Separation Profile,Low-Data Resistance Profile,,,STALE_NON_AUTHORITATIVE_NOT_REGENERATED,,,
Emma Navarro,Hard,50,23,Stable Sample,Complete Profile,0.5172413793103449,0.4782608695652174,11.55,22.954545454545453,0.71900826446281,0.29535864978902954,0.5715,0.6701818181818182,0.48045454545454547,0.576,charting_raw_spw,5.05,4.818181818181818,7.391304347826087,0.4176470588235294,0.5696969696969697,0.425,0.502,1,5.1,Average Serve Profile,Low Return Profile,Balanced BP Profile,High Ace Upside,Elevated DF Risk,Neutral Separation Profile,Resistance / Set Extension,Volatile Upside Player,Hard-Resistance,STALE_NON_AUTHORITATIVE_NOT_REGENERATED,,,
Emma Navarro,Clay,50,8,Stable Sample,Complete Profile,0.75,0.375,11.5,20.875,0.6309523809523809,0.47560975609756095,0.542125,0.64275,0.46675,0.562,charting_raw_spw,3.1666666666666665,4.285714285714286,11.25,0.43333333333333335,0.6125,0.506,0.534,1.16,8.0,Fragile Serve Profile,Elite Return Profile,Creator Profile,Playable Ace Volume,Elevated DF Risk,Break-and-Giveback Risk,Stable Resistance,Return-Led Winner,Clay-Control,STALE_NON_AUTHORITATIVE_NOT_REGENERATED,,,
Emma Navarro,Grass,50,19,Stable Sample,Complete Profile,0.6666666666666666,0.42105263157894735,12.421052631578947,23.263157894736842,0.7285067873303167,0.3488372093023256,0.638,0.6743157894736842,0.4938947368421052,0.612,charting_raw_spw,4.357142857142857,2.1578947368421053,8.736842105263158,0.45180722891566266,0.5973154362416108,0.403,0.507,1.04,6.5,Stable Serve Profile,Average Return Profile,Creator Profile,Playable Ace Volume,Moderate DF Profile,Neutral Separation Profile,Resistance / Set Extension,Volatile Upside Player,Grass-Resistance,STALE_NON_AUTHORITATIVE_NOT_REGENERATED,,,
Emma Raducanu,All,25,25,Stable Sample,Raw Match Log Aggregate,0.56,0.2,10.52,19.96,0.6422764227642277,0.42857142857142855,0.6761199999999999,0.62584,0.46308,0.573125291199999983724,reconstructed_from_serve_components,2.5789473684210527,3.4347826086956523,8.28,0.5072463768115942,0.5829383886255924,0.47174151999999997,,,,Fragile Serve Profile,Elite Return Profile,Creator Profile,Opponent-Dependent Ace Profile,Elevated DF Risk,Low-Data Separation Profile,Low-Data Resistance Profile,,,STALE_NON_AUTHORITATIVE_NOT_REGENERATED,,,
Emma Raducanu,Hard,25,13,Stable Sample,Complete Profile,0.53125,0.23076923076923078,9.76923076923077,19.23076923076923,0.6129032258064516,0.4112903225806452,0.6707692307692308,0.6030769230769231,0.47107692307692306,0.578,charting_raw_spw,2.375,3.3333333333333335,7.6923076923076925,0.51,0.5247524752475248,0.441,0.51,1.05,5.8,Fragile Serve Profile,Strong Return Profile,Balanced BP Profile,Opponent-Dependent Ace Profile,Elevated DF Risk,Break-and-Giveback Risk,Neutral Resistance Profile,Return-Led Winner,Hard-Pressure,STALE_NON_AUTHORITATIVE_NOT_REGENERATED,,,
Emma Raducanu,Grass,25,10,Stable Sample,Complete Profile,0.6923076923076923,0.2,12.0,20.7,0.7156862745098039,0.46534653465346537,0.6947999999999999,0.6717,0.4672,0.597,charting_raw_spw,2.4444444444444446,2.7777777777777777,9.2,0.5108695652173914,0.6081081081081081,0.477,0.537,1.18,10.0,Average Serve Profile,Elite Return Profile,Creator Profile,Opponent-Dependent Ace Profile,Moderate DF Profile,Controlled Separator,Serve-Hold Resistance,Volatile Upside Player,Grass-Pressure,STALE_NON_AUTHORITATIVE_NOT_REGENERATED,,,
Ena Shibahara,All,1,1,Low Surface Data,Raw Match Log Aggregate,0.0,1.0,9.0,28.0,0.45454545454545453,0.36363636363636365,0.69,0.52,0.35,0.4673,reconstructed_from_serve_components,3.0,1.0,7.0,0.5714285714285714,0.5384615384615384,0.39590000000000003,,,,Serve Liability,Average Return Profile,Balanced BP Profile,Playable Ace Volume,Moderate DF Profile,Low-Data Separation Profile,Low-Data Resistance Profile,,,STALE_NON_AUTHORITATIVE_NOT_REGENERATED,,,
Erika Sema,All,1,1,Low Surface Data,Raw Match Log Aggregate,0.0,1.0,,28.0,,,,,,,missing_service_components,,,,,,,,,,Low-Data Serve Profile,Low-Data Return Profile,Low-Data BP Profile,Low-Data Ace Profile,Low-Data DF Profile,Low-Data Separation Profile,Low-Data Resistance Profile,,,STALE_NON_AUTHORITATIVE_NOT_REGENERATED,,,
Erjavec V.,All,1,1,Low Surface Data,Raw Match Log Aggregate,1.0,0.0,12.0,17.0,0.75,0.6666666666666666,0.51,0.74,0.58,0.6616,reconstructed_from_serve_components,6.0,3.0,4.0,0.75,1.0,0.42,,,,Stable Serve Profile,Strong Return Profile,Balanced BP Profile,High Ace Upside,Elevated DF Risk,Low-Data Separation Profile,Low-Data Resistance Profile,,,STALE_NON_AUTHORITATIVE_NOT_REGENERATED,,,
Eva Lys,All,30,30,Stable Sample,Raw Match Log Aggregate,0.4,0.5,10.233333333333333,21.733333333333334,0.5606060606060606,0.3824451410658307,0.6800333333333333,0.5851999999999999,0.4081333333333334,0.5285445688888888363144444445,reconstructed_from_serve_components,2.0,4.3,9.4,0.4326241134751773,0.5017182130584192,0.4452761333333333,,,,Serve Liability,Strong Return Profile,Creator Profile,Low Ace Profile,Pressure DF Risk,Low-Data Separation Profile,Low-Data Resistance Profile,,,STALE_NON_AUTHORITATIVE_NOT_REGENERATED,,,
Eva Lys,Hard,30,15,Stable Sample,Complete Profile,0.56,0.4666666666666667,10.466666666666667,21.066666666666666,0.59375,0.4025974025974026,0.6886666666666666,0.5921333333333334,0.44473333333333337,0.555,charting_raw_spw,2.2857142857142856,4.066666666666666,9.4,0.4397163120567376,0.5323741007194245,0.463,0.51,1.04,5.4,Fragile Serve Profile,Strong Return Profile,Creator Profile,Low Ace Profile,Elevated DF Risk,Break-and-Giveback Risk,Resistance / Set Extension,Return-Led Winner,Hard-Pressure,STALE_NON_AUTHORITATIVE_NOT_REGENERATED,,,
Eva Lys,Clay,30,9,Stable Sample,Complete Profile,0.375,0.5555555555555556,9.222222222222221,22.11111111111111,0.47058823529411764,0.36082474226804123,0.6594444444444444,0.5314444444444445,0.3827777777777778,0.492,charting_raw_spw,1.6666666666666667,5.333333333333333,9.0,0.43209876543209874,0.425531914893617,0.44,0.467,0.87,1.0,Serve Liability,Average Return Profile,Creator Profile,Low Ace Profile,High DF Liability,Backdoor Risk,Resistance / Set Extension,Return-Led Winner,Clay-Liability,STALE_NON_AUTHORITATIVE_NOT_REGENERATED,,,
Eva Lys,Grass,30,6,Stable Sample,Complete Profile,0.4,0.5,11.166666666666666,22.833333333333332,0.6176470588235294,0.36764705882352944,0.6893333333333332,0.6485000000000001,0.3546666666666667,0.516,charting_raw_spw,1.5,3.3333333333333335,10.0,0.4166666666666667,0.5517241379310345,0.443,0.48,0.92,3.6,Serve Liability,Average Return Profile,Creator Profile,Low Ace Profile,Moderate DF Profile,Backdoor Risk,Resistance / Set Extension,Return-Led Winner,Grass-Pressure,STALE_NON_AUTHORITATIVE_NOT_REGENERATED,,,
Fiona Ferro,All,26,26,Stable Sample,Raw Match Log Aggregate,0.7692307692307693,0.19230769230769232,10.476190476190476,18.884615384615383,0.6683937823834197,0.4690721649484536,0.6609999999999999,0.6039047619047619,0.49280952380952386,0.5662434761904761933304761905,reconstructed_from_serve_components,0.8571428571428571,1.9523809523809523,8.142857142857142,0.5321637426900585,0.5923566878980892,0.4920477619047619,,,,Average Serve Profile,Elite Return Profile,Creator Profile,Low Ace Profile,Moderate DF Profile,Low-Data Separation Profile,Low-Data Resistance Profile,,,STALE_NON_AUTHORITATIVE_NOT_REGENERATED,,,
Fiona Ferro,Hard,26,13,Stable Sample,Complete Profile,0.5,0.15384615384615385,9.76923076923077,17.53846153846154,0.6842105263157895,0.4298245614035088,0.6298461538461538,0.5994615384615384,0.4961538461538461,0.532,charting_raw_spw,0.8461538461538461,1.6923076923076923,7.769230769230769,0.48514851485148514,0.6326530612244898,0.504,0.517,1.08,8.4,Fragile Serve Profile,Elite Return Profile,Balanced BP Profile,Low Ace Profile,Moderate DF Profile,Controlled Separator,Stable Resistance,Balanced Winner,Hard-Pressure,STALE_NON_AUTHORITATIVE_NOT_REGENERATED,,,
Fiona Ferro,Clay,26,12,Stable Sample,Complete Profile,0.5,0.25,12.714285714285714,20.583333333333332,0.6619718309859155,0.5833333333333334,0.7281428571428572,0.6168571428571429,0.4968571428571429,0.542,charting_raw_spw,0.8571428571428571,2.0,9.714285714285714,0.6176470588235294,0.5384615384615384,0.488,0.514,1.07,8.0,Average Serve Profile,Elite Return Profile,Creator Profile,Low Ace Profile,Moderate DF Profile,Break-and-Giveback Risk,Neutral Resistance Profile,Return-Led Winner,Clay-Control,STALE_NON_AUTHORITATIVE_NOT_REGENERATED,,,
Fiona Ferro,Grass,26,1,Low Surface Data,Low Surface Sample,No Surface W/L,0.0,4.0,16.0,0.5,0.0,0.596,0.5710000000000001,0.42100000000000004,0.51040000000000007576,reconstructed_from_serve_components,1.0,5.0,2.0,0.0,0.42857142857142855,0.22999999999999998,,,,Serve Liability,Weak Return Profile,Low Pressure / Weak Survivor,Low Ace Profile,High DF Liability,Low-Data Separation Profile,Low-Data Resistance Profile,,,STALE_NON_AUTHORITATIVE_NOT_REGENERATED,,,
Francesca Jones,All,39,39,Stable Sample,Raw Match Log Aggregate,0.48717948717948717,0.38461538461538464,10.235294117647058,21.974358974358974,0.5851063829787234,0.3403693931398417,0.6650857142857143,0.5980285714285715,0.42037142857142856,0.5385286563265306584613877551,reconstructed_from_serve_components,2.4642857142857144,4.303030303030303,7.410256410256411,0.4463667820069204,0.5370919881305638,0.4109596285714286,,,,Fragile Serve Profile,Average Return Profile,Balanced BP Profile,Opponent-Dependent Ace Profile,Elevated DF Risk,Low-Data Separation Profile,Low-Data Resistance Profile,,,STALE_NON_AUTHORITATIVE_NOT_REGENERATED,,,
Francesca Jones,Hard,39,18,Stable Sample,Complete Profile,0.4,0.3333333333333333,10.352941176470589,20.944444444444443,0.6363636363636364,0.30851063829787234,0.6676111111111112,0.6143333333333333,0.4521111111111111,0.532,charting_raw_spw,2.2666666666666666,3.6875,7.222222222222222,0.4461538461538462,0.5436241610738255,0.409,0.472,0.87,1.5,Fragile Serve Profile,Low Return Profile,Balanced BP Profile,Opponent-Dependent Ace Profile,Elevated DF Risk,Backdoor Risk,Resistance / Set Extension,Balanced Winner,Hard-Liability,STALE_NON_AUTHORITATIVE_NOT_REGENERATED,,,
Francesca Jones,Clay,39,13,Stable Sample,Complete Profile,0.3333333333333333,0.5384615384615384,11.333333333333334,24.076923076923077,0.4953271028037383,0.45794392523364486,0.6671111111111111,0.5675555555555556,0.3863333333333333,0.531,charting_raw_spw,1.7142857142857142,5.555555555555555,8.615384615384615,0.4375,0.44329896907216493,0.436,0.483,0.93,2.1,Serve Liability,Strong Return Profile,Creator Profile,Low Ace Profile,High DF Liability,Break-and-Giveback Risk,Resistance / Set Extension,Return-Led Winner,Clay-Liability,STALE_NON_AUTHORITATIVE_NOT_REGENERATED,,,
Francesca Jones,Grass,39,8,Stable Sample,Complete Profile,0.2857142857142857,0.25,8.75,20.875,0.5853658536585366,0.2619047619047619,0.6571250000000001,0.595625,0.38725000000000004,0.528,charting_raw_spw,3.8333333333333335,4.125,5.875,0.46808510638297873,0.6263736263736264,0.385,0.464,0.82,1.0,Serve Liability,Weak Return Profile,Balanced BP Profile,Playable Ace Volume,Elevated DF Risk,Backdoor Risk,Volatile Resistance,Volatile Upside Player,Grass-Liability,STALE_NON_AUTHORITATIVE_NOT_REGENERATED,,,
Gabriela Ce,All,1,1,Low Surface Data,Raw Match Log Aggregate,0.0,1.0,4.0,31.0,0.5,0.1111111111111111,0.59,0.5,0.17,0.3647,reconstructed_from_serve_components,0.0,8.0,3.0,0.3333333333333333,0.3333333333333333,0.36939999999999995,,,,Serve Liability,Weak Return Profile,Low Pressure / Weak Survivor,Low Ace Profile,High DF Liability,Low-Data Separation Profile,Low-Data Resistance Profile,,,STALE_NON_AUTHORITATIVE_NOT_REGENERATED,,,
Gabriela Knutson,All,6,6,Stable Sample,Raw Match Log Aggregate,0.5,0.3333333333333333,11.333333333333334,21.166666666666668,0.7164179104477612,0.29411764705882354,0.6033333333333334,0.7166666666666667,0.43666666666666665,0.6056000000000000321666666667,reconstructed_from_serve_components,1.6666666666666667,5.5,8.5,0.39215686274509803,0.5365853658536586,0.4164999999999999,,,,Fragile Serve Profile,Low Return Profile,Balanced BP Profile,Opponent-Dependent Ace Profile,High DF Liability,Low-Data Separation Profile,Low-Data Resistance Profile,,,STALE_NON_AUTHORITATIVE_NOT_REGENERATED,,,
Gabriela Knutson,Hard,6,6,Stable Sample,Charting Raw Missing,No Surface W/L,0.3333333333333333,11.333333333333334,21.166666666666668,0.7164179104477612,0.29411764705882354,0.6033333333333334,0.7166666666666667,0.43666666666666665,0.6056000000000000321666666667,reconstructed_from_serve_components,1.6666666666666667,5.5,8.5,0.39215686274509803,0.5365853658536586,0.4164999999999999,,,,Fragile Serve Profile,Low Return Profile,Balanced BP Profile,Opponent-Dependent Ace Profile,High DF Liability,Low-Data Separation Profile,Low-Data Resistance Profile,,,STALE_NON_AUTHORITATIVE_NOT_REGENERATED,,,
Gadamauri T.,All,1,1,Low Surface Data,Raw Match Log Aggregate,0.0,1.0,,28.0,,,0.6,0.61,0.42,0.534,reconstructed_from_serve_components,1.0,7.0,7.0,0.5714285714285714,0.5,0.434,,,,Low-Data Serve Profile,Low-Data Return Profile,Balanced BP Profile,Low-Data Ace Profile,Low-Data DF Profile,Low-Data Separation Profile,Low-Data Resistance Profile,,,STALE_NON_AUTHORITATIVE_NOT_REGENERATED,,,
Georgia Pedone,All,1,1,Low Surface Data,Raw Match Log Aggregate,0.0,0.0,2.0,14.0,0.2857142857142857,0.0,0.58,0.49,0.39,0.4480,reconstructed_from_serve_components,0.0,5.0,0.0,,0.6875,0.1264,,,,Serve Liability,Weak Return Profile,Low-Data BP Profile,Low Ace Profile,High DF Liability,Low-Data Separation Profile,Low-Data Resistance Profile,,,STALE_NON_AUTHORITATIVE_NOT_REGENERATED,,,
Hannah Klugman,All,5,5,Usable / Thin,Raw Match Log Aggregate,0.4,0.2,12.4,22.6,0.6964285714285714,0.4107142857142857,0.628,0.698,0.52,0.631784,reconstructed_from_serve_components,3.4,4.2,9.0,0.5111111111111111,0.48484848484848486,0.4641,,,,Average Serve Profile,Strong Return Profile,Creator Profile,Playable Ace Volume,Elevated DF Risk,Low-Data Separation Profile,Low-Data Resistance Profile,,,STALE_NON_AUTHORITATIVE_NOT_REGENERATED,,,
Hannah Klugman,Hard,5,0,No Surface Data,No Surface Match Sample,0.6521739130434783,,,,,,,,,0.585,charting_raw_spw,,,,,,0.446,0.515,1.08,,No Surface Data,No Surface Data,No Surface Data,No Surface Data,No Surface Data,No Surface Data,No Surface Data,,,STALE_NON_AUTHORITATIVE_NOT_REGENERATED,,,
Hannah Klugman,Clay,5,0,No Surface Data,No Surface Match Sample,0.5,,,,,,,,,0.573,charting_raw_spw,,,,,,0.44,0.504,1.03,,No Surface Data,No Surface Data,No Surface Data,No Surface Data,No Surface Data,No Surface Data,No Surface Data,,,STALE_NON_AUTHORITATIVE_NOT_REGENERATED,,,
Hannah Klugman,Grass,5,5,Usable / Thin,Charting Support Missing,0.0,0.2,12.4,22.6,0.6964285714285714,0.4107142857142857,0.628,0.698,0.52,0.631784,reconstructed_from_serve_components,3.4,4.2,9.0,0.5111111111111111,0.48484848484848486,0.4641,,,,Average Serve Profile,Strong Return Profile,Creator Profile,Grass Ace Boost,Elevated DF Risk,Low-Data Separation Profile,Low-Data Resistance Profile,,,STALE_NON_AUTHORITATIVE_NOT_REGENERATED,,,
Hanne Vandewinkel,All,57,57,Stable Sample,Raw Match Log Aggregate,0.6964285714285714,0.21052631578947367,10.5,20.125,0.6825938566552902,0.3511705685618729,0.6554666666666666,0.6447666666666666,0.4353,0.5725984177777777201155555556,reconstructed_from_serve_components,3.391304347826087,4.428571428571429,3.526315789473684,0.5223880597014925,0.6092436974789915,0.4419074666666667,,,,Fragile Serve Profile,Average Return Profile,Balanced BP Profile,Playable Ace Volume,Elevated DF Risk,Low-Data Separation Profile,Low-Data Resistance Profile,,,STALE_NON_AUTHORITATIVE_NOT_REGENERATED,,,
Hanne Vandewinkel,Hard,57,22,Stable Sample,Complete Profile,0.0,0.22727272727272727,11.571428571428571,19.181818181818183,0.7733333333333333,0.38461538461538464,0.60625,0.7022499999999999,0.47924999999999995,0.479,charting_raw_spw,4.666666666666667,4.125,2.5454545454545454,0.5357142857142857,0.6909090909090909,0.404,0.452,0.77,4.3,Stable Serve Profile,Average Return Profile,Balanced BP Profile,High Ace Upside,Elevated DF Risk,Low Separation Profile,Volatile Resistance,Volatile Upside Player,Hard-Liability,STALE_NON_AUTHORITATIVE_NOT_REGENERATED,,,
Hanne Vandewinkel,Grass,57,7,Stable Sample,Complete Profile,0.3333333333333333,0.2857142857142857,10.571428571428571,23.0,0.7466666666666667,0.23076923076923078,0.6579999999999999,0.6844285714285715,0.47471428571428576,0.579,charting_raw_spw,3.7142857142857144,4.285714285714286,4.857142857142857,0.5294117647058824,0.6607142857142857,0.35,0.471,0.83,2.2,Stable Serve Profile,Weak Return Profile,Balanced BP Profile,Playable Ace Volume,Elevated DF Risk,Low Separation Profile,Serve-Hold Resistance,Volatile Upside Player,Grass-Liability,STALE_NON_AUTHORITATIVE_NOT_REGENERATED,,,
Harriet Dart,All,26,26,Stable Sample,Raw Match Log Aggregate,0.6153846153846154,0.5384615384615384,12.192307692307692,22.653846153846153,0.6382978723404256,0.479020979020979,0.5563846153846154,0.6758076923076922,0.43153846153846154,0.5674461035502958025102958580,reconstructed_from_serve_components,2.7083333333333335,4.32,10.807692307692308,0.48398576512455516,0.5714285714285714,0.4771290384615385,,,,Fragile Serve Profile,Elite Return Profile,Creator Profile,Playable Ace Volume,Elevated DF Risk,Low-Data Separation Profile,Low-Data Resistance Profile,,,STALE_NON_AUTHORITATIVE_NOT_REGENERATED,,,
Harriet Dart,Hard,26,21,Stable Sample,Complete Profile,0.5,0.47619047619047616,12.142857142857142,21.38095238095238,0.6559633027522935,0.5045045045045045,0.5445714285714286,0.6881428571428572,0.4304761904761905,0.488,charting_raw_spw,2.526315789473684,4.3,11.238095238095237,0.4703389830508475,0.5879120879120879,0.497,0.492,0.97,5.3,Fragile Serve Profile,Elite Return Profile,Creator Profile,Playable Ace Volume,Elevated DF Risk,Break-and-Giveback Risk,Resistance / Set Extension,Volatile Upside Player,Hard-Pressure,STALE_NON_AUTHORITATIVE_NOT_REGENERATED,,,
Harriet Dart,Clay,26,0,No Surface Data,No Surface Match Sample,No Surface W/L,,,,,,,,,,missing_service_components,,,,,,,,,,No Surface Data,No Surface Data,No Surface Data,No Surface Data,No Surface Data,No Surface Data,No Surface Data,,,STALE_NON_AUTHORITATIVE_NOT_REGENERATED,,,
Harriet Dart,Grass,26,5,Usable / Thin,Complete Profile,0.2,0.8,12.4,28.0,0.578125,0.390625,0.606,0.624,0.436,0.521,charting_raw_spw,3.4,4.4,9.0,0.5555555555555556,0.5178571428571429,0.447,0.484,0.93,2.8,Serve Liability,Strong Return Profile,Creator Profile,Playable Ace Volume,Elevated DF Risk,Break-and-Giveback Risk,Resistance / Set Extension,Volatile Upside Player,Grass-Pressure,STALE_NON_AUTHORITATIVE_NOT_REGENERATED,,,
Hayu Kinoshita,All,1,1,Low Surface Data,Raw Match Log Aggregate,0.0,0.0,,17.0,,,,,,,missing_service_components,,,,,,,,,,Low-Data Serve Profile,Low-Data Return Profile,Low-Data BP Profile,Low-Data Ace Profile,Low-Data DF Profile,Low-Data Separation Profile,Low-Data Resistance Profile,,,STALE_NON_AUTHORITATIVE_NOT_REGENERATED,,,
Heather Watson,All,11,11,Stable Sample,Raw Match Log Aggregate,0.6363636363636364,0.2727272727272727,11.181818181818182,21.90909090909091,0.6916666666666667,0.33613445378151263,0.5581818181818182,0.69,0.4418181818181818,0.5803487603305785088760330579,reconstructed_from_serve_components,3.909090909090909,5.2727272727272725,7.2727272727272725,0.5,0.6262626262626263,0.43612727272727275,,,,Average Serve Profile,Average Return Profile,Balanced BP Profile,High Ace Upside,High DF Liability,Low-Data Separation Profile,Low-Data Resistance Profile,,,STALE_NON_AUTHORITATIVE_NOT_REGENERATED,,,
Heather Watson,Hard,11,7,Stable Sample,Complete Profile,0.375,0.14285714285714285,11.0,21.285714285714285,0.6891891891891891,0.3561643835616438,0.5642857142857143,0.6814285714285714,0.43142857142857144,0.566,charting_raw_spw,3.142857142857143,6.0,6.857142857142857,0.5416666666666666,0.5892857142857143,0.433,0.497,1,4.8,Fragile Serve Profile,Average Return Profile,Balanced BP Profile,Playable Ace Volume,High DF Liability,Neutral Separation Profile,Volatile Resistance,Volatile Upside Player,Hard-Neutral,STALE_NON_AUTHORITATIVE_NOT_REGENERATED,,,
Heather Watson,Clay,11,0,No Surface Data,No Surface Match Sample,No Surface W/L,,,,,,,,,,missing_service_components,,,,,,,,,,No Surface Data,No Surface Data,No Surface Data,No Surface Data,No Surface Data,No Surface Data,No Surface Data,,,STALE_NON_AUTHORITATIVE_NOT_REGENERATED,,,
Heather Watson,Grass,11,4,Usable / Thin,Low Surface Sample,No Surface W/L,0.5,11.5,23.0,0.6956521739130435,0.30434782608695654,0.5475,0.705,0.46,0.5941375,reconstructed_from_serve_components,5.25,4.0,8.0,0.4375,0.6744186046511628,0.4207,,,,Average Serve Profile,Low Return Profile,Creator Profile,Grass Ace Boost,Elevated DF Risk,Low-Data Separation Profile,Low-Data Resistance Profile,,,STALE_NON_AUTHORITATIVE_NOT_REGENERATED,,,
Himeno Sakatsume,All,36,36,Stable Sample,Raw Match Log Aggregate,0.5,0.3888888888888889,10.24,21.666666666666668,0.6339622641509434,0.3371647509578544,0.6826000000000001,0.612,0.48788000000000004,0.5726043120000000251080000000,reconstructed_from_serve_components,1.7777777777777777,2.5454545454545454,5.25,0.4656084656084656,0.5,0.4305914,,,,Fragile Serve Profile,Average Return Profile,Balanced BP Profile,Opponent-Dependent Ace Profile,Moderate DF Profile,Low-Data Separation Profile,Low-Data Resistance Profile,,,STALE_NON_AUTHORITATIVE_NOT_REGENERATED,,,
Himeno Sakatsume,Hard,36,24,Stable Sample,Complete Profile,0.5,0.4166666666666667,10.647058823529411,22.5,0.6382978723404256,0.33152173913043476,0.6548235294117647,0.6148823529411764,0.463235294117647,0.59,charting_raw_spw,1.8461538461538463,2.823529411764706,5.833333333333333,0.4357142857142857,0.5244755244755245,0.448,0.522,1.09,6.5,Fragile Serve Profile,Average Return Profile,Balanced BP Profile,Opponent-Dependent Ace Profile,Moderate DF Profile,Backdoor Risk,Resistance / Set Extension,Return-Led Winner,Hard-Neutral,STALE_NON_AUTHORITATIVE_NOT_REGENERATED,,,
Himeno Sakatsume,Clay,36,8,Stable Sample,Complete Profile,No Surface W/L,0.5,9.5,20.375,0.575,0.38461538461538464,0.68375,0.56575,0.5825,0.5710471875,reconstructed_from_serve_components,2.0,1.6666666666666667,2.75,0.6818181818181818,0.34615384615384615,0.47805450000000005,,,,Serve Liability,Strong Return Profile,Low Pressure / Weak Survivor,Opponent-Dependent Ace Profile,Clean DF Profile,Low-Data Separation Profile,Low-Data Resistance Profile,,,STALE_NON_AUTHORITATIVE_NOT_REGENERATED,,,
Himeno Sakatsume,Grass,36,4,Usable / Thin,Low Surface Sample,0.0,0.0,9.25,19.25,0.6756756756756757,0.3157894736842105,0.7995,0.6459999999999999,0.498,0.506,charting_raw_spw,1.0,1.5,6.75,0.4444444444444444,0.52,0.368,0.448,0.75,2.6,Average Serve Profile,Low Return Profile,Balanced BP Profile,Low Ace Profile,Clean DF Profile,Low Separation Profile,Neutral Resistance Profile,Serve-Led Winner,Grass-Neutral,STALE_NON_AUTHORITATIVE_NOT_REGENERATED,,,
Hiroko Kaji,All,1,1,Low Surface Data,Raw Match Log Aggregate,0.0,1.0,,29.0,,,,,,,missing_service_components,,,,,,,,,,Low-Data Serve Profile,Low-Data Return Profile,Low-Data BP Profile,Low-Data Ace Profile,Low-Data DF Profile,Low-Data Separation Profile,Low-Data Resistance Profile,,,STALE_NON_AUTHORITATIVE_NOT_REGENERATED,,,
Iga Swiatek,All,49,49,Stable Sample,Raw Match Log Aggregate,0.75,0.2857142857142857,12.479166666666666,20.145833333333332,0.7670682730923695,0.45850622406639,0.6456530612244897,0.7145918367346938,0.5205306122448979,0.6458268359017075321675968347,reconstructed_from_serve_components,2.8863636363636362,3.1041666666666665,8.73469387755102,0.5186915887850467,0.6109215017064846,0.4963223673469388,,,,Stable Serve Profile,Elite Return Profile,Creator Profile,Playable Ace Volume,Moderate DF Profile,Low-Data Separation Profile,Low-Data Resistance Profile,,,STALE_NON_AUTHORITATIVE_NOT_REGENERATED,,,
Iga Swiatek,Hard,49,23,Stable Sample,Complete Profile,0.7272727272727273,0.30434782608695654,12.636363636363637,20.636363636363637,0.7541666666666667,0.4391304347826087,0.6483478260869565,0.7059565217391305,0.5209565217391304,0.618,charting_raw_spw,2.4285714285714284,2.869565217391304,8.304347826086957,0.5340314136125655,0.6346153846153846,0.475,0.545,1.24,10.0,Stable Serve Profile,Elite Return Profile,Creator Profile,Opponent-Dependent Ace Profile,Moderate DF Profile,Clean Separator,Resistance / Set Extension,Volatile Upside Player,Hard-Control,STALE_NON_AUTHORITATIVE_NOT_REGENERATED,,,
Iga Swiatek,Clay,49,13,Stable Sample,Complete Profile,0.7368421052631579,0.3076923076923077,12.076923076923077,19.46153846153846,0.703125,0.5447154471544715,0.6487692307692308,0.6776923076923077,0.5174615384615385,0.616,charting_raw_spw,2.0,2.923076923076923,10.461538461538462,0.49264705882352944,0.43283582089552236,0.484,0.548,1.26,8.2,Average Serve Profile,Elite Return Profile,Strong Creator / Weak Survivor,Opponent-Dependent Ace Profile,Moderate DF Profile,Controlled Separator,Neutral Resistance Profile,Volatile Upside Player,Clay-Control,STALE_NON_AUTHORITATIVE_NOT_REGENERATED,,,
Iga Swiatek,Grass,49,13,Stable Sample,Complete Profile,0.9090909090909091,0.23076923076923078,12.615384615384615,20.0,0.8538461538461538,0.4108527131782946,0.6377692307692308,0.7667692307692308,0.5228461538461538,0.68,charting_raw_spw,4.3076923076923075,3.75,7.769230769230769,0.5247524752475248,0.7285714285714285,0.468,0.573,1.46,10.0,Stable Serve Profile,Strong Return Profile,Balanced BP Profile,Grass Ace Boost,Elevated DF Risk,Clean Separator,Stable Resistance,Volatile Upside Player,Grass-Control,STALE_NON_AUTHORITATIVE_NOT_REGENERATED,,,
Ilinca Dalina Amariei,All,3,3,Usable / Thin,Raw Match Log Aggregate,0.6666666666666666,0.3333333333333333,6.666666666666667,20.0,0.5416666666666666,0.30434782608695654,0.7333333333333333,0.56,0.54,0.554666666666666666,reconstructed_from_serve_components,1.6666666666666667,0.3333333333333333,5.333333333333333,0.4375,0.21428571428571427,0.42,,,,Serve Liability,Low Return Profile,Balanced BP Profile,Low Ace Profile,Clean DF Profile,Low-Data Separation Profile,Low-Data Resistance Profile,,,STALE_NON_AUTHORITATIVE_NOT_REGENERATED,,,
Ilinca Dalina Amariei,Clay,3,3,Usable / Thin,Low Surface Sample,0.6071428571428571,0.3333333333333333,6.666666666666667,20.0,0.5416666666666666,0.30434782608695654,0.7333333333333333,0.56,0.54,0.538,charting_raw_spw,1.6666666666666667,0.3333333333333333,5.333333333333333,0.4375,0.21428571428571427,0.486,0.512,1.05,4.3,Serve Liability,Low Return Profile,Balanced BP Profile,Low Ace Profile,Clean DF Profile,Neutral Separation Profile,Neutral Resistance Profile,Return-Led Winner,Clay-Neutral,STALE_NON_AUTHORITATIVE_NOT_REGENERATED,,,
Ipek Oz,All,3,3,Usable / Thin,Raw Match Log Aggregate,0.3333333333333333,0.3333333333333333,10.0,18.666666666666668,0.5925925925925926,0.5,0.6366666666666666,0.6566666666666667,0.33666666666666667,0.5404000000000000011000000000,reconstructed_from_serve_components,0.3333333333333333,3.0,6.666666666666667,0.7,0.5217391304347826,0.5013333333333334,,,,Serve Liability,Elite Return Profile,Balanced BP Profile,Low Ace Profile,Elevated DF Risk,Low-Data Separation Profile,Low-Data Resistance Profile,,,STALE_NON_AUTHORITATIVE_NOT_REGENERATED,,,
Ipek Oz,Clay,3,3,Usable / Thin,Low Surface Sample,0.4827586206896552,0.3333333333333333,10.0,18.666666666666668,0.5925925925925926,0.5,0.6366666666666666,0.6566666666666667,0.33666666666666667,0.56,charting_raw_spw,0.3333333333333333,3.0,6.666666666666667,0.7,0.5217391304347826,0.469,0.513,1.07,6.1,Serve Liability,Elite Return Profile,Balanced BP Profile,Low Ace Profile,Elevated DF Risk,Break-and-Giveback Risk,Neutral Resistance Profile,Return-Led Winner,Clay-Pressure,STALE_NON_AUTHORITATIVE_NOT_REGENERATED,,,
Irina Camelia Begu,All,0,0,No Surface Data,Raw Match Missing,,,,,,,,,,,missing_service_components,,,,,,,,,,No Surface Data,No Surface Data,No Surface Data,No Surface Data,No Surface Data,No Surface Data,No Surface Data,,,STALE_NON_AUTHORITATIVE_NOT_REGENERATED,,,
Irina Camelia Begu,Hard,0,0,No Surface Data,Raw Match Missing,No Surface W/L,,,,,,,,,,missing_service_components,,,,,,,,,,No Surface Data,No Surface Data,No Surface Data,No Surface Data,No Surface Data,No Surface Data,No Surface Data,,,STALE_NON_AUTHORITATIVE_NOT_REGENERATED,,,
Irina Camelia Begu,Clay,0,0,No Surface Data,Raw Match Missing,0.8333333333333334,,,,,,,,,0.565,charting_raw_spw,,,,,,0.496,0.531,1.14,,No Surface Data,No Surface Data,No Surface Data,No Surface Data,No Surface Data,No Surface Data,No Surface Data,,,STALE_NON_AUTHORITATIVE_NOT_REGENERATED,,,
Irina Camelia Begu,Grass,0,0,No Surface Data,Raw Match Missing,0.5,,,,,,,,,0.514,charting_raw_spw,,,,,,0.401,0.457,0.82,,No Surface Data,No Surface Data,No Surface Data,No Surface Data,No Surface Data,No Surface Data,No Surface Data,,,STALE_NON_AUTHORITATIVE_NOT_REGENERATED,,,
Irina-Camelia Begu,All,1,1,Low Surface Data,Raw Match Log Aggregate,1.0,1.0,6.0,31.0,0.4444444444444444,0.2222222222222222,0.57,0.64,0.27,0.4809,reconstructed_from_serve_components,0.0,3.0,4.0,0.5,0.5454545454545454,0.3752,,,,Serve Liability,Weak Return Profile,Balanced BP Profile,Low Ace Profile,Elevated DF Risk,Low-Data Separation Profile,Low-Data Resistance Profile,,,STALE_NON_AUTHORITATIVE_NOT_REGENERATED,,,
Iryna Shymanovich,All,15,15,Stable Sample,Raw Match Log Aggregate,0.4666666666666667,0.3333333333333333,9.538461538461538,21.2,0.5611510791366906,0.33093525179856115,0.5976923076923076,0.5638461538461539,0.47076923076923083,0.5264005917159763794005917159,reconstructed_from_serve_components,0.38461538461538464,3.8461538461538463,7.384615384615385,0.4791666666666667,0.5307692307692308,0.4318230769230769,,,,Serve Liability,Average Return Profile,Balanced BP Profile,Low Ace Profile,Elevated DF Risk,Low-Data Separation Profile,Low-Data Resistance Profile,,,STALE_NON_AUTHORITATIVE_NOT_REGENERATED,,,
Iryna Shymanovich,Hard,15,12,Stable Sample,Complete Profile,0.5,0.25,9.583333333333334,21.0,0.5625,0.33858267716535434,0.5975,0.5608333333333334,0.4775,0.534,charting_raw_spw,0.25,3.8333333333333335,7.666666666666667,0.4673913043478261,0.5130434782608696,0.425,0.484,0.91,1.5,Serve Liability,Average Return Profile,Balanced BP Profile,Low Ace Profile,Elevated DF Risk,Backdoor Risk,Volatile Resistance,Return-Led Winner,Hard-Liability,STALE_NON_AUTHORITATIVE_NOT_REGENERATED,,,
Iryna Shymanovich,Clay,15,0,No Surface Data,No Surface Match Sample,0.6666666666666666,,,,,,,,,0.572,charting_raw_spw,,,,,,0.439,0.509,1.03,,No Surface Data,No Surface Data,No Surface Data,No Surface Data,No Surface Data,No Surface Data,No Surface Data,,,STALE_NON_AUTHORITATIVE_NOT_REGENERATED,,,
Iryna Shymanovich,Grass,15,3,Usable / Thin,Low Surface Sample,0.0,0.6666666666666666,9.0,22.0,0.5454545454545454,0.25,0.6,0.6,0.39,0.518,charting_raw_spw,2.0,4.0,4.0,0.75,0.6666666666666666,0.386,0.458,0.8,1.0,Serve Liability,Weak Return Profile,Balanced BP Profile,Low Ace Profile,Elevated DF Risk,Backdoor Risk,Resistance / Set Extension,Balanced Winner,Grass-Liability,STALE_NON_AUTHORITATIVE_NOT_REGENERATED,,,
Ito A.,All,6,6,Stable Sample,Raw Match Log Aggregate,0.0,0.16666666666666666,7.166666666666667,20.0,0.543859649122807,0.20689655172413793,0.655,0.5266666666666666,0.37166666666666665,0.47319166666666661725,reconstructed_from_serve_components,2.0,5.166666666666667,6.166666666666667,0.32432432432432434,0.5084745762711864,0.39466666666666667,,,,Serve Liability,Weak Return Profile,Balanced BP Profile,Opponent-Dependent Ace Profile,High DF Liability,Low-Data Separation Profile,Low-Data Resistance Profile,,,STALE_NON_AUTHORITATIVE_NOT_REGENERATED,,,
Iva Jovic,All,49,49,Stable Sample,Raw Match Log Aggregate,0.6938775510204082,0.3469387755102041,12.0,21.79591836734694,0.7225325884543762,0.36015325670498083,0.6018775510204081,0.6709795918367347,0.4916122448979592,0.5995694244064972916318617243,reconstructed_from_serve_components,2.902439024390244,3.227272727272727,8.26530612244898,0.47901234567901235,0.5858310626702997,0.4483555510204082,,,,Stable Serve Profile,Average Return Profile,Creator Profile,Playable Ace Volume,Moderate DF Profile,Low-Data Separation Profile,Low-Data Resistance Profile,,,STALE_NON_AUTHORITATIVE_NOT_REGENERATED,,,
Iva Jovic,Hard,49,22,Stable Sample,Complete Profile,0.6756756756756757,0.22727272727272727,11.285714285714286,20.818181818181817,0.7056277056277056,0.3288888888888889,0.590590909090909,0.6681818181818181,0.4842727272727273,0.59,charting_raw_spw,3.1818181818181817,3.45,8.409090909090908,0.43243243243243246,0.5847953216374269,0.458,0.524,1.12,8.5,Average Serve Profile,Low Return Profile,Creator Profile,Playable Ace Volume,Moderate DF Profile,Controlled Separator,Serve-Hold Resistance,Volatile Upside Player,Hard-Control,STALE_NON_AUTHORITATIVE_NOT_REGENERATED,,,
Iva Jovic,Clay,49,11,Stable Sample,Complete Profile,0.6153846153846154,0.45454545454545453,12.636363636363637,24.272727272727273,0.6766917293233082,0.3769230769230769,0.5907272727272727,0.6674545454545455,0.48436363636363633,0.571,charting_raw_spw,2.6,3.2,7.909090909090909,0.5632183908045977,0.47560975609756095,0.461,0.516,1.08,7.1,Average Serve Profile,Average Return Profile,Balanced BP Profile,Opponent-Dependent Ace Profile,Moderate DF Profile,Backdoor Risk,Resistance / Set Extension,Volatile Upside Player,Clay-Control,STALE_NON_AUTHORITATIVE_NOT_REGENERATED,,,
Iva Jovic,Grass,49,16,Stable Sample,Complete Profile,0.6,0.4375,12.5,21.4375,0.7803468208092486,0.38922155688622756,0.6250625,0.6772500000000001,0.5066875000000001,0.55,charting_raw_spw,2.5555555555555554,2.9285714285714284,8.3125,0.48872180451127817,0.6666666666666666,0.453,0.499,1.01,7.5,Stable Serve Profile,Strong Return Profile,Creator Profile,Opponent-Dependent Ace Profile,Moderate DF Profile,Neutral Separation Profile,Resistance / Set Extension,Volatile Upside Player,Grass-Pressure,STALE_NON_AUTHORITATIVE_NOT_REGENERATED,,,
Janice Tjen,All,36,36,Stable Sample,Raw Match Log Aggregate,0.5,0.3055555555555556,10.03125,21.583333333333332,0.6745562130177515,0.26878612716763006,0.60471875,0.66015625,0.45865625,0.5805070781250000,reconstructed_from_serve_components,4.2592592592592595,3.6129032258064515,6.638888888888889,0.3891213389121339,0.5111111111111111,0.40581390624999997,,,,Average Serve Profile,Weak Return Profile,Balanced BP Profile,Playable Ace Volume,Elevated DF Risk,Low-Data Separation Profile,Low-Data Resistance Profile,,,STALE_NON_AUTHORITATIVE_NOT_REGENERATED,,,
Janice Tjen,Hard,36,20,Stable Sample,Complete Profile,0.5555555555555556,0.3,10.3125,21.7,0.6666666666666666,0.29310344827586204,0.5670000000000001,0.6729999999999999,0.4505625,0.606,charting_raw_spw,4.666666666666667,4.25,6.4,0.3984375,0.4722222222222222,0.405,0.504,1.03,3.5,Average Serve Profile,Low Return Profile,Balanced BP Profile,High Ace Upside,Elevated DF Risk,Backdoor Risk,Resistance / Set Extension,Volatile Upside Player,Hard-Neutral,STALE_NON_AUTHORITATIVE_NOT_REGENERATED,,,
Janice Tjen,Clay,36,10,Stable Sample,Complete Profile,0.2857142857142857,0.3,9.9,20.9,0.6504854368932039,0.3047619047619048,0.6253,0.6408,0.42719999999999997,0.532,charting_raw_spw,4.0,3.1,7.6,0.42105263157894735,0.55,0.427,0.48,0.91,2.0,Fragile Serve Profile,Low Return Profile,Balanced BP Profile,Playable Ace Volume,Elevated DF Risk,Neutral Separation Profile,Volatile Resistance,Volatile Upside Player,Clay-Neutral,STALE_NON_AUTHORITATIVE_NOT_REGENERATED,,,
Janice Tjen,Grass,36,6,Stable Sample,Complete Profile,0.0,0.3333333333333333,9.5,22.333333333333332,0.734375,0.14925373134328357,0.671,0.6581666666666667,0.5326666666666667,0.576,charting_raw_spw,3.4,2.6,5.833333333333333,0.2857142857142857,0.5405405405405406,0.281,0.427,0.66,2.1,Average Serve Profile,Weak Return Profile,Balanced BP Profile,Grass Ace Boost,Moderate DF Profile,Low Separation Profile,Resistance / Set Extension,Volatile Upside Player,Grass-Neutral,STALE_NON_AUTHORITATIVE_NOT_REGENERATED,,,
Jaqueline Cristian,All,31,31,Stable Sample,Raw Match Log Aggregate,0.4666666666666667,0.41935483870967744,10.866666666666667,23.6,0.6473988439306358,0.3050847457627119,0.6144193548387097,0.6386129032258064,0.46938709677419355,0.5733627075962538749163891779,reconstructed_from_serve_components,3.423076923076923,3.793103448275862,8.258064516129032,0.41796875,0.5468164794007491,0.4134962903225807,,,,Fragile Serve Profile,Low Return Profile,Creator Profile,Playable Ace Volume,Elevated DF Risk,Low-Data Separation Profile,Low-Data Resistance Profile,,,STALE_NON_AUTHORITATIVE_NOT_REGENERATED,,,
Jaqueline Cristian,Hard,31,13,Stable Sample,Complete Profile,0.5,0.3076923076923077,9.916666666666666,21.833333333333332,0.6287878787878788,0.3181818181818182,0.5985384615384616,0.6502307692307692,0.43776923076923074,0.563,charting_raw_spw,3.5,4.3076923076923075,7.615384615384615,0.42424242424242425,0.5811965811965812,0.418,0.49,0.96,1.4,Fragile Serve Profile,Low Return Profile,Balanced BP Profile,Playable Ace Volume,Elevated DF Risk,Backdoor Risk,Resistance / Set Extension,Volatile Upside Player,Hard-Neutral,STALE_NON_AUTHORITATIVE_NOT_REGENERATED,,,
Jaqueline Cristian,Grass,31,4,Usable / Thin,Low Surface Sample,0.25,0.0,7.5,19.5,0.5675675675675675,0.23076923076923078,0.64625,0.602,0.495,0.567,charting_raw_spw,3.6666666666666665,2.6666666666666665,4.0,0.5,0.4,0.351,0.462,0.81,1.0,Serve Liability,Weak Return Profile,Low Pressure / Weak Survivor,Playable Ace Volume,Moderate DF Profile,Backdoor Risk,Volatile Resistance,Volatile Upside Player,Grass-Liability,STALE_NON_AUTHORITATIVE_NOT_REGENERATED,,,
Jasmine Paolini,All,33,33,Stable Sample,Raw Match Log Aggregate,0.5757575757575758,0.42424242424242425,11.636363636363637,22.848484848484848,0.660427807486631,0.3682795698924731,0.661,0.6145454545454545,0.4974545454545454,0.5748516363636363151,reconstructed_from_serve_components,3.25,2.4642857142857144,9.363636363636363,0.44336569579288027,0.5694915254237288,0.4361340909090909,,,,Average Serve Profile,Average Return Profile,Creator Profile,Opponent-Dependent Ace Profile,Moderate DF Profile,Low-Data Separation Profile,Low-Data Resistance Profile,,,STALE_NON_AUTHORITATIVE_NOT_REGENERATED,,,
Jasmine Paolini,Hard,33,16,Stable Sample,Complete Profile,0.6190476190476191,0.4375,12.0,22.25,0.6534090909090909,0.4350282485875706,0.6735,0.5991875,0.541875,0.576,charting_raw_spw,4.125,2.6666666666666665,9.6875,0.4967741935483871,0.5579710144927537,0.443,0.511,1.04,7.3,Fragile Serve Profile,Elite Return Profile,Creator Profile,Opponent-Dependent Ace Profile,Moderate DF Profile,Break-and-Giveback Risk,Resistance / Set Extension,Return-Led Winner,Hard-Pressure,STALE_NON_AUTHORITATIVE_NOT_REGENERATED,,,
Jasmine Paolini,Clay,33,7,Stable Sample,Complete Profile,0.42857142857142855,0.5714285714285714,12.285714285714286,25.142857142857142,0.6781609195402298,0.3103448275862069,0.6531428571428571,0.6367142857142857,0.4258571428571429,0.559,charting_raw_spw,2.0,2.5714285714285716,10.857142857142858,0.35526315789473684,0.5483870967741935,0.427,0.491,0.97,3.2,Fragile Serve Profile,Low Return Profile,Balanced BP Profile,Low Ace Profile,Moderate DF Profile,Backdoor Risk,Resistance / Set Extension,Return-Led Winner,Clay-Neutral,STALE_NON_AUTHORITATIVE_NOT_REGENERATED,,,
Jasmine Paolini,Grass,33,10,Stable Sample,Complete Profile,0.3333333333333333,0.3,10.6,22.2,0.6576576576576577,0.3055555555555556,0.6465000000000001,0.6236,0.4765,0.557,charting_raw_spw,2.6,2.111111111111111,7.8,0.4230769230769231,0.6,0.413,0.487,0.93,4.0,Average Serve Profile,Low Return Profile,Balanced BP Profile,Low Ace Profile,Clean DF Profile,Backdoor Risk,Resistance / Set Extension,Balanced Winner,Grass-Neutral,STALE_NON_AUTHORITATIVE_NOT_REGENERATED,,,
Jelena Ostapenko,All,37,37,Stable Sample,Raw Match Log Aggregate,0.5405405405405406,0.43243243243243246,11.194444444444445,21.83783783783784,0.6461538461538462,0.38817480719794345,0.5676111111111112,0.6761111111111111,0.41955555555555557,0.5651793395061728622499382717,reconstructed_from_serve_components,4.121212121212121,6.428571428571429,8.416666666666666,0.49504950495049505,0.5292096219931272,0.45040294444444445,,,,Fragile Serve Profile,Strong Return Profile,Creator Profile,Playable Ace Volume,High DF Liability,Low-Data Separation Profile,Low-Data Resistance Profile,,,STALE_NON_AUTHORITATIVE_NOT_REGENERATED,,,
Jelena Ostapenko,Hard,37,17,Stable Sample,Complete Profile,0.44,0.35294117647058826,10.25,21.764705882352942,0.6058823529411764,0.35260115606936415,0.5591875000000001,0.6559375,0.3946875,0.55,charting_raw_spw,3.769230769230769,5.6,7.6875,0.4878048780487805,0.5448275862068965,0.429,0.49,0.95,2.1,Serve Liability,Average Return Profile,Balanced BP Profile,Playable Ace Volume,High DF Liability,Backdoor Risk,Resistance / Set Extension,Volatile Upside Player,Hard-Neutral,STALE_NON_AUTHORITATIVE_NOT_REGENERATED,,,
Jelena Ostapenko,Clay,37,12,Stable Sample,Complete Profile,0.5833333333333334,0.5,12.25,23.0,0.6594202898550725,0.40875912408759124,0.5731666666666666,0.6781666666666666,0.4374166666666667,0.556,charting_raw_spw,4.0,7.25,8.916666666666666,0.5233644859813084,0.53,0.477,0.516,1.07,7.0,Fragile Serve Profile,Strong Return Profile,Creator Profile,Playable Ace Volume,High DF Liability,Break-and-Giveback Risk,Resistance / Set Extension,Volatile Upside Player,Clay-Control,STALE_NON_AUTHORITATIVE_NOT_REGENERATED,,,
Jelena Ostapenko,Grass,37,8,Stable Sample,Complete Profile,0.5714285714285714,0.5,11.5,20.25,0.7073170731707317,0.43037974683544306,0.576125,0.7133750000000001,0.4425,0.598,charting_raw_spw,4.875,6.75,9.125,0.4657534246575342,0.4782608695652174,0.463,0.53,1.15,8.3,Average Serve Profile,Elite Return Profile,Creator Profile,High Ace Upside,High DF Liability,Controlled Separator,Resistance / Set Extension,Volatile Upside Player,Grass-Control,STALE_NON_AUTHORITATIVE_NOT_REGENERATED,,,
Jennifer Brady,All,1,1,Low Surface Data,Raw Match Log Aggregate,0.0,0.0,4.0,18.0,0.4444444444444444,0.0,0.57,0.66,0.46,0.5740,reconstructed_from_serve_components,1.0,0.0,6.0,0.0,0.4,0.3116,,,,Serve Liability,Weak Return Profile,Balanced BP Profile,Low Ace Profile,Clean DF Profile,Low-Data Separation Profile,Low-Data Resistance Profile,,,STALE_NON_AUTHORITATIVE_NOT_REGENERATED,,,
Jessica Bouzas Maneiro,All,42,42,Stable Sample,Raw Match Log Aggregate,0.4523809523809524,0.3333333333333333,10.682926829268293,21.88095238095238,0.5869074492099323,0.3982102908277405,0.6184390243902439,0.6101707317073171,0.44595121951219513,0.5475109744199881215828792385,reconstructed_from_serve_components,2.15625,4.972972972972973,8.833333333333334,0.4797843665768194,0.45209580838323354,0.4554654878048781,,,,Serve Liability,Strong Return Profile,Creator Profile,Opponent-Dependent Ace Profile,Pressure DF Risk,Low-Data Separation Profile,Low-Data Resistance Profile,,,STALE_NON_AUTHORITATIVE_NOT_REGENERATED,,,
Jessica Bouzas Maneiro,Hard,42,25,Stable Sample,Complete Profile,0.45161290322580644,0.32,10.4,21.6,0.5676691729323309,0.40671641791044777,0.58968,0.60092,0.43816000000000005,0.553,charting_raw_spw,1.8095238095238095,5.869565217391305,8.52,0.5117370892018779,0.3850267379679144,0.446,0.499,1,3.6,Serve Liability,Strong Return Profile,Creator Profile,Opponent-Dependent Ace Profile,High DF Liability,Break-and-Giveback Risk,Resistance / Set Extension,Return-Led Winner,Hard-Pressure,STALE_NON_AUTHORITATIVE_NOT_REGENERATED,,,
Jessica Bouzas Maneiro,Clay,42,11,Stable Sample,Complete Profile,0.4444444444444444,0.36363636363636365,11.7,22.90909090909091,0.5614035087719298,0.45689655172413796,0.6926000000000001,0.5729,0.48989999999999995,0.556,charting_raw_spw,1.5,2.125,10.0,0.4818181818181818,0.5327102803738317,0.478,0.515,1.08,7.1,Serve Liability,Elite Return Profile,Creator Profile,Low Ace Profile,Clean DF Profile,Break-and-Giveback Risk,Resistance / Set Extension,Return-Led Winner,Clay-Pressure,STALE_NON_AUTHORITATIVE_NOT_REGENERATED,,,
Jessica Bouzas Maneiro,Grass,42,6,Stable Sample,Complete Profile,0.7142857142857143,0.3333333333333333,10.166666666666666,21.166666666666668,0.7142857142857143,0.25396825396825395,0.6146666666666667,0.7108333333333333,0.4051666666666667,0.605,charting_raw_spw,4.4,5.333333333333333,8.0,0.3333333333333333,0.55,0.429,0.516,1.09,5.2,Fragile Serve Profile,Weak Return Profile,Balanced BP Profile,Grass Ace Boost,High DF Liability,Neutral Separation Profile,Resistance / Set Extension,Volatile Upside Player,Grass-Control,STALE_NON_AUTHORITATIVE_NOT_REGENERATED,,,
Jessica Pegula,All,63,63,Stable Sample,Raw Match Log Aggregate,0.8095238095238095,0.42857142857142855,12.564516129032258,22.428571428571427,0.776657060518732,0.3553008595988539,0.6252539682539683,0.7154444444444445,0.5012063492063492,0.6351595684051398759300075586,reconstructed_from_serve_components,4.193548387096774,2.5,9.301587301587302,0.4300341296928328,0.6005089058524173,0.4492696031746032,,,,Stable Serve Profile,Average Return Profile,Creator Profile,High Ace Upside,Moderate DF Profile,Low-Data Separation Profile,Low-Data Resistance Profile,,,STALE_NON_AUTHORITATIVE_NOT_REGENERATED,,,
Jessica Pegula,Hard,63,42,Stable Sample,Complete Profile,0.7758620689655172,0.4523809523809524,12.731707317073171,22.452380952380953,0.7710583153347732,0.37124463519313305,0.6297142857142858,0.7152380952380952,0.5041190476190477,0.614,charting_raw_spw,4.634146341463414,2.358974358974359,8.928571428571429,0.472,0.5697211155378487,0.454,0.532,1.17,9.8,Stable Serve Profile,Average Return Profile,Creator Profile,High Ace Upside,Moderate DF Profile,Controlled Separator,Resistance / Set Extension,Volatile Upside Player,Hard-Control,STALE_NON_AUTHORITATIVE_NOT_REGENERATED,,,
Jessica Pegula,Clay,63,12,Stable Sample,Complete Profile,0.75,0.4166666666666667,11.833333333333334,21.5,0.7401574803149606,0.37209302325581395,0.6335000000000001,0.693,0.4940833333333333,0.622,charting_raw_spw,3.0,2.375,11.083333333333334,0.3609022556390977,0.6206896551724138,0.451,0.531,1.19,10.0,Stable Serve Profile,Average Return Profile,Balanced BP Profile,Playable Ace Volume,Clean DF Profile,Controlled Separator,Resistance / Set Extension,Volatile Upside Player,Clay-Control,STALE_NON_AUTHORITATIVE_NOT_REGENERATED,,,
Jessica Pegula,Grass,63,9,Stable Sample,Complete Profile,0.7777777777777778,0.3333333333333333,12.777777777777779,23.555555555555557,0.8461538461538461,0.2621359223300971,0.5934444444444444,0.7463333333333334,0.49711111111111106,0.627,charting_raw_spw,3.7777777777777777,3.2222222222222223,8.666666666666666,0.34615384615384615,0.7090909090909091,0.454,0.536,1.22,8.2,Stable Serve Profile,Weak Return Profile,Balanced BP Profile,Grass Ace Boost,Moderate DF Profile,Serve-Led Separator,Resistance / Set Extension,Volatile Upside Player,Grass-Control,STALE_NON_AUTHORITATIVE_NOT_REGENERATED,,,
Jil Teichmann,All,1,1,Low Surface Data,Raw Match Log Aggregate,1.0,1.0,14.0,27.0,0.8666666666666667,0.07142857142857142,0.56,0.76,0.53,0.6588,reconstructed_from_serve_components,10.0,7.0,4.0,0.25,0.6666666666666666,0.318,,,,Stable Serve Profile,Weak Return Profile,Balanced BP Profile,High Ace Upside,High DF Liability,Low-Data Separation Profile,Low-Data Resistance Profile,,,STALE_NON_AUTHORITATIVE_NOT_REGENERATED,,,
Jing-Jing Lu,All,1,1,Low Surface Data,Raw Match Log Aggregate,1.0,0.0,12.0,22.0,0.6923076923076923,0.21428571428571427,0.67,0.65,0.5,0.6005,reconstructed_from_serve_components,3.0,0.0,11.0,0.2727272727272727,0.6,0.376,,,,Average Serve Profile,Weak Return Profile,Balanced BP Profile,Playable Ace Volume,Clean DF Profile,Low-Data Separation Profile,Low-Data Resistance Profile,,,STALE_NON_AUTHORITATIVE_NOT_REGENERATED,,,
Joanna Garland,All,1,1,Low Surface Data,Raw Match Log Aggregate,1.0,1.0,15.0,28.0,0.7333333333333333,0.26666666666666666,0.59,0.73,0.5,0.6357,reconstructed_from_serve_components,3.0,4.0,12.0,0.3333333333333333,0.6,0.439,,,,Stable Serve Profile,Weak Return Profile,Balanced BP Profile,Opponent-Dependent Ace Profile,Moderate DF Profile,Low-Data Separation Profile,Low-Data Resistance Profile,,,STALE_NON_AUTHORITATIVE_NOT_REGENERATED,,,
Jule Niemeier,All,2,2,Low Surface Data,Raw Match Log Aggregate,0.5,1.0,16.0,29.5,0.7307692307692307,0.52,0.505,0.71,0.43,0.57140,reconstructed_from_serve_components,6.5,6.0,11.0,0.5909090909090909,0.6071428571428571,0.41575,,,,Fragile Serve Profile,Strong Return Profile,Strong Creator / Strong Survivor,High Ace Upside,High DF Liability,Low-Data Separation Profile,Low-Data Resistance Profile,,,STALE_NON_AUTHORITATIVE_NOT_REGENERATED,,,
Julia Grabher,All,9,9,Stable Sample,Raw Match Log Aggregate,0.2222222222222222,0.2222222222222222,8.88888888888889,20.88888888888889,0.6021505376344086,0.2553191489361702,0.5857777777777777,0.6302222222222222,0.3940000000000001,0.5323737283950617384271604938,reconstructed_from_serve_components,3.625,4.444444444444445,6.444444444444445,0.41379310344827586,0.5,0.3999522222222222,,,,Serve Liability,Weak Return Profile,Balanced BP Profile,Playable Ace Volume,Pressure DF Risk,Low-Data Separation Profile,Low-Data Resistance Profile,,,STALE_NON_AUTHORITATIVE_NOT_REGENERATED,,,
Julia Grabher,Hard,9,9,Stable Sample,Complete Profile,0.25,0.2222222222222222,8.88888888888889,20.88888888888889,0.6021505376344086,0.2553191489361702,0.5857777777777777,0.6302222222222222,0.3940000000000001,0.512,charting_raw_spw,3.625,4.444444444444445,6.444444444444445,0.41379310344827586,0.5,0.349,0.436,0.72,1.0,Serve Liability,Weak Return Profile,Balanced BP Profile,Playable Ace Volume,Pressure DF Risk,Low Separation Profile,Neutral Resistance Profile,Volatile Upside Player,Hard-Liability,STALE_NON_AUTHORITATIVE_NOT_REGENERATED,,,
Julia Stusek,All,6,6,Stable Sample,Raw Match Log Aggregate,0.5,0.3333333333333333,7.5,22.333333333333332,0.5333333333333333,0.4666666666666667,0.6,0.525,0.49,0.5110,reconstructed_from_serve_components,1.0,4.5,2.6666666666666665,0.4375,0.5625,0.467,,,,Serve Liability,Elite Return Profile,Balanced BP Profile,Opponent-Dependent Ace Profile,High DF Liability,Low-Data Separation Profile,Low-Data Resistance Profile,,,STALE_NON_AUTHORITATIVE_NOT_REGENERATED,,,
Julia Stusek,Clay,6,5,Usable / Thin,Charting Support Missing,0.5714285714285714,0.4,12.0,23.8,0.8571428571428571,0.75,0.68,0.59,0.63,0.505,charting_raw_spw,1.0,3.0,1.8,0.6666666666666666,0.8571428571428571,0.496,0.5,1,7.5,Fragile Serve Profile,Elite Return Profile,Balanced BP Profile,Opponent-Dependent Ace Profile,Elevated DF Risk,Neutral Separation Profile,Resistance / Set Extension,Return-Led Winner,Clay-Pressure,STALE_NON_AUTHORITATIVE_NOT_REGENERATED,,,
Julieta Pareja,All,6,6,Stable Sample,Raw Match Log Aggregate,0.3333333333333333,0.16666666666666666,7.666666666666667,21.0,0.7307692307692307,0.14814814814814814,0.7166666666666667,0.71,0.43666666666666665,0.6325555555555555599444444444,reconstructed_from_serve_components,2.6666666666666665,2.6666666666666665,6.0,0.2222222222222222,0.5333333333333333,0.3349666666666667,,,,Fragile Serve Profile,Weak Return Profile,Balanced BP Profile,Playable Ace Volume,Elevated DF Risk,Low-Data Separation Profile,Low-Data Resistance Profile,,,STALE_NON_AUTHORITATIVE_NOT_REGENERATED,,,
Julieta Pareja,Hard,6,6,Stable Sample,Complete Profile,0.7,0.16666666666666666,7.666666666666667,21.0,0.7307692307692307,0.14814814814814814,0.7166666666666667,0.71,0.43666666666666665,0.567,charting_raw_spw,2.6666666666666665,2.6666666666666665,6.0,0.2222222222222222,0.5333333333333333,0.488,0.527,1.13,6.8,Fragile Serve Profile,Weak Return Profile,Balanced BP Profile,Playable Ace Volume,Elevated DF Risk,Serve-Led Separator,Neutral Resistance Profile,Volatile Upside Player,Hard-Control,STALE_NON_AUTHORITATIVE_NOT_REGENERATED,,,
Julieta Pareja,Clay,6,0,No Surface Data,No Surface Match Sample,0.5,,,,,,,,,0.473,charting_raw_spw,,,,,,0.55,0.511,1.04,,No Surface Data,No Surface Data,No Surface Data,No Surface Data,No Surface Data,No Surface Data,No Surface Data,,,STALE_NON_AUTHORITATIVE_NOT_REGENERATED,,,
Julieta Pareja,Grass,6,0,No Surface Data,No Surface Match Sample,No Surface W/L,,,,,,,,,,missing_service_components,,,,,,,,,,No Surface Data,No Surface Data,No Surface Data,No Surface Data,No Surface Data,No Surface Data,No Surface Data,,,STALE_NON_AUTHORITATIVE_NOT_REGENERATED,,,
Kaitlin Quevedo,All,38,38,Stable Sample,Raw Match Log Aggregate,0.6578947368421053,0.34210526315789475,11.216216216216216,22.0,0.6370370370370371,0.3994910941475827,0.6218947368421052,0.6247368421052631,0.46878947368421053,0.5657723213296398447359556787,reconstructed_from_serve_components,3.2413793103448274,2.8529411764705883,9.657894736842104,0.4359673024523161,0.5531914893617021,0.4491484473684211,,,,Fragile Serve Profile,Strong Return Profile,Creator Profile,Playable Ace Volume,Moderate DF Profile,Low-Data Separation Profile,Low-Data Resistance Profile,,,STALE_NON_AUTHORITATIVE_NOT_REGENERATED,,,
Kaitlin Quevedo,Hard,38,26,Stable Sample,Complete Profile,0.3333333333333333,0.2692307692307692,10.72,20.884615384615383,0.637065637065637,0.412,0.6211923076923077,0.624423076923077,0.48150000000000004,0.54,charting_raw_spw,3.4210526315789473,2.6818181818181817,9.192307692307692,0.4435146443514644,0.5502392344497608,0.354,0.449,0.77,3.5,Fragile Serve Profile,Low Return Profile,Creator Profile,Playable Ace Volume,Moderate DF Profile,Break-and-Giveback Risk,Volatile Resistance,Volatile Upside Player,Hard-Pressure,STALE_NON_AUTHORITATIVE_NOT_REGENERATED,,,
Kaitlin Quevedo,Clay,38,12,Stable Sample,Complete Profile,0.42857142857142855,0.5,12.25,24.416666666666668,0.636986301369863,0.3776223776223776,0.6234166666666667,0.6254166666666666,0.44125,0.525,charting_raw_spw,2.9,3.1666666666666665,10.666666666666666,0.421875,0.5583333333333333,0.474,0.499,1,4.3,Fragile Serve Profile,Average Return Profile,Creator Profile,Opponent-Dependent Ace Profile,Moderate DF Profile,Backdoor Risk,Resistance / Set Extension,Volatile Upside Player,Clay-Neutral,STALE_NON_AUTHORITATIVE_NOT_REGENERATED,,,
Kaja Juvan,All,1,1,Low Surface Data,Raw Match Log Aggregate,,0.0,,,,,0.67,0.54,0.47,0.5169,reconstructed_from_serve_components,3.0,0.0,18.0,0.2222222222222222,0.16666666666666666,0.4552,,,,Low-Data Serve Profile,Low-Data Return Profile,Balanced BP Profile,Low-Data Ace Profile,Low-Data DF Profile,Low-Data Separation Profile,Low-Data Resistance Profile,,,STALE_NON_AUTHORITATIVE_NOT_REGENERATED,,,
Kamilla Rakhimova,All,49,49,Stable Sample,Raw Match Log Aggregate,0.46938775510204084,0.4489795918367347,11.416666666666666,23.020408163265305,0.634011090573013,0.38104089219330856,0.5715918367346939,0.6238163265306121,0.4503061224489796,0.5494831386922115030788004998,reconstructed_from_serve_components,2.871794871794872,5.5,8.326530612244898,0.5196078431372549,0.5211267605633803,0.446327693877551,,,,Fragile Serve Profile,Strong Return Profile,Creator Profile,Low Ace Profile,High DF Liability,Low-Data Separation Profile,Low-Data Resistance Profile,,,STALE_NON_AUTHORITATIVE_NOT_REGENERATED,,,
Kamilla Rakhimova,Hard,49,34,Stable Sample,Complete Profile,0.38095238095238093,0.4117647058823529,11.272727272727273,22.294117647058822,0.648876404494382,0.3960674157303371,0.566529411764706,0.6261470588235294,0.46038235294117646,0.534,charting_raw_spw,2.7333333333333334,5.454545454545454,8.470588235294118,0.5173611111111112,0.541958041958042,0.443,0.489,0.95,2.1,Fragile Serve Profile,Strong Return Profile,Creator Profile,Playable Ace Volume,High DF Liability,Break-and-Giveback Risk,Resistance / Set Extension,Return-Led Winner,Hard-Pressure,STALE_NON_AUTHORITATIVE_NOT_REGENERATED,,,
Kamilla Rakhimova,Grass,49,8,Stable Sample,Complete Profile,0.5,0.5,12.75,25.375,0.6633663366336634,0.35,0.572875,0.642625,0.4815,0.567,charting_raw_spw,3.8,5.5,8.0,0.53125,0.4603174603174603,0.443,0.506,1.02,4.3,Average Serve Profile,Average Return Profile,Creator Profile,Low Ace Profile,Elevated DF Risk,Backdoor Risk,Resistance / Set Extension,Return-Led Winner,Grass-Neutral,STALE_NON_AUTHORITATIVE_NOT_REGENERATED,,,
Karolina Muchova,All,41,41,Stable Sample,Raw Match Log Aggregate,0.8048780487804879,0.24390243902439024,11.525,20.195121951219512,0.7864077669902912,0.35036496350364965,0.6343658536585366,0.7263170731707318,0.5091951219512194,0.6469298738845925254115407496,reconstructed_from_serve_components,4.555555555555555,2.25,7.414634146341464,0.47368421052631576,0.6018518518518519,0.4491823414634146,,,,Elite Serve Profile,Average Return Profile,Balanced BP Profile,High Ace Upside,Clean DF Profile,Low-Data Separation Profile,Low-Data Resistance Profile,,,STALE_NON_AUTHORITATIVE_NOT_REGENERATED,,,
Karolina Muchova,Hard,41,19,Stable Sample,Complete Profile,0.7380952380952381,0.21052631578947367,11.526315789473685,19.736842105263158,0.8010752688172043,0.37433155080213903,0.6280526315789473,0.7308947368421053,0.5219473684210526,0.622,charting_raw_spw,4.1875,2.1333333333333333,8.052631578947368,0.45751633986928103,0.5747126436781609,0.429,0.522,1.14,10.0,Stable Serve Profile,Average Return Profile,Creator Profile,High Ace Upside,Clean DF Profile,Controlled Separator,Serve-Hold Resistance,Volatile Upside Player,Hard-Control,STALE_NON_AUTHORITATIVE_NOT_REGENERATED,,,
Karolina Muchova,Clay,41,9,Stable Sample,Complete Profile,0.6666666666666666,0.3333333333333333,10.88888888888889,21.0,0.6808510638297872,0.35789473684210527,0.6608888888888889,0.6419999999999999,0.4487777777777777,0.58,charting_raw_spw,3.75,2.2857142857142856,7.777777777777778,0.4857142857142857,0.6081081081081081,0.409,0.495,0.97,5.1,Average Serve Profile,Average Return Profile,Balanced BP Profile,Playable Ace Volume,Moderate DF Profile,Neutral Separation Profile,Resistance / Set Extension,Volatile Upside Player,Clay-Neutral,STALE_NON_AUTHORITATIVE_NOT_REGENERATED,,,
Karolina Muchova,Grass,41,13,Stable Sample,Complete Profile,0.7142857142857143,0.23076923076923078,12.0,20.307692307692307,0.8409090909090909,0.31007751937984496,0.6252307692307693,0.778,0.5323846153846155,0.636,charting_raw_spw,5.583333333333333,2.4,6.230769230769231,0.49382716049382713,0.6363636363636364,0.437,0.537,1.2,8.7,Elite Serve Profile,Low Return Profile,Balanced BP Profile,Grass Ace Boost,Moderate DF Profile,Controlled Separator,Stable Resistance,Volatile Upside Player,Grass-Control,STALE_NON_AUTHORITATIVE_NOT_REGENERATED,,,
Karolina Pliskova,All,40,40,Stable Sample,Raw Match Log Aggregate,0.5641025641025641,0.35,10.615384615384615,22.153846153846153,0.6526806526806527,0.31264367816091954,0.6539750000000001,0.649,0.393475,0.5605819618750000255525,reconstructed_from_serve_components,3.6153846153846154,6.0,7.45,0.4563758389261745,0.5457317073170732,0.407956175,,,,Serve Liability,Low Return Profile,Balanced BP Profile,Playable Ace Volume,High DF Liability,Low-Data Separation Profile,Low-Data Resistance Profile,,,STALE_NON_AUTHORITATIVE_NOT_REGENERATED,,,
Karolina Pliskova,Hard,40,17,Stable Sample,Complete Profile,0.5714285714285714,0.29411764705882354,9.9375,21.3125,0.6149425287356322,0.30857142857142855,0.6498823529411765,0.6206470588235294,0.3866470588235294,0.575,charting_raw_spw,4.25,5.882352941176471,7.294117647058823,0.43548387096774194,0.5472972972972973,0.424,0.503,1,2.0,Serve Liability,Low Return Profile,Balanced BP Profile,High Ace Upside,High DF Liability,Neutral Separation Profile,Volatile Resistance,Volatile Upside Player,Hard-Neutral,STALE_NON_AUTHORITATIVE_NOT_REGENERATED,,,
Karolina Pliskova,Clay,40,14,Stable Sample,Complete Profile,0.75,0.42857142857142855,11.071428571428571,22.928571428571427,0.6730769230769231,0.3125,0.6605,0.6717142857142856,0.3857142857142857,0.595,charting_raw_spw,2.857142857142857,6.071428571428571,7.928571428571429,0.45045045045045046,0.5565217391304348,0.416,0.505,1.03,3.2,Serve Liability,Low Return Profile,Balanced BP Profile,Playable Ace Volume,High DF Liability,Backdoor Risk,Resistance / Set Extension,Volatile Upside Player,Clay-Neutral,STALE_NON_AUTHORITATIVE_NOT_REGENERATED,,,
Karolina Pliskova,Grass,40,9,Stable Sample,Complete Profile,0.7142857142857143,0.3333333333333333,11.11111111111111,22.444444444444443,0.6868686868686869,0.32,0.6515555555555556,0.6672222222222223,0.4184444444444445,0.582,charting_raw_spw,3.6666666666666665,6.111111111111111,7.0,0.5079365079365079,0.5230769230769231,0.426,0.504,1.02,4.3,Fragile Serve Profile,Low Return Profile,Balanced BP Profile,Grass Ace Boost,High DF Liability,Neutral Separation Profile,Resistance / Set Extension,Volatile Upside Player,Grass-Neutral,STALE_NON_AUTHORITATIVE_NOT_REGENERATED,,,
Katarzyna Kawa,All,35,35,Stable Sample,Raw Match Log Aggregate,0.4857142857142857,0.34285714285714286,10.142857142857142,20.97142857142857,0.5706371191135734,0.40710382513661203,0.5465714285714286,0.6121714285714286,0.4307142857142857,0.5298935755102040959559183673,reconstructed_from_serve_components,2.4814814814814814,3.8285714285714287,8.4,0.5068027210884354,0.5317220543806647,0.45599542857142855,,,,Serve Liability,Strong Return Profile,Creator Profile,Low Ace Profile,Elevated DF Risk,Low-Data Separation Profile,Low-Data Resistance Profile,,,STALE_NON_AUTHORITATIVE_NOT_REGENERATED,,,
Katarzyna Kawa,Hard,35,15,Stable Sample,Complete Profile,0.25,0.4666666666666667,9.333333333333334,22.4,0.5120481927710844,0.32934131736526945,0.5312666666666667,0.6058666666666668,0.37306666666666666,0.518,charting_raw_spw,3.090909090909091,4.666666666666667,7.466666666666667,0.49107142857142855,0.5449438202247191,0.44,0.48,0.91,1.2,Serve Liability,Low Return Profile,Balanced BP Profile,Low Ace Profile,Elevated DF Risk,Backdoor Risk,Resistance / Set Extension,Return-Led Winner,Hard-Liability,STALE_NON_AUTHORITATIVE_NOT_REGENERATED,,,
Katarzyna Kawa,Clay,35,20,Stable Sample,Complete Profile,0.5,0.25,10.75,19.9,0.6205128205128205,0.4723618090452261,0.5580499999999999,0.6169,0.47395,0.57,charting_raw_spw,2.0625,3.2,9.1,0.5164835164835165,0.5163398692810458,0.478,0.525,1.11,6.2,Fragile Serve Profile,Elite Return Profile,Creator Profile,Low Ace Profile,Elevated DF Risk,Break-and-Giveback Risk,Neutral Resistance Profile,Return-Led Winner,Clay-Pressure,STALE_NON_AUTHORITATIVE_NOT_REGENERATED,,,
Katarzyna Kawa,Grass,35,0,No Surface Data,No Surface Match Sample,No Surface W/L,,,,,,,,,,missing_service_components,,,,,,,,,,No Surface Data,No Surface Data,No Surface Data,No Surface Data,No Surface Data,No Surface Data,No Surface Data,,,STALE_NON_AUTHORITATIVE_NOT_REGENERATED,,,
Katerina Siniakova,All,36,36,Stable Sample,Raw Match Log Aggregate,0.5277777777777778,0.3611111111111111,11.277777777777779,22.02777777777778,0.6530612244897959,0.3816793893129771,0.6016111111111112,0.6513333333333334,0.4581388888888889,0.5743668132716049999783950618,reconstructed_from_serve_components,2.7037037037037037,5.114285714285714,9.305555555555555,0.44776119402985076,0.5612903225806452,0.44344819444444444,,,,Average Serve Profile,Strong Return Profile,Creator Profile,Low Ace Profile,High DF Liability,Low-Data Separation Profile,Low-Data Resistance Profile,,,STALE_NON_AUTHORITATIVE_NOT_REGENERATED,,,
Katerina Siniakova,Hard,36,19,Stable Sample,Complete Profile,0.5384615384615384,0.47368421052631576,10.789473684210526,21.94736842105263,0.6038647342995169,0.38461538461538464,0.5930526315789474,0.6250526315789473,0.4322631578947368,0.563,charting_raw_spw,2.3333333333333335,5.842105263157895,9.736842105263158,0.43243243243243246,0.5418994413407822,0.448,0.506,1.03,4.7,Fragile Serve Profile,Strong Return Profile,Creator Profile,Low Ace Profile,High DF Liability,Break-and-Giveback Risk,Resistance / Set Extension,Return-Led Winner,Hard-Pressure,STALE_NON_AUTHORITATIVE_NOT_REGENERATED,,,
Katerina Siniakova,Clay,36,8,Stable Sample,Complete Profile,0.4444444444444444,0.375,12.75,24.0,0.6808510638297872,0.40425531914893614,0.61275,0.63775,0.506625,0.561,charting_raw_spw,2.75,5.142857142857143,9.75,0.48717948717948717,0.6511627906976745,0.472,0.517,1.08,8.1,Average Serve Profile,Strong Return Profile,Creator Profile,Low Ace Profile,Elevated DF Risk,Neutral Separation Profile,Resistance / Set Extension,Balanced Winner,Clay-Control,STALE_NON_AUTHORITATIVE_NOT_REGENERATED,,,
Katerina Siniakova,Grass,36,9,Stable Sample,Complete Profile,0.42857142857142855,0.1111111111111111,11.0,20.444444444444443,0.7362637362637363,0.3516483516483517,0.6097777777777778,0.7188888888888889,0.4696666666666667,0.579,charting_raw_spw,3.375,3.5555555555555554,8.0,0.4444444444444444,0.4666666666666667,0.394,0.488,0.94,4.4,Average Serve Profile,Average Return Profile,Creator Profile,Playable Ace Volume,Elevated DF Risk,Neutral Separation Profile,Serve-Hold Resistance,Volatile Upside Player,Grass-Neutral,STALE_NON_AUTHORITATIVE_NOT_REGENERATED,,,
Katherine Sebov,All,1,1,Low Surface Data,Raw Match Log Aggregate,0.0,0.0,6.0,19.0,0.3333333333333333,0.3333333333333333,0.68,0.44,0.39,0.4240,reconstructed_from_serve_components,0.0,6.0,5.0,0.6,0.14285714285714285,0.39199999999999996,,,,Serve Liability,Average Return Profile,Balanced BP Profile,Low Ace Profile,High DF Liability,Low-Data Separation Profile,Low-Data Resistance Profile,,,STALE_NON_AUTHORITATIVE_NOT_REGENERATED,,,
Katie Boulter,All,43,43,Stable Sample,Raw Match Log Aggregate,0.5714285714285714,0.4186046511627907,11.666666666666666,22.928571428571427,0.6960167714884696,0.33954451345755693,0.5922790697674418,0.6859767441860464,0.43902325581395346,0.5852886381828014217172309356,reconstructed_from_serve_components,3.588235294117647,5.904761904761905,8.348837209302326,0.4568245125348189,0.546875,0.4374553488372093,,,,Fragile Serve Profile,Average Return Profile,Creator Profile,Playable Ace Volume,High DF Liability,Low-Data Separation Profile,Low-Data Resistance Profile,,,STALE_NON_AUTHORITATIVE_NOT_REGENERATED,,,
Katie Boulter,Hard,43,23,Stable Sample,Complete Profile,0.5,0.30434782608695654,11.181818181818182,21.363636363636363,0.7008547008547008,0.3682008368200837,0.5762173913043478,0.6833478260869564,0.46956521739130436,0.559,charting_raw_spw,3.533333333333333,5.2727272727272725,8.043478260869565,0.4756756756756757,0.5302013422818792,0.447,0.501,1.01,5.4,Average Serve Profile,Average Return Profile,Creator Profile,Playable Ace Volume,High DF Liability,Neutral Separation Profile,Resistance / Set Extension,Volatile Upside Player,Hard-Pressure,STALE_NON_AUTHORITATIVE_NOT_REGENERATED,,,
Katie Boulter,Clay,43,11,Stable Sample,Complete Profile,0.4444444444444444,0.45454545454545453,12.181818181818182,24.454545454545453,0.6541353383458647,0.3560606060606061,0.615909090909091,0.653,0.4152727272727273,0.557,charting_raw_spw,4.2,5.2727272727272725,10.272727272727273,0.415929203539823,0.5490196078431373,0.448,0.502,1.01,5.1,Fragile Serve Profile,Average Return Profile,Creator Profile,Playable Ace Volume,Elevated DF Risk,Backdoor Risk,Resistance / Set Extension,Volatile Upside Player,Clay-Neutral,STALE_NON_AUTHORITATIVE_NOT_REGENERATED,,,
Katie Boulter,Grass,43,9,Stable Sample,Complete Profile,0.6363636363636364,0.6666666666666666,12.222222222222221,24.88888888888889,0.7363636363636363,0.25892857142857145,0.6044444444444445,0.7330000000000001,0.39,0.586,charting_raw_spw,3.0,8.222222222222221,6.777777777777778,0.47540983606557374,0.5797101449275363,0.394,0.493,0.95,2.8,Serve Liability,Weak Return Profile,Balanced BP Profile,Grass Ace Boost,High DF Liability,Neutral Separation Profile,Resistance / Set Extension,Volatile Upside Player,Grass-Neutral,STALE_NON_AUTHORITATIVE_NOT_REGENERATED,,,
Katie Swan,All,9,9,Stable Sample,Raw Match Log Aggregate,0.75,0.2222222222222222,11.0,20.25,0.8059701492537313,0.25757575757575757,0.6728571428571429,0.6957142857142857,0.5471428571428572,0.6471102040816326685102040816,reconstructed_from_serve_components,4.142857142857143,2.0,5.571428571428571,0.38461538461538464,0.6904761904761905,0.4082142857142857,,,,Elite Serve Profile,Weak Return Profile,Balanced BP Profile,High Ace Upside,Moderate DF Profile,Low-Data Separation Profile,Low-Data Resistance Profile,,,STALE_NON_AUTHORITATIVE_NOT_REGENERATED,,,
Katie Swan,Hard,9,5,Usable / Thin,Complete Profile,0.6875,0.2,10.0,19.8,0.78125,0.15625,0.66,0.69,0.54,0.595,charting_raw_spw,3.6666666666666665,1.0,3.6666666666666665,0.45454545454545453,0.6956521739130435,0.493,0.542,1.22,7.5,Elite Serve Profile,Weak Return Profile,Balanced BP Profile,Playable Ace Volume,Clean DF Profile,Serve-Led Separator,Serve-Hold Resistance,Volatile Upside Player,Hard-Control,STALE_NON_AUTHORITATIVE_NOT_REGENERATED,,,
Katie Swan,Grass,9,4,Usable / Thin,Low Surface Sample,0.6,0.25,12.5,21.0,0.8285714285714286,0.35294117647058826,0.6825,0.7,0.5525,0.609,charting_raw_spw,4.5,2.75,7.0,0.35714285714285715,0.6842105263157895,0.42,0.505,1.07,7.5,Stable Serve Profile,Average Return Profile,Balanced BP Profile,Grass Ace Boost,Elevated DF Risk,Neutral Separation Profile,Serve-Hold Resistance,Volatile Upside Player,Grass-Control,STALE_NON_AUTHORITATIVE_NOT_REGENERATED,,,
Katie Volynets,All,43,43,Stable Sample,Raw Match Log Aggregate,0.627906976744186,0.3023255813953488,11.428571428571429,21.162790697674417,0.6367614879649891,0.4276315789473684,0.7473953488372094,0.6004186046511628,0.4586511627906977,0.5646074894537588157958896701,reconstructed_from_serve_components,2.586206896551724,1.8333333333333333,9.511627906976743,0.4767726161369193,0.5103244837758112,0.4867100465116279,,,,Fragile Serve Profile,Elite Return Profile,Creator Profile,Low Ace Profile,Clean DF Profile,Low-Data Separation Profile,Low-Data Resistance Profile,,,STALE_NON_AUTHORITATIVE_NOT_REGENERATED,,,
Katie Volynets,Hard,43,24,Stable Sample,Complete Profile,0.3684210526315789,0.20833333333333334,11.347826086956522,20.291666666666668,0.6546184738955824,0.42276422764227645,0.7498333333333334,0.6150416666666666,0.42875,0.538,charting_raw_spw,2.5,1.8823529411764706,9.083333333333334,0.47706422018348627,0.5141242937853108,0.434,0.487,0.94,6.4,Fragile Serve Profile,Strong Return Profile,Creator Profile,Low Ace Profile,Moderate DF Profile,Break-and-Giveback Risk,Neutral Resistance Profile,Return-Led Winner,Hard-Pressure,STALE_NON_AUTHORITATIVE_NOT_REGENERATED,,,
Katie Volynets,Clay,43,10,Stable Sample,Complete Profile,0.2857142857142857,0.4,11.5,21.0,0.5714285714285714,0.5288461538461539,0.7386,0.5611,0.5405,0.519,charting_raw_spw,1.6666666666666667,2.1666666666666665,10.9,0.5045871559633027,0.4578313253012048,0.446,0.483,0.93,3.9,Serve Liability,Elite Return Profile,Strong Creator / Weak Survivor,Low Ace Profile,Clean DF Profile,Break-and-Giveback Risk,Volatile Resistance,Return-Led Winner,Clay-Pressure,STALE_NON_AUTHORITATIVE_NOT_REGENERATED,,,
Katie Volynets,Grass,43,9,Stable Sample,Complete Profile,0.25,0.4444444444444444,11.555555555555555,23.666666666666668,0.6601941747572816,0.33962264150943394,0.7506666666666666,0.6051111111111112,0.4474444444444444,0.507,charting_raw_spw,3.5714285714285716,1.4285714285714286,9.11111111111111,0.43902439024390244,0.5569620253164557,0.434,0.47,0.88,3.7,Average Serve Profile,Average Return Profile,Creator Profile,Playable Ace Volume,Moderate DF Profile,Backdoor Risk,Resistance / Set Extension,Return-Led Winner,Grass-Neutral,STALE_NON_AUTHORITATIVE_NOT_REGENERATED,,,
Katrina Scott,All,2,2,Low Surface Data,Raw Match Log Aggregate,0.0,0.0,5.5,17.5,0.5294117647058824,0.1111111111111111,0.69,0.525,0.455,0.50330,reconstructed_from_serve_components,0.0,2.0,2.0,0.5,0.5555555555555556,0.29845,,,,Serve Liability,Weak Return Profile,Balanced BP Profile,Low Ace Profile,Moderate DF Profile,Low-Data Separation Profile,Low-Data Resistance Profile,,,STALE_NON_AUTHORITATIVE_NOT_REGENERATED,,,
Kayla Cross,All,3,3,Usable / Thin,Raw Match Log Aggregate,0.6666666666666666,0.0,10.333333333333334,21.666666666666668,0.6774193548387096,0.3225806451612903,0.58,0.57,0.5133333333333333,0.546199999999999986,reconstructed_from_serve_components,1.6666666666666667,3.3333333333333335,9.333333333333334,0.35714285714285715,0.5454545454545454,0.4280333333333333,,,,Fragile Serve Profile,Low Return Profile,Balanced BP Profile,Opponent-Dependent Ace Profile,Elevated DF Risk,Low-Data Separation Profile,Low-Data Resistance Profile,,,STALE_NON_AUTHORITATIVE_NOT_REGENERATED,,,
Kayla Cross,Hard,3,3,Usable / Thin,Complete Profile,0.6666666666666666,0.0,10.333333333333334,21.666666666666668,0.6774193548387096,0.3225806451612903,0.58,0.57,0.5133333333333333,0.556,charting_raw_spw,1.6666666666666667,3.3333333333333335,9.333333333333334,0.35714285714285715,0.5454545454545454,0.465,0.51,1.05,6.1,Fragile Serve Profile,Low Return Profile,Balanced BP Profile,Opponent-Dependent Ace Profile,Elevated DF Risk,Backdoor Risk,Neutral Resistance Profile,Return-Led Winner,Hard-Neutral,STALE_NON_AUTHORITATIVE_NOT_REGENERATED,,,
Kayla Day,All,37,37,Stable Sample,Raw Match Log Aggregate,0.6216216216216216,0.24324324324324326,11.233333333333333,20.91891891891892,0.7115987460815048,0.3514376996805112,0.6421333333333333,0.6793333333333333,0.5055333333333333,0.6171361066666666275400000000,reconstructed_from_serve_components,4.866666666666666,3.3461538461538463,6.891891891891892,0.43137254901960786,0.6150442477876106,0.44377780000000006,,,,Average Serve Profile,Average Return Profile,Balanced BP Profile,High Ace Upside,Moderate DF Profile,Low-Data Separation Profile,Low-Data Resistance Profile,,,STALE_NON_AUTHORITATIVE_NOT_REGENERATED,,,
Kayla Day,Hard,37,25,Stable Sample,Complete Profile,0.25925925925925924,0.28,10.944444444444445,20.84,0.6598984771573604,0.3526315789473684,0.6250555555555555,0.6635555555555556,0.49583333333333335,0.556,charting_raw_spw,5.5,3.4705882352941178,6.36,0.42138364779874216,0.5894039735099338,0.372,0.466,0.84,3.0,Average Serve Profile,Low Return Profile,Balanced BP Profile,High Ace Upside,Moderate DF Profile,Backdoor Risk,Volatile Resistance,Volatile Upside Player,Hard-Neutral,STALE_NON_AUTHORITATIVE_NOT_REGENERATED,,,
Kayla Day,Grass,37,6,Stable Sample,Complete Profile,0.0,0.0,10.166666666666666,19.166666666666668,0.7592592592592593,0.35714285714285715,0.6843333333333333,0.6920000000000001,0.5015,0.596,charting_raw_spw,2.5,3.2,8.5,0.39215686274509803,0.6829268292682927,0.326,0.467,0.81,5.4,Stable Serve Profile,Weak Return Profile,Balanced BP Profile,Grass Ace Boost,Moderate DF Profile,Low Separation Profile,Serve-Hold Resistance,Volatile Upside Player,Grass-Pressure,STALE_NON_AUTHORITATIVE_NOT_REGENERATED,,,
Kimberly Birrell,All,42,42,Stable Sample,Raw Match Log Aggregate,0.5476190476190477,0.38095238095238093,11.642857142857142,22.595238095238095,0.6645021645021645,0.3880597014925373,0.6392857142857143,0.6475714285714287,0.4326904761904762,0.5700607993197279798554421769,reconstructed_from_serve_components,2.757575757575758,5.2682926829268295,9.214285714285714,0.4702842377260982,0.5682451253481894,0.4570257857142857,,,,Fragile Serve Profile,Strong Return Profile,Creator Profile,Low Ace Profile,High DF Liability,Low-Data Separation Profile,Low-Data Resistance Profile,,,STALE_NON_AUTHORITATIVE_NOT_REGENERATED,,,
Kimberly Birrell,Hard,42,23,Stable Sample,Complete Profile,0.5,0.391304347826087,11.956521739130435,22.695652173913043,0.6456692913385826,0.43359375,0.6256086956521739,0.6358260869565218,0.44026086956521737,0.567,charting_raw_spw,2.388888888888889,5.739130434782608,9.478260869565217,0.5091743119266054,0.5794392523364486,0.426,0.495,0.98,5.3,Fragile Serve Profile,Strong Return Profile,Creator Profile,Low Ace Profile,High DF Liability,Break-and-Giveback Risk,Resistance / Set Extension,Return-Led Winner,Hard-Pressure,STALE_NON_AUTHORITATIVE_NOT_REGENERATED,,,
Kimberly Birrell,Clay,42,5,Usable / Thin,Complete Profile,0.3333333333333333,0.6,11.0,23.8,0.5789473684210527,0.36666666666666664,0.6694,0.5876,0.39160000000000006,0.473,charting_raw_spw,1.75,6.75,9.6,0.4583333333333333,0.38461538461538464,0.512,0.494,0.97,1.6,Serve Liability,Average Return Profile,Creator Profile,Low Ace Profile,High DF Liability,Backdoor Risk,Resistance / Set Extension,Return-Led Winner,Clay-Neutral,STALE_NON_AUTHORITATIVE_NOT_REGENERATED,,,
Kimberly Birrell,Grass,42,14,Stable Sample,Complete Profile,0.2857142857142857,0.2857142857142857,11.357142857142858,22.0,0.7284768211920529,0.3202614379084967,0.6509999999999999,0.6882857142857144,0.4349285714285714,0.581,charting_raw_spw,3.727272727272727,4.071428571428571,8.642857142857142,0.4049586776859504,0.6132075471698113,0.374,0.474,0.89,3.4,Fragile Serve Profile,Low Return Profile,Creator Profile,Playable Ace Volume,Elevated DF Risk,Low Separation Profile,Serve-Hold Resistance,Volatile Upside Player,Grass-Neutral,STALE_NON_AUTHORITATIVE_NOT_REGENERATED,,,
Knutson G.,All,6,6,Stable Sample,Raw Match Log Aggregate,0.5,0.5,10.666666666666666,21.833333333333332,0.676923076923077,0.30303030303030304,0.578,0.648,0.4182,0.5510244,reconstructed_from_serve_components,1.8,4.4,7.166666666666667,0.3953488372093023,0.574468085106383,0.41684,,,,Fragile Serve Profile,Low Return Profile,Balanced BP Profile,Opponent-Dependent Ace Profile,Elevated DF Risk,Low-Data Separation Profile,Low-Data Resistance Profile,,,STALE_NON_AUTHORITATIVE_NOT_REGENERATED,,,
Kristina Liutova,All,7,7,Stable Sample,Raw Match Log Aggregate,0.8333333333333334,0.2857142857142857,12.0,21.166666666666668,0.6612903225806451,0.3114754098360656,0.568,0.7020000000000001,0.424,0.5819040000000000568,reconstructed_from_serve_components,4.0,7.2,8.4,0.42857142857142855,0.62,0.40814000000000006,,,,Fragile Serve Profile,Low Return Profile,Creator Profile,Playable Ace Volume,High DF Liability,Low-Data Separation Profile,Low-Data Resistance Profile,,,STALE_NON_AUTHORITATIVE_NOT_REGENERATED,,,
Kristina Liutova,Hard,7,7,Stable Sample,Charting Raw Missing,No Surface W/L,0.2857142857142857,12.0,21.166666666666668,0.6612903225806451,0.3114754098360656,0.568,0.7020000000000001,0.424,0.5819040000000000568,reconstructed_from_serve_components,4.0,7.2,8.4,0.42857142857142855,0.62,0.40814000000000006,,,,Fragile Serve Profile,Low Return Profile,Creator Profile,Playable Ace Volume,High DF Liability,Low-Data Separation Profile,Low-Data Resistance Profile,,,STALE_NON_AUTHORITATIVE_NOT_REGENERATED,,,
Kristina Liutova,Clay,7,0,No Surface Data,Charting Raw Missing,No Surface W/L,,,,,,,,,,missing_service_components,,,,,,,,,,No Surface Data,No Surface Data,No Surface Data,No Surface Data,No Surface Data,No Surface Data,No Surface Data,,,STALE_NON_AUTHORITATIVE_NOT_REGENERATED,,,
Kristina Liutova,Grass,7,0,No Surface Data,Charting Raw Missing,No Surface W/L,,,,,,,,,,missing_service_components,,,,,,,,,,No Surface Data,No Surface Data,No Surface Data,No Surface Data,No Surface Data,No Surface Data,No Surface Data,,,STALE_NON_AUTHORITATIVE_NOT_REGENERATED,,,
Kristina Zaytseva,All,1,1,Low Surface Data,Raw Match Log Aggregate,0.0,0.0,,13.0,1.0,0.0,0.58,0.59,0.29,0.4640,reconstructed_from_serve_components,0.0,1.0,1.0,0.0,0.2857142857142857,0.33940000000000003,,,,Serve Liability,Weak Return Profile,Low Pressure / Weak Survivor,Low Ace Profile,Elevated DF Risk,Low-Data Separation Profile,Low-Data Resistance Profile,,,STALE_NON_AUTHORITATIVE_NOT_REGENERATED,,,
Kurt I.,All,2,2,Low Surface Data,Raw Match Log Aggregate,0.0,1.0,11.0,26.0,0.6153846153846154,0.21428571428571427,0.58,0.63,0.43,0.5460,reconstructed_from_serve_components,4.0,7.0,5.0,0.6,0.5833333333333334,0.4088,,,,Fragile Serve Profile,Weak Return Profile,Balanced BP Profile,Playable Ace Volume,High DF Liability,Low-Data Separation Profile,Low-Data Resistance Profile,,,STALE_NON_AUTHORITATIVE_NOT_REGENERATED,,,
Kyoka Okamura,All,3,3,Usable / Thin,Raw Match Log Aggregate,0.0,0.0,9.5,18.333333333333332,0.7142857142857143,0.18181818181818182,0.555,0.76,0.38,0.59090,reconstructed_from_serve_components,6.0,4.5,6.5,0.3076923076923077,0.5714285714285714,0.42110000000000003,,,,Serve Liability,Weak Return Profile,Balanced BP Profile,High Ace Upside,Elevated DF Risk,Low-Data Separation Profile,Low-Data Resistance Profile,,,STALE_NON_AUTHORITATIVE_NOT_REGENERATED,,,
Lanlana Tararudee,All,50,50,Stable Sample,Raw Match Log Aggregate,0.68,0.36,12.023255813953488,22.3,0.7002053388090349,0.37130801687763715,0.6014651162790698,0.6701162790697675,0.4791627906976744,0.5940146527852893793636019470,reconstructed_from_serve_components,3.1315789473684212,4.205128205128205,7.72,0.45595854922279794,0.5780346820809249,0.4526908604651163,,,,Average Serve Profile,Average Return Profile,Balanced BP Profile,Playable Ace Volume,Elevated DF Risk,Low-Data Separation Profile,Low-Data Resistance Profile,,,STALE_NON_AUTHORITATIVE_NOT_REGENERATED,,,
Lanlana Tararudee,Hard,50,36,Stable Sample,Complete Profile,0.5454545454545454,0.3611111111111111,12.448275862068966,22.083333333333332,0.723404255319149,0.3867924528301887,0.5832068965517242,0.686344827586207,0.4867241379310345,0.558,charting_raw_spw,3.52,4.615384615384615,7.722222222222222,0.44244604316546765,0.6111111111111112,0.452,0.504,1.02,5.8,Stable Serve Profile,Strong Return Profile,Balanced BP Profile,Playable Ace Volume,Elevated DF Risk,Neutral Separation Profile,Resistance / Set Extension,Volatile Upside Player,Hard-Pressure,STALE_NON_AUTHORITATIVE_NOT_REGENERATED,,,
Lanlana Tararudee,Grass,50,8,Stable Sample,Complete Profile,0.5,0.25,10.625,23.0,0.7,0.24719101123595505,0.629875,0.6552500000000001,0.47574999999999995,0.638,charting_raw_spw,2.625,3.142857142857143,5.875,0.46808510638297873,0.4,0.351,0.492,0.97,2.3,Average Serve Profile,Weak Return Profile,Balanced BP Profile,Grass Ace Boost,Moderate DF Profile,Neutral Separation Profile,Serve-Hold Resistance,Serve-Led Winner,Grass-Neutral,STALE_NON_AUTHORITATIVE_NOT_REGENERATED,,,
Laura Samson,All,41,41,Stable Sample,Raw Match Log Aggregate,0.4878048780487805,0.2926829268292683,9.346153846153847,21.24390243902439,0.5433070866141733,0.40229885057471265,0.5652307692307692,0.5917307692307692,0.4295384615384615,0.5212145443786981857479289941,reconstructed_from_serve_components,2.1904761904761907,5.038461538461538,5.439024390243903,0.47085201793721976,0.5063829787234042,0.45045134615384613,,,,Serve Liability,Strong Return Profile,Balanced BP Profile,Low Ace Profile,High DF Liability,Low-Data Separation Profile,Low-Data Resistance Profile,,,STALE_NON_AUTHORITATIVE_NOT_REGENERATED,,,
Laura Samson,Hard,41,18,Stable Sample,Complete Profile,0.0,0.2777777777777778,7.222222222222222,20.77777777777778,0.44871794871794873,0.38461538461538464,0.5767777777777777,0.5757777777777778,0.3674444444444444,0.446,charting_raw_spw,2.111111111111111,5.444444444444445,3.0555555555555554,0.5454545454545454,0.4266666666666667,0.446,0.446,0.81,1.0,Serve Liability,Strong Return Profile,Low Pressure / Weak Survivor,Playable Ace Volume,High DF Liability,Break-and-Giveback Risk,Collapse Risk,Return-Led Winner,Hard-Pressure,STALE_NON_AUTHORITATIVE_NOT_REGENERATED,,,
Laura Samson,Clay,41,22,Stable Sample,Complete Profile,0.875,0.3181818181818182,10.470588235294118,21.727272727272727,0.5852272727272727,0.4098360655737705,0.5591176470588235,0.6001764705882353,0.46241176470588236,0.576,charting_raw_spw,2.25,4.823529411764706,7.636363636363637,0.44642857142857145,0.54375,0.527,0.551,1.24,6.7,Fragile Serve Profile,Strong Return Profile,Balanced BP Profile,Low Ace Profile,High DF Liability,Break-and-Giveback Risk,Resistance / Set Extension,Return-Led Winner,Clay-Neutral,STALE_NON_AUTHORITATIVE_NOT_REGENERATED,,,
Laura Samson,Grass,41,1,Low Surface Data,Core Profile Stats Missing,No Surface W/L,0.0,,19.0,,,,,,,missing_service_components,,,0.0,,,,,,,Low-Data Serve Profile,Low-Data Return Profile,Low-Data BP Profile,Low-Data Ace Profile,Low-Data DF Profile,Low-Data Separation Profile,Low-Data Resistance Profile,,,STALE_NON_AUTHORITATIVE_NOT_REGENERATED,,,
Laura Siegemund,All,30,30,Stable Sample,Raw Match Log Aggregate,0.5,0.4,11.3,23.033333333333335,0.655786350148368,0.34502923976608185,0.7408666666666666,0.5994,0.45519999999999994,0.5620329733333333081720000000,reconstructed_from_serve_components,1.8888888888888888,3.0,8.6,0.4573643410852713,0.5671641791044776,0.43802833333333335,,,,Fragile Serve Profile,Average Return Profile,Creator Profile,Low Ace Profile,Moderate DF Profile,Low-Data Separation Profile,Low-Data Resistance Profile,,,STALE_NON_AUTHORITATIVE_NOT_REGENERATED,,,
Laura Siegemund,Hard,30,13,Stable Sample,Complete Profile,0.45,0.5384615384615384,11.692307692307692,25.307692307692307,0.63125,0.3148148148148148,0.7299230769230769,0.5795384615384616,0.46715384615384614,0.55,charting_raw_spw,1.9,3.6666666666666665,9.384615384615385,0.4180327868852459,0.553030303030303,0.43,0.489,0.95,2.1,Fragile Serve Profile,Low Return Profile,Creator Profile,Low Ace Profile,Moderate DF Profile,Backdoor Risk,Resistance / Set Extension,Return-Led Winner,Hard-Neutral,STALE_NON_AUTHORITATIVE_NOT_REGENERATED,,,
Laura Siegemund,Clay,30,8,Stable Sample,Complete Profile,0.5,0.375,11.125,22.375,0.6206896551724138,0.39325842696629215,0.744375,0.5715,0.45475,0.538,charting_raw_spw,1.8,2.7142857142857144,8.75,0.5,0.6162790697674418,0.473,0.506,1.02,5.8,Fragile Serve Profile,Strong Return Profile,Creator Profile,Low Ace Profile,Moderate DF Profile,Break-and-Giveback Risk,Resistance / Set Extension,Return-Led Winner,Clay-Neutral,STALE_NON_AUTHORITATIVE_NOT_REGENERATED,,,
Laura Siegemund,Grass,30,9,Stable Sample,Complete Profile,0.5555555555555556,0.2222222222222222,10.88888888888889,20.333333333333332,0.7333333333333333,0.3516483516483517,0.7535555555555555,0.652888888888889,0.43833333333333335,0.59,charting_raw_spw,2.0,2.142857142857143,7.333333333333333,0.48484848484848486,0.52,0.431,0.51,1.05,8.6,Fragile Serve Profile,Average Return Profile,Balanced BP Profile,Low Ace Profile,Moderate DF Profile,Controlled Separator,Serve-Hold Resistance,Return-Led Winner,Grass-Control,STALE_NON_AUTHORITATIVE_NOT_REGENERATED,,,
Leolia Jeanjean,All,43,43,Stable Sample,Raw Match Log Aggregate,0.627906976744186,0.4418604651162791,12.17142857142857,23.46511627906977,0.6736111111111112,0.3237410071942446,0.5737714285714286,0.6496571428571428,0.4675714285714286,0.5720470089795918213281632653,reconstructed_from_serve_components,3.625,4.8,7.465116279069767,0.4143302180685358,0.591715976331361,0.43674625714285714,,,,Average Serve Profile,Low Return Profile,Balanced BP Profile,Playable Ace Volume,Elevated DF Risk,Low-Data Separation Profile,Low-Data Resistance Profile,,,STALE_NON_AUTHORITATIVE_NOT_REGENERATED,,,
Leolia Jeanjean,Hard,43,26,Stable Sample,Complete Profile,0.0,0.38461538461538464,11.777777777777779,22.46153846153846,0.6454545454545455,0.3286384976525822,0.5575555555555556,0.6361666666666665,0.46955555555555556,0.505,charting_raw_spw,3.5625,4.944444444444445,6.346153846153846,0.4121212121212121,0.5664739884393064,0.365,0.432,0.74,2.0,Fragile Serve Profile,Low Return Profile,Balanced BP Profile,Playable Ace Volume,Elevated DF Risk,Backdoor Risk,Resistance / Set Extension,Volatile Upside Player,Hard-Resistance,STALE_NON_AUTHORITATIVE_NOT_REGENERATED,,,
Leolia Jeanjean,Grass,43,4,Usable / Thin,Low Surface Sample,0.5,0.5,14.0,24.0,0.7959183673469388,0.3695652173913043,0.5245000000000001,0.7175,0.58275,0.555,charting_raw_spw,4.0,4.0,9.25,0.4594594594594595,0.6428571428571429,0.435,0.492,0.98,6.8,Stable Serve Profile,Average Return Profile,Creator Profile,Playable Ace Volume,Elevated DF Risk,Neutral Separation Profile,Resistance / Set Extension,Volatile Upside Player,Grass-Pressure,STALE_NON_AUTHORITATIVE_NOT_REGENERATED,,,
Leylah Fernandez,All,45,45,Stable Sample,Raw Match Log Aggregate,0.4888888888888889,0.26666666666666666,11.045454545454545,21.444444444444443,0.7389473684210527,0.29094827586206895,0.6157954545454545,0.6750909090909092,0.47836363636363644,0.5995073966942149636078512396,reconstructed_from_serve_components,3.361111111111111,4.4772727272727275,7.136363636363637,0.4299363057324841,0.6374269005847953,0.408551090909091,,,,Stable Serve Profile,Low Return Profile,Balanced BP Profile,Playable Ace Volume,Elevated DF Risk,Low-Data Separation Profile,Low-Data Resistance Profile,,,STALE_NON_AUTHORITATIVE_NOT_REGENERATED,,,
Leylah Fernandez,Hard,45,25,Stable Sample,Complete Profile,0.5675675675675675,0.28,10.583333333333334,21.04,0.7297297297297297,0.2589641434262948,0.6000833333333333,0.6824583333333334,0.4688333333333333,0.608,charting_raw_spw,3.619047619047619,4.333333333333333,6.75,0.4012345679012346,0.6256684491978609,0.416,0.51,1.06,6.8,Average Serve Profile,Weak Return Profile,Balanced BP Profile,Playable Ace Volume,Elevated DF Risk,Serve-Led Separator,Serve-Hold Resistance,Volatile Upside Player,Hard-Control,STALE_NON_AUTHORITATIVE_NOT_REGENERATED,,,
Leylah Fernandez,Clay,45,13,Stable Sample,Complete Profile,0.5714285714285714,0.3076923076923077,11.76923076923077,22.0,0.7375886524822695,0.35,0.6406153846153846,0.6582307692307693,0.4753076923076923,0.589,charting_raw_spw,3.111111111111111,5.230769230769231,8.461538461538462,0.44545454545454544,0.6666666666666666,0.434,0.513,1.06,7.6,Stable Serve Profile,Average Return Profile,Creator Profile,Opponent-Dependent Ace Profile,High DF Liability,Controlled Separator,Resistance / Set Extension,Balanced Winner,Clay-Control,STALE_NON_AUTHORITATIVE_NOT_REGENERATED,,,
Leylah Fernandez,Grass,45,7,Stable Sample,Complete Profile,0.4444444444444444,0.14285714285714285,11.285714285714286,21.857142857142858,0.7733333333333333,0.2876712328767123,0.6235714285714286,0.6811428571428572,0.5167142857142857,0.611,charting_raw_spw,2.8333333333333335,3.5714285714285716,6.0,0.5,0.6136363636363636,0.407,0.511,1.05,7.0,Stable Serve Profile,Low Return Profile,Balanced BP Profile,Grass Ace Boost,Elevated DF Risk,Neutral Separation Profile,Serve-Hold Resistance,Volatile Upside Player,Grass-Control,STALE_NON_AUTHORITATIVE_NOT_REGENERATED,,,
Leyre Romero Gormaz,All,23,23,Stable Sample,Raw Match Log Aggregate,0.4782608695652174,0.391304347826087,10.173913043478262,21.043478260869566,0.5643153526970954,0.4083333333333333,0.5904347826086956,0.6173913043478261,0.41995652173913045,0.5365288846880907408729678639,reconstructed_from_serve_components,1.7272727272727273,4.608695652173913,9.869565217391305,0.43171806167400884,0.4473684210526316,0.47073043478260873,,,,Serve Liability,Strong Return Profile,Creator Profile,Opponent-Dependent Ace Profile,Pressure DF Risk,Low-Data Separation Profile,Low-Data Resistance Profile,,,STALE_NON_AUTHORITATIVE_NOT_REGENERATED,,,
Leyre Romero Gormaz,Clay,23,23,Stable Sample,Complete Profile,0.5909090909090909,0.391304347826087,10.173913043478262,21.043478260869566,0.5643153526970954,0.4083333333333333,0.5904347826086956,0.6173913043478261,0.41995652173913045,0.543,charting_raw_spw,1.7272727272727273,4.608695652173913,9.869565217391305,0.43171806167400884,0.4473684210526316,0.485,0.514,1.06,4.5,Serve Liability,Strong Return Profile,Creator Profile,Opponent-Dependent Ace Profile,Pressure DF Risk,Break-and-Giveback Risk,Collapse Risk,Volatile Upside Player,Clay-Neutral,STALE_NON_AUTHORITATIVE_NOT_REGENERATED,,,
Lia Karatancheva,All,1,1,Low Surface Data,Raw Match Log Aggregate,0.0,1.0,14.0,31.0,0.6666666666666666,0.25,0.59,0.63,0.44,0.5521,reconstructed_from_serve_components,1.0,3.0,8.0,0.5,0.5454545454545454,0.40440000000000004,,,,Average Serve Profile,Weak Return Profile,Creator Profile,Low Ace Profile,Moderate DF Profile,Low-Data Separation Profile,Low-Data Resistance Profile,,,STALE_NON_AUTHORITATIVE_NOT_REGENERATED,,,
Lilli Tagger,All,37,37,Stable Sample,Raw Match Log Aggregate,0.5945945945945946,0.21621621621621623,11.058823529411764,20.486486486486488,0.7106741573033708,0.3445378151260504,0.6741764705882352,0.6701470588235294,0.46244117647058824,0.6024715951557093166135640138,reconstructed_from_serve_components,4.32258064516129,3.193548387096774,7.5675675675675675,0.4392857142857143,0.5093457943925234,0.4405814411764706,,,,Average Serve Profile,Average Return Profile,Balanced BP Profile,High Ace Upside,Moderate DF Profile,Low-Data Separation Profile,Low-Data Resistance Profile,,,STALE_NON_AUTHORITATIVE_NOT_REGENERATED,,,
Lilli Tagger,Hard,37,24,Stable Sample,Complete Profile,0.7333333333333333,0.16666666666666666,11.142857142857142,19.541666666666668,0.7476635514018691,0.3474178403755869,0.661047619047619,0.6923333333333334,0.46823809523809523,0.608,charting_raw_spw,5.052631578947368,3.0,6.833333333333333,0.45121951219512196,0.5462184873949579,0.442,0.523,1.13,7.3,Average Serve Profile,Average Return Profile,Balanced BP Profile,High Ace Upside,Moderate DF Profile,Controlled Separator,Serve-Hold Resistance,Volatile Upside Player,Hard-Control,STALE_NON_AUTHORITATIVE_NOT_REGENERATED,,,
Lilli Tagger,Grass,37,1,Low Surface Data,Low Surface Sample,0.0,1.0,17.0,35.0,0.8235294117647058,0.17647058823529413,0.657,0.7829999999999999,0.43200000000000005,0.682,charting_raw_spw,7.0,9.0,5.0,0.6,0.4,0.306,0.493,0.96,2.1,Serve Liability,Weak Return Profile,Balanced BP Profile,Grass Ace Boost,High DF Liability,Neutral Separation Profile,Resistance / Set Extension,Volatile Upside Player,Grass-Neutral,STALE_NON_AUTHORITATIVE_NOT_REGENERATED,,,
Lilli Tagger Rothensteiner,All,1,1,Low Surface Data,Raw Match Log Aggregate,0.0,0.0,,17.0,,,,,,,missing_service_components,,,,,,,,,,Low-Data Serve Profile,Low-Data Return Profile,Low-Data BP Profile,Low-Data Ace Profile,Low-Data DF Profile,Low-Data Separation Profile,Low-Data Resistance Profile,,,STALE_NON_AUTHORITATIVE_NOT_REGENERATED,,,
Lin Zhu,All,37,37,Stable Sample,Raw Match Log Aggregate,0.5405405405405406,0.2702702702702703,10.8,19.54054054054054,0.6645962732919255,0.3525641025641026,0.6826666666666666,0.6205333333333333,0.47159999999999996,0.5732718222222221768444444445,reconstructed_from_serve_components,2.25,3.1666666666666665,3.918918918918919,0.3793103448275862,0.5609756097560976,0.45064740000000003,,,,Average Serve Profile,Average Return Profile,Balanced BP Profile,Low Ace Profile,Moderate DF Profile,Low-Data Separation Profile,Low-Data Resistance Profile,,,STALE_NON_AUTHORITATIVE_NOT_REGENERATED,,,
Lin Zhu,Hard,37,30,Stable Sample,Complete Profile,0.375,0.2,11.1,18.533333333333335,0.6698113207547169,0.39215686274509803,0.6921,0.6069,0.5073000000000001,0.549,charting_raw_spw,2.125,2.4285714285714284,3.1666666666666665,0.42105263157894735,0.5512820512820513,0.445,0.496,0.99,5.8,Average Serve Profile,Strong Return Profile,Balanced BP Profile,Low Ace Profile,Clean DF Profile,Break-and-Giveback Risk,Neutral Resistance Profile,Return-Led Winner,Hard-Pressure,STALE_NON_AUTHORITATIVE_NOT_REGENERATED,,,
Lin Zhu,Clay,37,2,Low Surface Data,Core Profile Stats Missing,No Surface W/L,1.0,,28.0,,,,,,,missing_service_components,,,0.0,,,,,,,Low-Data Serve Profile,Low-Data Return Profile,Low-Data BP Profile,Low-Data Ace Profile,Low-Data DF Profile,Low-Data Separation Profile,Low-Data Resistance Profile,,,STALE_NON_AUTHORITATIVE_NOT_REGENERATED,,,
Lin Zhu,Grass,37,5,Usable / Thin,Complete Profile,0.3333333333333333,0.4,10.2,22.2,0.6545454545454545,0.2777777777777778,0.6638,0.6478,0.40020000000000006,0.552,charting_raw_spw,2.5,4.2,10.0,0.3,0.5777777777777777,0.415,0.481,0.92,2.4,Fragile Serve Profile,Weak Return Profile,Balanced BP Profile,Low Ace Profile,Elevated DF Risk,Neutral Separation Profile,Volatile Resistance,Balanced Winner,Grass-Neutral,STALE_NON_AUTHORITATIVE_NOT_REGENERATED,,,
Linda Fruhvirtova,All,11,11,Stable Sample,Raw Match Log Aggregate,0.45454545454545453,0.36363636363636365,11.3,22.545454545454547,0.6761904761904762,0.3925233644859813,0.623,0.6579999999999999,0.43700000000000006,0.57468299999999996032,reconstructed_from_serve_components,2.9,4.1,10.7,0.42990654205607476,0.47058823529411764,0.47306,,,,Fragile Serve Profile,Strong Return Profile,Strong Creator / Weak Survivor,Playable Ace Volume,Pressure DF Risk,Low-Data Separation Profile,Low-Data Resistance Profile,,,STALE_NON_AUTHORITATIVE_NOT_REGENERATED,,,
Linda Fruhvirtova,Hard,11,10,Stable Sample,Complete Profile,0.3333333333333333,0.4,12.222222222222221,23.3,0.7010309278350515,0.42,0.6177777777777778,0.6733333333333333,0.45333333333333337,0.537,charting_raw_spw,2.888888888888889,4.222222222222222,11.88888888888889,0.42990654205607476,0.4918032786885246,0.448,0.493,0.97,4.9,Average Serve Profile,Elite Return Profile,Strong Creator / Weak Survivor,Playable Ace Volume,Elevated DF Risk,Neutral Separation Profile,Resistance / Set Extension,Volatile Upside Player,Hard-Pressure,STALE_NON_AUTHORITATIVE_NOT_REGENERATED,,,
Linda Fruhvirtova,Clay,11,0,No Surface Data,No Surface Match Sample,0.0,,,,,,,,,0.407,charting_raw_spw,,,,,,0.444,0.426,0.75,,No Surface Data,No Surface Data,No Surface Data,No Surface Data,No Surface Data,No Surface Data,No Surface Data,,,STALE_NON_AUTHORITATIVE_NOT_REGENERATED,,,
Linda Fruhvirtova,Grass,11,1,Low Surface Data,Low Surface Sample,No Surface W/L,0.0,3.0,15.0,0.375,0.0,0.67,0.52,0.29,0.4441,reconstructed_from_serve_components,3.0,3.0,0.0,,0.2857142857142857,0.245,,,,Serve Liability,Weak Return Profile,Low-Data BP Profile,High Ace Upside,Pressure DF Risk,Low-Data Separation Profile,Low-Data Resistance Profile,,,STALE_NON_AUTHORITATIVE_NOT_REGENERATED,,,
Linda Noskova,All,56,56,Stable Sample,Raw Match Log Aggregate,0.7142857142857143,0.2857142857142857,11.785714285714286,21.553571428571427,0.8067226890756303,0.30354131534569984,0.61375,0.7372857142857143,0.4945357142857143,0.643523526785714300000,reconstructed_from_serve_components,7.4363636363636365,5.0,7.339285714285714,0.43552311435523117,0.6477987421383647,0.41915248214285716,,,,Stable Serve Profile,Low Return Profile,Balanced BP Profile,High Ace Upside,High DF Liability,Low-Data Separation Profile,Low-Data Resistance Profile,,,STALE_NON_AUTHORITATIVE_NOT_REGENERATED,,,
Linda Noskova,Hard,56,25,Stable Sample,Complete Profile,0.6666666666666666,0.28,11.6,21.52,0.8060836501901141,0.29545454545454547,0.6172,0.72336,0.4904,0.609,charting_raw_spw,8.12,5.75,7.36,0.41847826086956524,0.6546762589928058,0.409,0.51,1.05,7.8,Stable Serve Profile,Low Return Profile,Balanced BP Profile,High Ace Upside,High DF Liability,Serve-Led Separator,Serve-Hold Resistance,Volatile Upside Player,Hard-Control,STALE_NON_AUTHORITATIVE_NOT_REGENERATED,,,
Linda Noskova,Clay,56,9,Stable Sample,Complete Profile,0.6,0.1111111111111111,10.555555555555555,20.11111111111111,0.7415730337078652,0.32954545454545453,0.5744444444444444,0.7211111111111111,0.4528888888888889,0.621,charting_raw_spw,6.0,5.666666666666667,7.111111111111111,0.453125,0.6461538461538462,0.413,0.516,1.09,6.9,Average Serve Profile,Low Return Profile,Balanced BP Profile,High Ace Upside,High DF Liability,Neutral Separation Profile,Serve-Hold Resistance,Volatile Upside Player,Clay-Control,STALE_NON_AUTHORITATIVE_NOT_REGENERATED,,,
Linda Noskova,Grass,56,22,Stable Sample,Complete Profile,0.9230769230769231,0.36363636363636365,12.5,22.181818181818183,0.831275720164609,0.3029045643153527,0.625909090909091,0.7597272727272728,0.5162727272727272,0.669,charting_raw_spw,7.181818181818182,3.909090909090909,7.409090909090909,0.44785276073619634,0.6403508771929824,0.424,0.546,1.28,8.4,Stable Serve Profile,Low Return Profile,Balanced BP Profile,Grass Ace Boost,Elevated DF Risk,Controlled Separator,Resistance / Set Extension,Volatile Upside Player,Grass-Control,STALE_NON_AUTHORITATIVE_NOT_REGENERATED,,,
Lisa Pigato,All,1,1,Low Surface Data,Raw Match Log Aggregate,0.0,0.0,5.0,17.0,0.5555555555555556,0.0,0.63,0.56,0.39,0.4971,reconstructed_from_serve_components,0.0,2.0,1.0,0.0,0.5555555555555556,0.19270000000000004,,,,Serve Liability,Weak Return Profile,Balanced BP Profile,Low Ace Profile,Moderate DF Profile,Low-Data Separation Profile,Low-Data Resistance Profile,,,STALE_NON_AUTHORITATIVE_NOT_REGENERATED,,,
Liudmila Samsonova,All,44,44,Stable Sample,Raw Match Log Aggregate,0.4772727272727273,0.38636363636363635,11.25,22.75,0.6885245901639344,0.31610337972166996,0.5821136363636364,0.6751818181818181,0.4791136363636363,0.5932475986570247262979338843,reconstructed_from_serve_components,3.6153846153846154,4.5,8.113636363636363,0.46218487394957986,0.5157232704402516,0.42675652272727277,,,,Average Serve Profile,Low Return Profile,Creator Profile,Playable Ace Volume,Elevated DF Risk,Low-Data Separation Profile,Low-Data Resistance Profile,,,STALE_NON_AUTHORITATIVE_NOT_REGENERATED,,,
Liudmila Samsonova,Hard,44,21,Stable Sample,Complete Profile,0.5,0.5238095238095238,11.666666666666666,24.38095238095238,0.676,0.296875,0.5628571428571428,0.6633809523809524,0.4812857142857143,0.585,charting_raw_spw,2.7777777777777777,5.523809523809524,8.285714285714286,0.4367816091954023,0.4968553459119497,0.414,0.498,1,2.5,Average Serve Profile,Low Return Profile,Creator Profile,Opponent-Dependent Ace Profile,High DF Liability,Backdoor Risk,Resistance / Set Extension,Volatile Upside Player,Hard-Neutral,STALE_NON_AUTHORITATIVE_NOT_REGENERATED,,,
Liudmila Samsonova,Clay,44,8,Stable Sample,Complete Profile,0.3333333333333333,0.0,8.875,18.5,0.647887323943662,0.32894736842105265,0.6152500000000001,0.669375,0.45275,0.576,charting_raw_spw,1.875,3.4285714285714284,6.5,0.4807692307692308,0.4444444444444444,0.426,0.495,1,2.4,Fragile Serve Profile,Low Return Profile,Balanced BP Profile,Opponent-Dependent Ace Profile,Elevated DF Risk,Neutral Separation Profile,Volatile Resistance,Volatile Upside Player,Clay-Neutral,STALE_NON_AUTHORITATIVE_NOT_REGENERATED,,,
Liudmila Samsonova,Grass,44,15,Stable Sample,Complete Profile,0.42857142857142855,0.4,11.933333333333334,22.733333333333334,0.7245508982035929,0.3391812865497076,0.5914,0.6948000000000001,0.49013333333333337,0.585,charting_raw_spw,5.846153846153846,3.5,8.733333333333333,0.48854961832061067,0.5701754385964912,0.423,0.503,1.02,6.2,Stable Serve Profile,Average Return Profile,Creator Profile,High Ace Upside,Moderate DF Profile,Neutral Separation Profile,Resistance / Set Extension,Volatile Upside Player,Grass-Control,STALE_NON_AUTHORITATIVE_NOT_REGENERATED,,,
Lois Boisson,All,11,11,Stable Sample,Raw Match Log Aggregate,0.4444444444444444,0.6363636363636364,12.0,25.0,0.7637795275590551,0.23809523809523808,0.6690909090909091,0.6572727272727273,0.48636363636363633,0.6007173553719008351173553719,reconstructed_from_serve_components,3.6363636363636362,3.727272727272727,8.818181818181818,0.32989690721649484,0.581081081081081,0.4143636363636363,,,,Stable Serve Profile,Weak Return Profile,Balanced BP Profile,Playable Ace Volume,Elevated DF Risk,Low-Data Separation Profile,Low-Data Resistance Profile,,,STALE_NON_AUTHORITATIVE_NOT_REGENERATED,,,
Lois Boisson,Hard,11,11,Stable Sample,Complete Profile,0.42857142857142855,0.6363636363636364,12.0,25.0,0.7637795275590551,0.23809523809523808,0.6690909090909091,0.6572727272727273,0.48636363636363633,0.609,charting_raw_spw,3.6363636363636362,3.727272727272727,8.818181818181818,0.32989690721649484,0.581081081081081,0.402,0.506,1.03,5.1,Stable Serve Profile,Weak Return Profile,Balanced BP Profile,Playable Ace Volume,Elevated DF Risk,Neutral Separation Profile,Resistance / Set Extension,Volatile Upside Player,Hard-Resistance,STALE_NON_AUTHORITATIVE_NOT_REGENERATED,,,
Lois Boisson,Grass,11,0,No Surface Data,No Surface Match Sample,0.0,,,,,,,,,0.587,charting_raw_spw,,,,,,0.396,0.485,0.96,,No Surface Data,No Surface Data,No Surface Data,No Surface Data,No Surface Data,No Surface Data,No Surface Data,,,STALE_NON_AUTHORITATIVE_NOT_REGENERATED,,,
Lucie Havlickova,All,7,7,Stable Sample,Raw Match Log Aggregate,0.42857142857142855,0.2857142857142857,13.0,22.285714285714285,0.7755102040816326,0.27450980392156865,0.5675,0.685,0.445,0.5812000,reconstructed_from_serve_components,3.75,4.5,7.5,0.43333333333333335,0.7105263157894737,0.402,,,,Average Serve Profile,Weak Return Profile,Balanced BP Profile,Playable Ace Volume,Elevated DF Risk,Low-Data Separation Profile,Low-Data Resistance Profile,,,STALE_NON_AUTHORITATIVE_NOT_REGENERATED,,,
Lucie Havlickova,Hard,7,7,Stable Sample,Charting Support Missing,0.6363636363636364,0.2857142857142857,13.0,22.285714285714285,0.7755102040816326,0.27450980392156865,0.5675,0.685,0.445,0.588,charting_raw_spw,3.75,4.5,7.5,0.43333333333333335,0.7105263157894737,0.448,0.518,1.09,7.3,Average Serve Profile,Weak Return Profile,Balanced BP Profile,Playable Ace Volume,Elevated DF Risk,Serve-Led Separator,Serve-Hold Resistance,Volatile Upside Player,Hard-Control,STALE_NON_AUTHORITATIVE_NOT_REGENERATED,,,
Lucrezia Stefanini,All,16,16,Stable Sample,Raw Match Log Aggregate,0.6666666666666666,0.1875,11.214285714285714,19.666666666666668,0.5844155844155844,0.4864864864864865,0.7316000000000001,0.5811333333333334,0.4432666666666667,0.5441299200000000715066666666,reconstructed_from_serve_components,1.25,2.857142857142857,8.466666666666667,0.5669291338582677,0.4666666666666667,0.49636633333333335,,,,Fragile Serve Profile,Elite Return Profile,Creator Profile,Low Ace Profile,Moderate DF Profile,Low-Data Separation Profile,Low-Data Resistance Profile,,,STALE_NON_AUTHORITATIVE_NOT_REGENERATED,,,
Lucrezia Stefanini,Hard,16,16,Stable Sample,Complete Profile,0.42424242424242425,0.1875,11.214285714285714,19.666666666666668,0.5844155844155844,0.4864864864864865,0.7316000000000001,0.5811333333333334,0.4432666666666667,0.524,charting_raw_spw,1.25,2.857142857142857,8.466666666666667,0.5669291338582677,0.4666666666666667,0.453,0.49,0.95,3.2,Fragile Serve Profile,Elite Return Profile,Creator Profile,Low Ace Profile,Moderate DF Profile,Break-and-Giveback Risk,Neutral Resistance Profile,Return-Led Winner,Hard-Pressure,STALE_NON_AUTHORITATIVE_NOT_REGENERATED,,,
Lulu Sun,All,1,1,Low Surface Data,Raw Match Log Aggregate,0.0,0.0,6.0,17.0,0.5555555555555556,0.1111111111111111,0.69,0.56,0.44,0.5228,reconstructed_from_serve_components,2.0,6.0,5.0,0.2,0.0,0.3685,,,,Serve Liability,Weak Return Profile,Balanced BP Profile,Playable Ace Volume,High DF Liability,Low-Data Separation Profile,Low-Data Resistance Profile,,,STALE_NON_AUTHORITATIVE_NOT_REGENERATED,,,
Maddison Inglis,All,15,15,Stable Sample,Raw Match Log Aggregate,0.5333333333333333,0.13333333333333333,9.615384615384615,20.2,0.6976744186046512,0.26515151515151514,0.5944666666666667,0.6777333333333334,0.4792666666666666,0.5972484844444444636555555556,reconstructed_from_serve_components,3.0833333333333335,2.8666666666666667,6.3076923076923075,0.4268292682926829,0.4868421052631579,0.4243752,,,,Average Serve Profile,Weak Return Profile,Balanced BP Profile,Playable Ace Volume,Elevated DF Risk,Low-Data Separation Profile,Low-Data Resistance Profile,,,STALE_NON_AUTHORITATIVE_NOT_REGENERATED,,,
Maddison Inglis,Hard,15,15,Stable Sample,Complete Profile,0.5,0.13333333333333333,9.615384615384615,20.2,0.6976744186046512,0.26515151515151514,0.5944666666666667,0.6777333333333334,0.4792666666666666,0.592,charting_raw_spw,3.0833333333333335,2.8666666666666667,6.3076923076923075,0.4268292682926829,0.4868421052631579,0.373,0.48,0.91,1.0,Average Serve Profile,Weak Return Profile,Balanced BP Profile,Playable Ace Volume,Elevated DF Risk,Neutral Separation Profile,Volatile Resistance,Volatile Upside Player,Hard-Neutral,STALE_NON_AUTHORITATIVE_NOT_REGENERATED,,,
Madison Brengle,All,1,1,Low Surface Data,Raw Match Log Aggregate,0.0,1.0,13.0,32.0,0.5,0.3333333333333333,0.82,0.48,0.52,0.4872,reconstructed_from_serve_components,0.0,3.0,9.0,0.5555555555555556,0.4666666666666667,0.41559999999999997,,,,Serve Liability,Average Return Profile,Creator Profile,Low Ace Profile,Moderate DF Profile,Low-Data Separation Profile,Low-Data Resistance Profile,,,STALE_NON_AUTHORITATIVE_NOT_REGENERATED,,,
Madison Keys,All,46,46,Stable Sample,Raw Match Log Aggregate,0.7111111111111111,0.32608695652173914,12.0,22.155555555555555,0.7742616033755274,0.3675564681724846,0.6489347826086955,0.701086956521739,0.47063043478260874,0.6201816876181473438709640832,reconstructed_from_serve_components,3.5681818181818183,4.358974358974359,8.130434782608695,0.4786096256684492,0.632258064516129,0.4512811086956522,,,,Stable Serve Profile,Average Return Profile,Creator Profile,Playable Ace Volume,Elevated DF Risk,Low-Data Separation Profile,Low-Data Resistance Profile,,,STALE_NON_AUTHORITATIVE_NOT_REGENERATED,,,
Madison Keys,Hard,46,20,Stable Sample,Complete Profile,0.5454545454545454,0.4,11.3,22.8,0.7101449275362319,0.37089201877934275,0.61645,0.6553999999999999,0.44260000000000005,0.593,charting_raw_spw,3.95,5.7368421052631575,7.8,0.5064102564102564,0.6171428571428571,0.43,0.509,1.06,7.3,Average Serve Profile,Average Return Profile,Balanced BP Profile,High Ace Upside,High DF Liability,Neutral Separation Profile,Resistance / Set Extension,Volatile Upside Player,Hard-Control,STALE_NON_AUTHORITATIVE_NOT_REGENERATED,,,
Madison Keys,Clay,46,10,Stable Sample,Complete Profile,0.7,0.4,12.2,20.9,0.7864077669902912,0.3867924528301887,0.6938,0.6724,0.5575,0.606,charting_raw_spw,2.625,2.5,9.6,0.4270833333333333,0.6451612903225806,0.455,0.529,1.15,10.0,Stable Serve Profile,Strong Return Profile,Creator Profile,Opponent-Dependent Ace Profile,Moderate DF Profile,Controlled Separator,Stable Resistance,Volatile Upside Player,Clay-Control,STALE_NON_AUTHORITATIVE_NOT_REGENERATED,,,
Madison Keys,Grass,46,16,Stable Sample,Complete Profile,0.8333333333333334,0.1875,12.8,22.133333333333333,0.8475609756097561,0.35119047619047616,0.6615000000000001,0.776125,0.451375,0.684,charting_raw_spw,3.5625,3.4166666666666665,7.625,0.48360655737704916,0.6575342465753424,0.428,0.548,1.36,10.0,Average Serve Profile,Average Return Profile,Balanced BP Profile,Grass Ace Boost,Moderate DF Profile,Controlled Separator,Serve-Hold Resistance,Volatile Upside Player,Grass-Control,STALE_NON_AUTHORITATIVE_NOT_REGENERATED,,,
Magda Linette,All,37,37,Stable Sample,Raw Match Log Aggregate,0.40540540540540543,0.40540540540540543,10.054054054054054,22.135135135135137,0.6507537688442211,0.28535353535353536,0.5862162162162162,0.6417297297297297,0.4424864864864865,0.5592861066471877132014609204,reconstructed_from_serve_components,3.7142857142857144,3.0,7.864864864864865,0.38831615120274915,0.48518518518518516,0.3934978108108108,,,,Average Serve Profile,Low Return Profile,Balanced BP Profile,Playable Ace Volume,Moderate DF Profile,Low-Data Separation Profile,Low-Data Resistance Profile,,,STALE_NON_AUTHORITATIVE_NOT_REGENERATED,,,
Magda Linette,Hard,37,25,Stable Sample,Complete Profile,0.43333333333333335,0.44,9.92,22.56,0.6420664206642066,0.2740740740740741,0.58712,0.63776,0.4244,0.561,charting_raw_spw,3.5833333333333335,3.1666666666666665,8.04,0.3681592039800995,0.46111111111111114,0.403,0.481,0.92,1.0,Fragile Serve Profile,Weak Return Profile,Balanced BP Profile,Playable Ace Volume,Moderate DF Profile,Backdoor Risk,Resistance / Set Extension,Volatile Upside Player,Hard-Liability,STALE_NON_AUTHORITATIVE_NOT_REGENERATED,,,
Magda Linette,Grass,37,6,Stable Sample,Complete Profile,0.6,0.3333333333333333,10.833333333333334,20.833333333333332,0.7258064516129032,0.3225806451612903,0.6131666666666666,0.6633333333333333,0.5028333333333334,0.61,charting_raw_spw,5.4,3.25,8.0,0.4166666666666667,0.6222222222222222,0.429,0.518,1.1,8.3,Stable Serve Profile,Low Return Profile,Creator Profile,Grass Ace Boost,Moderate DF Profile,Controlled Separator,Resistance / Set Extension,Volatile Upside Player,Grass-Control,STALE_NON_AUTHORITATIVE_NOT_REGENERATED,,,
Magdalena Frech,All,40,40,Stable Sample,Raw Match Log Aggregate,0.45,0.425,11.35,22.85,0.6563876651982379,0.3383947939262473,0.598875,0.65,0.4542,0.5714597250,reconstructed_from_serve_components,3.5277777777777777,2.7142857142857144,8.95,0.4273743016759777,0.5527065527065527,0.43496392500000003,,,,Average Serve Profile,Average Return Profile,Creator Profile,Playable Ace Volume,Moderate DF Profile,Low-Data Separation Profile,Low-Data Resistance Profile,,,STALE_NON_AUTHORITATIVE_NOT_REGENERATED,,,
Magdalena Frech,Hard,40,27,Stable Sample,Complete Profile,0.5,0.4074074074074074,11.88888888888889,22.48148148148148,0.680921052631579,0.36774193548387096,0.5981481481481482,0.6595925925925927,0.45977777777777784,0.575,charting_raw_spw,3.8333333333333335,2.608695652173913,9.407407407407407,0.43700787401574803,0.5585585585585585,0.438,0.506,1.03,6.1,Average Serve Profile,Average Return Profile,Creator Profile,Playable Ace Volume,Moderate DF Profile,Neutral Separation Profile,Resistance / Set Extension,Volatile Upside Player,Hard-Pressure,STALE_NON_AUTHORITATIVE_NOT_REGENERATED,,,
Magdalena Frech,Clay,40,7,Stable Sample,Complete Profile,0.3333333333333333,0.2857142857142857,9.571428571428571,21.857142857142858,0.5866666666666667,0.3026315789473684,0.6238571428571429,0.6127142857142857,0.46871428571428575,0.554,charting_raw_spw,2.3333333333333335,1.8333333333333333,7.285714285714286,0.45098039215686275,0.5507246376811594,0.438,0.496,0.98,3.0,Fragile Serve Profile,Low Return Profile,Balanced BP Profile,Low Ace Profile,Clean DF Profile,Backdoor Risk,Volatile Resistance,Return-Led Winner,Clay-Resistance,STALE_NON_AUTHORITATIVE_NOT_REGENERATED,,,
Magdalena Frech,Grass,40,6,Stable Sample,Complete Profile,0.2,0.6666666666666666,11.0,25.666666666666668,0.6266666666666667,0.25333333333333335,0.5730000000000001,0.6503333333333333,0.4121666666666667,0.542,charting_raw_spw,3.5,4.0,8.833333333333334,0.3584905660377358,0.5333333333333333,0.394,0.467,0.86,1.0,Fragile Serve Profile,Weak Return Profile,Balanced BP Profile,Playable Ace Volume,Elevated DF Risk,Backdoor Risk,Resistance / Set Extension,Volatile Upside Player,Grass-Liability,STALE_NON_AUTHORITATIVE_NOT_REGENERATED,,,
Mai Hontama,All,11,11,Stable Sample,Raw Match Log Aggregate,0.6363636363636364,0.2727272727272727,11.545454545454545,20.727272727272727,0.628099173553719,0.425,0.6327272727272727,0.5872727272727273,0.5309090909090909,0.5665719008264462933719008264,reconstructed_from_serve_components,1.1818181818181819,4.0,8.272727272727273,0.5604395604395604,0.5588235294117647,0.48379999999999995,,,,Fragile Serve Profile,Elite Return Profile,Creator Profile,Low Ace Profile,Elevated DF Risk,Low-Data Separation Profile,Low-Data Resistance Profile,,,STALE_NON_AUTHORITATIVE_NOT_REGENERATED,,,
Mai Hontama,Hard,11,11,Stable Sample,Complete Profile,0.4,0.2727272727272727,11.545454545454545,20.727272727272727,0.628099173553719,0.425,0.6327272727272727,0.5872727272727273,0.5309090909090909,0.55,charting_raw_spw,1.1818181818181819,4.0,8.272727272727273,0.5604395604395604,0.5588235294117647,0.439,0.497,0.98,4.9,Fragile Serve Profile,Strong Return Profile,Creator Profile,Low Ace Profile,Elevated DF Risk,Break-and-Giveback Risk,Volatile Resistance,Return-Led Winner,Hard-Pressure,STALE_NON_AUTHORITATIVE_NOT_REGENERATED,,,
Maja Chwalinska,All,40,40,Stable Sample,Raw Match Log Aggregate,0.575,0.3,10.64864864864865,20.175,0.6419098143236074,0.4189189189189189,0.7091052631578947,0.600342105263158,0.5202368421052632,0.5770399058171745991750692521,reconstructed_from_serve_components,1.1818181818181819,2.2903225806451615,7.525,0.5149501661129569,0.5510204081632653,0.48223107894736844,,,,Fragile Serve Profile,Strong Return Profile,Balanced BP Profile,Low Ace Profile,Moderate DF Profile,Low-Data Separation Profile,Low-Data Resistance Profile,,,STALE_NON_AUTHORITATIVE_NOT_REGENERATED,,,
Maja Chwalinska,Hard,40,25,Stable Sample,Complete Profile,0.6666666666666666,0.28,10.16,19.96,0.624,0.3951612903225806,0.71124,0.59348,0.53372,0.568,charting_raw_spw,1.1111111111111112,2.409090909090909,7.84,0.5,0.542713567839196,0.439,0.508,1.02,5.0,Fragile Serve Profile,Strong Return Profile,Balanced BP Profile,Low Ace Profile,Moderate DF Profile,Break-and-Giveback Risk,Neutral Resistance Profile,Return-Led Winner,Hard-Pressure,STALE_NON_AUTHORITATIVE_NOT_REGENERATED,,,
Maja Chwalinska,Grass,40,2,Low Surface Data,Low Surface Sample,0.5,1.0,12.5,27.5,0.6428571428571429,0.25925925925925924,0.701,0.6145,0.38549999999999995,0.565,charting_raw_spw,1.0,2.0,9.5,0.3684210526315789,0.6666666666666666,0.409,0.491,0.94,3.1,Serve Liability,Weak Return Profile,Balanced BP Profile,Low Ace Profile,Moderate DF Profile,Backdoor Risk,Resistance / Set Extension,Balanced Winner,Grass-Neutral,STALE_NON_AUTHORITATIVE_NOT_REGENERATED,,,
Manachaya Sawangkaew,All,6,6,Stable Sample,Raw Match Log Aggregate,0.6666666666666666,0.3333333333333333,12.833333333333334,21.833333333333332,0.6571428571428571,0.43661971830985913,0.62,0.6666666666666667,0.4083333333333334,0.568500000000000046,reconstructed_from_serve_components,4.0,4.666666666666667,9.0,0.5740740740740741,0.4666666666666667,0.48466666666666663,,,,Serve Liability,Elite Return Profile,Creator Profile,Playable Ace Volume,Pressure DF Risk,Low-Data Separation Profile,Low-Data Resistance Profile,,,STALE_NON_AUTHORITATIVE_NOT_REGENERATED,,,
Manachaya Sawangkaew,Hard,6,0,No Surface Data,No Surface Match Sample,0.71875,,,,,,,,,0.584,charting_raw_spw,,,,,,0.468,0.525,1.12,,No Surface Data,No Surface Data,No Surface Data,No Surface Data,No Surface Data,No Surface Data,No Surface Data,,,STALE_NON_AUTHORITATIVE_NOT_REGENERATED,,,
Manachaya Sawangkaew,Grass,6,6,Stable Sample,Complete Profile,0.5,0.3333333333333333,12.833333333333334,21.833333333333332,0.6571428571428571,0.43661971830985913,0.62,0.6666666666666667,0.4083333333333334,0.532,charting_raw_spw,4.0,4.666666666666667,9.0,0.5740740740740741,0.4666666666666667,0.434,0.479,0.93,3.3,Serve Liability,Strong Return Profile,Creator Profile,Playable Ace Volume,Pressure DF Risk,Break-and-Giveback Risk,Resistance / Set Extension,Volatile Upside Player,Grass-Pressure,STALE_NON_AUTHORITATIVE_NOT_REGENERATED,,,
Mananchaya Sawangkaew,All,16,16,Stable Sample,Raw Match Log Aggregate,0.625,0.375,11.0625,21.75,0.621301775147929,0.4161849710982659,0.6206875000000001,0.6304375,0.4465,0.56066770703125001839375,reconstructed_from_serve_components,2.4166666666666665,4.8125,9.3125,0.48322147651006714,0.5378787878787878,0.4682703125,,,,Fragile Serve Profile,Strong Return Profile,Creator Profile,Opponent-Dependent Ace Profile,High DF Liability,Low-Data Separation Profile,Low-Data Resistance Profile,,,STALE_NON_AUTHORITATIVE_NOT_REGENERATED,,,
Mananchaya Sawangkaew,Hard,16,9,Stable Sample,Complete Profile,0.0,0.2222222222222222,10.0,19.88888888888889,0.6206896551724138,0.3956043956043956,0.5945555555555555,0.623,0.45266666666666666,0.55,charting_raw_spw,2.4,5.222222222222222,9.0,0.4444444444444444,0.5217391304347826,0.404,0.473,0.9,1.9,Fragile Serve Profile,Average Return Profile,Creator Profile,Opponent-Dependent Ace Profile,High DF Liability,Break-and-Giveback Risk,Volatile Resistance,Return-Led Winner,Hard-Pressure,STALE_NON_AUTHORITATIVE_NOT_REGENERATED,,,
Mananchaya Sawangkaew,Clay,16,0,No Surface Data,No Surface Match Sample,No Surface W/L,,,,,,,,,,missing_service_components,,,,,,,,,,No Surface Data,No Surface Data,No Surface Data,No Surface Data,No Surface Data,No Surface Data,No Surface Data,,,STALE_NON_AUTHORITATIVE_NOT_REGENERATED,,,
Maria Kozyreva,All,1,1,Low Surface Data,Raw Match Log Aggregate,0.0,1.0,15.0,30.0,0.625,0.3333333333333333,0.75,0.59,0.54,0.5775,reconstructed_from_serve_components,0.0,6.0,21.0,0.23809523809523808,0.45454545454545453,0.4504,,,,Fragile Serve Profile,Average Return Profile,Balanced BP Profile,Low Ace Profile,Elevated DF Risk,Low-Data Separation Profile,Low-Data Resistance Profile,,,STALE_NON_AUTHORITATIVE_NOT_REGENERATED,,,
Maria Lourdes Carle,All,7,7,Stable Sample,Raw Match Log Aggregate,0.7142857142857143,0.42857142857142855,10.571428571428571,19.428571428571427,0.5507246376811594,0.5294117647058824,0.6485714285714286,0.63,0.49857142857142855,0.5838122448979591798979591837,reconstructed_from_serve_components,1.1428571428571428,4.285714285714286,11.285714285714286,0.5063291139240507,0.6031746031746031,0.5511428571428572,,,,Serve Liability,Elite Return Profile,Strong Creator / Strong Survivor,Low Ace Profile,Elevated DF Risk,Low-Data Separation Profile,Low-Data Resistance Profile,,,STALE_NON_AUTHORITATIVE_NOT_REGENERATED,,,
Maria Lourdes Carle,Clay,7,2,Low Surface Data,Low Surface Sample,0.4857142857142857,0.0,12.5,19.0,0.5714285714285714,0.6190476190476191,0.64,0.625,0.41,0.5,charting_raw_spw,2.5,3.0,10.0,0.65,0.6086956521739131,0.501,0.501,1,5.4,Serve Liability,Elite Return Profile,Strong Creator / Strong Survivor,Playable Ace Volume,Moderate DF Profile,Break-and-Giveback Risk,Neutral Resistance Profile,Volatile Upside Player,Clay-Pressure,STALE_NON_AUTHORITATIVE_NOT_REGENERATED,,,
Maria Sakkari,All,40,40,Stable Sample,Raw Match Log Aggregate,0.55,0.275,10.725,21.1,0.7183770883054893,0.30843373493975906,0.61775,0.659075,0.51325,0.60333339375,reconstructed_from_serve_components,3.787878787878788,2.7142857142857144,6.875,0.46545454545454545,0.5522388059701493,0.4274017,,,,Average Serve Profile,Low Return Profile,Balanced BP Profile,Playable Ace Volume,Moderate DF Profile,Low-Data Separation Profile,Low-Data Resistance Profile,,,STALE_NON_AUTHORITATIVE_NOT_REGENERATED,,,
Maria Sakkari,Hard,40,23,Stable Sample,Complete Profile,0.53125,0.2608695652173913,11.043478260869565,20.304347826086957,0.7296137339055794,0.3652173913043478,0.6462173913043477,0.6730434782608695,0.536608695652174,0.574,charting_raw_spw,3.35,2.3333333333333335,7.6521739130434785,0.4772727272727273,0.5517241379310345,0.434,0.505,1.02,6.9,Stable Serve Profile,Average Return Profile,Balanced BP Profile,Playable Ace Volume,Moderate DF Profile,Neutral Separation Profile,Serve-Hold Resistance,Volatile Upside Player,Hard-Neutral,STALE_NON_AUTHORITATIVE_NOT_REGENERATED,,,
Maria Sakkari,Clay,40,8,Stable Sample,Complete Profile,0.375,0.375,10.625,22.75,0.6666666666666666,0.2808988764044944,0.61775,0.619125,0.49762500000000004,0.536,charting_raw_spw,4.0,2.625,6.0,0.5208333333333334,0.5522388059701493,0.369,0.457,0.8,2.2,Average Serve Profile,Low Return Profile,Balanced BP Profile,Playable Ace Volume,Moderate DF Profile,Backdoor Risk,Resistance / Set Extension,Volatile Upside Player,Clay-Resistance,STALE_NON_AUTHORITATIVE_NOT_REGENERATED,,,
Maria Sakkari,Grass,40,9,Stable Sample,Complete Profile,0.4,0.2222222222222222,10.0,21.666666666666668,0.7395833333333334,0.19791666666666666,0.545,0.6588888888888889,0.4674444444444444,0.582,charting_raw_spw,4.857142857142857,3.5555555555555554,5.666666666666667,0.37254901960784315,0.5535714285714286,0.347,0.471,0.83,1.8,Average Serve Profile,Weak Return Profile,Balanced BP Profile,High Ace Upside,Elevated DF Risk,Low Separation Profile,Serve-Hold Resistance,Volatile Upside Player,Grass-Neutral,STALE_NON_AUTHORITATIVE_NOT_REGENERATED,,,
Maria Timofeeva,All,36,36,Stable Sample,Raw Match Log Aggregate,0.6944444444444444,0.2777777777777778,12.03125,20.583333333333332,0.6430678466076696,0.49554896142433236,0.6258529411764706,0.6082941176470588,0.4715882352941177,0.5571460138408304565171280277,reconstructed_from_serve_components,2.8260869565217392,3.3333333333333335,9.666666666666666,0.49712643678160917,0.5291970802919708,0.5057850588235294,,,,Fragile Serve Profile,Elite Return Profile,Creator Profile,Opponent-Dependent Ace Profile,Elevated DF Risk,Low-Data Separation Profile,Low-Data Resistance Profile,,,STALE_NON_AUTHORITATIVE_NOT_REGENERATED,,,
Maria Timofeeva,Hard,36,19,Stable Sample,Charting Support Missing,0.25,0.2631578947368421,11.533333333333333,20.68421052631579,0.6280487804878049,0.42424242424242425,0.6035294117647059,0.6060588235294118,0.44194117647058817,0.473,charting_raw_spw,3.909090909090909,3.4705882352941178,8.473684210526315,0.4720496894409938,0.5273972602739726,0.449,0.461,0.85,3.6,Fragile Serve Profile,Elite Return Profile,Creator Profile,Playable Ace Volume,Elevated DF Risk,Break-and-Giveback Risk,Volatile Resistance,Volatile Upside Player,Hard-Pressure,STALE_NON_AUTHORITATIVE_NOT_REGENERATED,,,
Maria Timofeeva,Clay,36,10,Stable Sample,Charting Support Missing,0.0,0.2,12.5,19.8,0.65,0.6185567010309279,0.6628999999999999,0.5867999999999999,0.5244,0.464,charting_raw_spw,1.1666666666666667,2.888888888888889,10.3,0.5825242718446602,0.573170731707317,0.357,0.411,0.67,4.7,Fragile Serve Profile,Low Return Profile,Creator Profile,Low Ace Profile,Moderate DF Profile,Break-and-Giveback Risk,Volatile Resistance,Return-Led Winner,Clay-Pressure,STALE_NON_AUTHORITATIVE_NOT_REGENERATED,,,
Maria Timofeeva,Grass,36,7,Stable Sample,Charting Support Missing,0.5,0.42857142857142855,12.428571428571429,21.428571428571427,0.6666666666666666,0.49333333333333335,0.6271428571428571,0.6444285714285715,0.4681428571428571,0.543,charting_raw_spw,2.5,3.5714285714285716,12.0,0.44047619047619047,0.45652173913043476,0.484,0.515,1.06,7.7,Average Serve Profile,Elite Return Profile,Strong Creator / Weak Survivor,Opponent-Dependent Ace Profile,Elevated DF Risk,Break-and-Giveback Risk,Resistance / Set Extension,Return-Led Winner,Grass-Pressure,STALE_NON_AUTHORITATIVE_NOT_REGENERATED,,,
Mariam Bolkvadze,All,10,10,Stable Sample,Raw Match Log Aggregate,0.8,0.4,11.8,22.9,0.6166666666666667,0.3728813559322034,0.6579999999999999,0.607,0.384,0.5307339999999999777,reconstructed_from_serve_components,1.9,5.4,7.8,0.5256410256410257,0.4666666666666667,0.43879999999999997,,,,Serve Liability,Average Return Profile,Balanced BP Profile,Low Ace Profile,High DF Liability,Low-Data Separation Profile,Low-Data Resistance Profile,,,STALE_NON_AUTHORITATIVE_NOT_REGENERATED,,,
Mariam Bolkvadze,Hard,10,0,No Surface Data,No Surface Match Sample,0.5333333333333333,,,,,,,,,0.535,charting_raw_spw,,,,,,0.511,0.523,1.1,,No Surface Data,No Surface Data,No Surface Data,No Surface Data,No Surface Data,No Surface Data,No Surface Data,,,STALE_NON_AUTHORITATIVE_NOT_REGENERATED,,,
Mariam Bolkvadze,Grass,10,10,Stable Sample,Complete Profile,0.5,0.4,11.8,22.9,0.6166666666666667,0.3728813559322034,0.6579999999999999,0.607,0.384,0.581,charting_raw_spw,1.9,5.4,7.8,0.5256410256410257,0.4666666666666667,0.397,0.487,0.95,2.5,Serve Liability,Average Return Profile,Balanced BP Profile,Low Ace Profile,High DF Liability,Backdoor Risk,Resistance / Set Extension,Return-Led Winner,Grass-Neutral,STALE_NON_AUTHORITATIVE_NOT_REGENERATED,,,
Marie Bouzkova,All,44,44,Stable Sample,Raw Match Log Aggregate,0.5581395348837209,0.20454545454545456,10.604651162790697,21.3953488372093,0.6959459459459459,0.33860045146726864,0.6878181818181818,0.6375454545454545,0.4687045454545455,0.5848363925619834509301652892,reconstructed_from_serve_components,2.2058823529411766,3.5,7.636363636363637,0.44642857142857145,0.6075581395348837,0.43892329545454545,,,,Average Serve Profile,Average Return Profile,Balanced BP Profile,Low Ace Profile,Elevated DF Risk,Low-Data Separation Profile,Low-Data Resistance Profile,,,STALE_NON_AUTHORITATIVE_NOT_REGENERATED,,,
Marie Bouzkova,Hard,44,21,Stable Sample,Complete Profile,0.5882352941176471,0.19047619047619047,9.285714285714286,21.19047619047619,0.625,0.3125,0.6675238095238094,0.6107142857142857,0.4354761904761905,0.557,charting_raw_spw,2.3529411764705883,3.45,6.428571428571429,0.48148148148148145,0.59375,0.467,0.511,1.05,5.4,Fragile Serve Profile,Low Return Profile,Balanced BP Profile,Low Ace Profile,Elevated DF Risk,Backdoor Risk,Neutral Resistance Profile,Return-Led Winner,Hard-Neutral,STALE_NON_AUTHORITATIVE_NOT_REGENERATED,,,
Marie Bouzkova,Clay,44,10,Stable Sample,Complete Profile,0.6923076923076923,0.1,10.555555555555555,20.666666666666668,0.6881720430107527,0.3655913978494624,0.684,0.639,0.46549999999999997,0.581,charting_raw_spw,1.2,3.4,7.8,0.4358974358974359,0.5606060606060606,0.465,0.522,1.11,7.2,Average Serve Profile,Average Return Profile,Balanced BP Profile,Low Ace Profile,Elevated DF Risk,Controlled Separator,Stable Resistance,Return-Led Winner,Clay-Control,STALE_NON_AUTHORITATIVE_NOT_REGENERATED,,,
Marie Bouzkova,Grass,44,13,Stable Sample,Complete Profile,0.7,0.3076923076923077,12.76923076923077,22.23076923076923,0.8041958041958042,0.3591549295774648,0.7235384615384615,0.6797692307692309,0.5248461538461539,0.634,charting_raw_spw,2.4166666666666665,3.7,9.461538461538462,0.4146341463414634,0.6744186046511628,0.438,0.533,1.2,10.0,Stable Serve Profile,Average Return Profile,Creator Profile,Low Ace Profile,Moderate DF Profile,Controlled Separator,Resistance / Set Extension,Volatile Upside Player,Grass-Control,STALE_NON_AUTHORITATIVE_NOT_REGENERATED,,,
Marina Bassols Ribera,All,41,41,Stable Sample,Raw Match Log Aggregate,0.6097560975609756,0.3902439024390244,11.405405405405405,22.24390243902439,0.6564102564102564,0.4267352185089974,0.6564324324324324,0.6186486486486487,0.47870270270270265,0.5705677604090577174179693207,reconstructed_from_serve_components,1.0333333333333334,4.027027027027027,8.926829268292684,0.453551912568306,0.5635179153094463,0.47274470270270275,,,,Average Serve Profile,Elite Return Profile,Creator Profile,Low Ace Profile,Elevated DF Risk,Low-Data Separation Profile,Low-Data Resistance Profile,,,STALE_NON_AUTHORITATIVE_NOT_REGENERATED,,,
Marina Bassols Ribera,Hard,41,31,Stable Sample,Complete Profile,0.5789473684210527,0.3870967741935484,11.518518518518519,22.774193548387096,0.6713286713286714,0.4131944444444444,0.6265555555555555,0.6325925925925926,0.48307407407407404,0.567,charting_raw_spw,1.037037037037037,4.185185185185185,9.03225806451613,0.425,0.5586854460093896,0.474,0.519,1.09,7.3,Average Serve Profile,Strong Return Profile,Creator Profile,Low Ace Profile,Elevated DF Risk,Break-and-Giveback Risk,Resistance / Set Extension,Return-Led Winner,Hard-Pressure,STALE_NON_AUTHORITATIVE_NOT_REGENERATED,,,
Marina Bassols Ribera,Clay,41,10,Stable Sample,Complete Profile,0.6428571428571429,0.4,11.1,20.6,0.6153846153846154,0.46534653465346537,0.7371000000000001,0.581,0.4669,0.538,charting_raw_spw,1.0,3.6,8.6,0.5465116279069767,0.574468085106383,0.501,0.519,1.08,7.0,Fragile Serve Profile,Elite Return Profile,Creator Profile,Low Ace Profile,Elevated DF Risk,Break-and-Giveback Risk,Resistance / Set Extension,Return-Led Winner,Clay-Pressure,STALE_NON_AUTHORITATIVE_NOT_REGENERATED,,,
Marina Bassols Ribera,Grass,41,0,No Surface Data,No Surface Match Sample,No Surface W/L,,,,,,,,,,missing_service_components,,,,,,,,,,No Surface Data,No Surface Data,No Surface Data,No Surface Data,No Surface Data,No Surface Data,No Surface Data,,,STALE_NON_AUTHORITATIVE_NOT_REGENERATED,,,
Marta Kostyuk,All,50,50,Stable Sample,Raw Match Log Aggregate,0.78,0.32,12.3,21.38,0.7378277153558053,0.42418426103646834,0.5771000000000001,0.6966800000000001,0.48841999999999997,0.6086068460000000658490000000,reconstructed_from_serve_components,4.0,4.551020408163265,8.86,0.49887133182844245,0.6005586592178771,0.47481858000000005,,,,Stable Serve Profile,Elite Return Profile,Creator Profile,High Ace Upside,Elevated DF Risk,Low-Data Separation Profile,Low-Data Resistance Profile,,,STALE_NON_AUTHORITATIVE_NOT_REGENERATED,,,
Marta Kostyuk,Hard,50,31,Stable Sample,Complete Profile,0.6666666666666666,0.3225806451612903,12.03225806451613,21.774193548387096,0.7425149700598802,0.3787878787878788,0.5820322580645161,0.7026129032258065,0.48200000000000004,0.607,charting_raw_spw,4.366666666666666,4.566666666666666,7.612903225806452,0.5296610169491526,0.5954545454545455,0.437,0.522,1.11,7.6,Stable Serve Profile,Average Return Profile,Balanced BP Profile,High Ace Upside,Elevated DF Risk,Controlled Separator,Resistance / Set Extension,Volatile Upside Player,Hard-Control,STALE_NON_AUTHORITATIVE_NOT_REGENERATED,,,
Marta Kostyuk,Grass,50,6,Stable Sample,Complete Profile,0.8333333333333334,0.5,13.833333333333334,22.666666666666668,0.8235294117647058,0.40298507462686567,0.5619999999999999,0.7453333333333333,0.5569999999999999,0.649,charting_raw_spw,3.6666666666666665,4.0,10.333333333333334,0.43548387096774194,0.6470588235294118,0.452,0.547,1.29,10.0,Stable Serve Profile,Strong Return Profile,Creator Profile,Grass Ace Boost,Elevated DF Risk,Clean Separator,Resistance / Set Extension,Volatile Upside Player,Grass-Control,STALE_NON_AUTHORITATIVE_NOT_REGENERATED,,,
Mary Stoiana,All,19,19,Stable Sample,Raw Match Log Aggregate,0.5,0.47368421052631576,10.666666666666666,22.88888888888889,0.6228571428571429,0.2982456140350877,0.6578,0.6153333333333333,0.46259999999999996,0.563067986666666631052,reconstructed_from_serve_components,1.5833333333333333,3.5714285714285716,7.933333333333334,0.4369747899159664,0.5517241379310345,0.44812466666666667,,,,Fragile Serve Profile,Low Return Profile,Balanced BP Profile,Low Ace Profile,Moderate DF Profile,Low-Data Separation Profile,Low-Data Resistance Profile,,,STALE_NON_AUTHORITATIVE_NOT_REGENERATED,,,
Mary Stoiana,Hard,19,7,Stable Sample,Complete Profile,0.6,0.2857142857142857,8.0,20.666666666666668,0.5813953488372093,0.1590909090909091,0.6175,0.5975,0.4325,0.569,charting_raw_spw,2.0,3.5,6.0,0.3333333333333333,0.575,0.455,0.513,1.05,3.6,Fragile Serve Profile,Weak Return Profile,Balanced BP Profile,Opponent-Dependent Ace Profile,Elevated DF Risk,Neutral Separation Profile,Neutral Resistance Profile,Return-Led Winner,Hard-Neutral,STALE_NON_AUTHORITATIVE_NOT_REGENERATED,,,
Mary Stoiana,Clay,19,10,Stable Sample,Complete Profile,0.5882352941176471,0.5,11.5,23.3,0.635593220338983,0.35714285714285715,0.6727000000000001,0.621,0.48489999999999994,0.548,charting_raw_spw,1.2857142857142858,3.3333333333333335,8.6,0.46511627906976744,0.5113636363636364,0.47,0.509,1.04,4.6,Fragile Serve Profile,Average Return Profile,Creator Profile,Low Ace Profile,Moderate DF Profile,Backdoor Risk,Resistance / Set Extension,Return-Led Winner,Clay-Neutral,STALE_NON_AUTHORITATIVE_NOT_REGENERATED,,,
Mary Stoiana,Grass,19,2,Low Surface Data,Low Surface Sample,0.7,1.0,13.0,27.5,0.6428571428571429,0.26666666666666666,0.67,0.63,0.36,0.596,charting_raw_spw,2.0,6.0,9.0,0.4444444444444444,0.7058823529411765,0.431,0.517,1.07,4.5,Serve Liability,Weak Return Profile,Creator Profile,Opponent-Dependent Ace Profile,Elevated DF Risk,Backdoor Risk,Resistance / Set Extension,Balanced Winner,Grass-Neutral,STALE_NON_AUTHORITATIVE_NOT_REGENERATED,,,
Maya Joint,All,39,39,Stable Sample,Raw Match Log Aggregate,0.4358974358974359,0.46153846153846156,10.81578947368421,22.384615384615383,0.6018518518518519,0.3544600938967136,0.6305641025641026,0.5693333333333334,0.4792894736842105,0.5360678992352676918682411156,reconstructed_from_serve_components,2.7333333333333334,3.6285714285714286,7.435897435897436,0.5137931034482759,0.5315068493150685,0.43723920512820513,,,,Fragile Serve Profile,Average Return Profile,Balanced BP Profile,Opponent-Dependent Ace Profile,Moderate DF Profile,Low-Data Separation Profile,Low-Data Resistance Profile,,,STALE_NON_AUTHORITATIVE_NOT_REGENERATED,,,
Maya Joint,Hard,39,27,Stable Sample,Complete Profile,0.47058823529411764,0.5185185185185185,10.846153846153847,22.0,0.6075085324232082,0.35738831615120276,0.6345555555555555,0.5694814814814815,0.4925384615384615,0.556,charting_raw_spw,2.3636363636363638,3.625,7.296296296296297,0.5177664974619289,0.556420233463035,0.43,0.493,0.97,4.0,Fragile Serve Profile,Average Return Profile,Balanced BP Profile,Opponent-Dependent Ace Profile,Moderate DF Profile,Backdoor Risk,Resistance / Set Extension,Return-Led Winner,Hard-Neutral,STALE_NON_AUTHORITATIVE_NOT_REGENERATED,,,
Maya Joint,Clay,39,3,Usable / Thin,Low Surface Sample,0.0,0.0,4.333333333333333,16.666666666666668,0.36,0.16,0.64,0.44300000000000006,0.4256666666666667,0.487,charting_raw_spw,1.0,3.5,5.333333333333333,0.25,0.4074074074074074,0.355,0.42,0.69,1.0,Serve Liability,Weak Return Profile,Balanced BP Profile,Low Ace Profile,Moderate DF Profile,Low Separation Profile,Neutral Resistance Profile,Balanced Winner,Clay-Liability,STALE_NON_AUTHORITATIVE_NOT_REGENERATED,,,
Maya Joint,Grass,39,9,Stable Sample,Complete Profile,0.625,0.4444444444444444,12.88888888888889,25.444444444444443,0.6403508771929824,0.39090909090909093,0.6154444444444445,0.611,0.45888888888888885,0.545,charting_raw_spw,4.142857142857143,3.6666666666666665,8.555555555555555,0.5584415584415584,0.49382716049382713,0.457,0.5,1,4.2,Fragile Serve Profile,Strong Return Profile,Creator Profile,Playable Ace Volume,Moderate DF Profile,Break-and-Giveback Risk,Resistance / Set Extension,Volatile Upside Player,Grass-Pressure,STALE_NON_AUTHORITATIVE_NOT_REGENERATED,,,
Mayar Sherif,All,33,33,Stable Sample,Raw Match Log Aggregate,0.6875,0.2727272727272727,11.193548387096774,20.78125,0.6615853658536586,0.42424242424242425,0.7506666666666666,0.6048484848484849,0.5127272727272727,0.5818795959595959853252525252,reconstructed_from_serve_components,1.8125,2.3225806451612905,9.181818181818182,0.4752475247524752,0.5697674418604651,0.47711633333333336,,,,Average Serve Profile,Elite Return Profile,Creator Profile,Low Ace Profile,Moderate DF Profile,Low-Data Separation Profile,Low-Data Resistance Profile,,,STALE_NON_AUTHORITATIVE_NOT_REGENERATED,,,
Mayar Sherif,Hard,33,8,Stable Sample,Complete Profile,0.0,0.375,9.375,22.25,0.5977011494252874,0.25555555555555554,0.7083750000000001,0.585625,0.419375,0.535,charting_raw_spw,2.25,2.5,6.125,0.46938775510204084,0.6022727272727273,0.359,0.452,0.77,1.0,Fragile Serve Profile,Weak Return Profile,Balanced BP Profile,Low Ace Profile,Moderate DF Profile,Low Separation Profile,Volatile Resistance,Serve-Led Winner,Hard-Liability,STALE_NON_AUTHORITATIVE_NOT_REGENERATED,,,
Mayar Sherif,Clay,33,23,Stable Sample,Complete Profile,0.75,0.2608695652173913,12.571428571428571,20.681818181818183,0.6977777777777778,0.5223214285714286,0.762695652173913,0.6161739130434782,0.5565217391304348,0.58,charting_raw_spw,1.6,2.0952380952380953,11.043478260869565,0.4763779527559055,0.5466666666666666,0.472,0.525,1.12,8.1,Average Serve Profile,Elite Return Profile,Creator Profile,Low Ace Profile,Moderate DF Profile,Controlled Separator,Neutral Resistance Profile,Return-Led Winner,Clay-Control,STALE_NON_AUTHORITATIVE_NOT_REGENERATED,,,
Mayar Sherif,Grass,33,2,Low Surface Data,Low Surface Sample,No Surface W/L,0.0,4.0,16.0,0.5,0.0,0.7815000000000001,0.5515,0.3825,0.51457350000000001690,reconstructed_from_serve_components,2.0,4.0,0.0,,0.6,0.2808,,,,Serve Liability,Weak Return Profile,Low-Data BP Profile,Playable Ace Volume,High DF Liability,Low-Data Separation Profile,Low-Data Resistance Profile,,,STALE_NON_AUTHORITATIVE_NOT_REGENERATED,,,
McCartney Kessler,All,31,31,Stable Sample,Raw Match Log Aggregate,0.5161290322580645,0.3870967741935484,11.193548387096774,23.225806451612904,0.6505681818181818,0.3333333333333333,0.6142903225806452,0.6111290322580645,0.47251612903225804,0.5576646940686784459392091571,reconstructed_from_serve_components,2.6153846153846154,3.5483870967741935,8.903225806451612,0.427536231884058,0.5444444444444444,0.43550145161290327,,,,Average Serve Profile,Average Return Profile,Creator Profile,Opponent-Dependent Ace Profile,Elevated DF Risk,Low-Data Separation Profile,Low-Data Resistance Profile,,,STALE_NON_AUTHORITATIVE_NOT_REGENERATED,,,
McCartney Kessler,Hard,31,13,Stable Sample,Complete Profile,0.5172413793103449,0.46153846153846156,11.076923076923077,23.307692307692307,0.6711409395973155,0.29931972789115646,0.6144615384615384,0.6192307692307693,0.48692307692307696,0.569,charting_raw_spw,2.8333333333333335,3.6923076923076925,7.923076923076923,0.42718446601941745,0.5545454545454546,0.43,0.5,1,3.5,Average Serve Profile,Low Return Profile,Balanced BP Profile,Playable Ace Volume,Elevated DF Risk,Backdoor Risk,Resistance / Set Extension,Balanced Winner,Hard-Neutral,STALE_NON_AUTHORITATIVE_NOT_REGENERATED,,,
McCartney Kessler,Clay,31,10,Stable Sample,Complete Profile,0.5555555555555556,0.3,10.5,22.5,0.5636363636363636,0.38738738738738737,0.6364,0.568,0.4106,0.563,charting_raw_spw,1.8571428571428572,3.3,10.3,0.4174757281553398,0.5471698113207547,0.45,0.507,1.03,4.5,Serve Liability,Strong Return Profile,Creator Profile,Low Ace Profile,Elevated DF Risk,Break-and-Giveback Risk,Resistance / Set Extension,Return-Led Winner,Clay-Neutral,STALE_NON_AUTHORITATIVE_NOT_REGENERATED,,,
McCartney Kessler,Grass,31,8,Stable Sample,Complete Profile,0.625,0.375,12.25,24.0,0.7204301075268817,0.3229166666666667,0.586375,0.651875,0.5265,0.594,charting_raw_spw,3.0,3.625,8.75,0.44285714285714284,0.5185185185185185,0.432,0.512,1.06,6.8,Average Serve Profile,Low Return Profile,Creator Profile,Playable Ace Volume,Elevated DF Risk,Neutral Separation Profile,Resistance / Set Extension,Surface-Control Player,Grass-Neutral,STALE_NON_AUTHORITATIVE_NOT_REGENERATED,,,
Mei Yamaguchi,All,2,2,Low Surface Data,Raw Match Log Aggregate,0.5,0.0,,17.5,,,,,,,missing_service_components,,,,,,,,,,Low-Data Serve Profile,Low-Data Return Profile,Low-Data BP Profile,Low-Data Ace Profile,Low-Data DF Profile,Low-Data Separation Profile,Low-Data Resistance Profile,,,STALE_NON_AUTHORITATIVE_NOT_REGENERATED,,,
Mia Slama,All,2,2,Low Surface Data,Raw Match Log Aggregate,0.5,0.0,,18.0,,,,,,,missing_service_components,,,,,,,,,,Low-Data Serve Profile,Low-Data Return Profile,Low-Data BP Profile,Low-Data Ace Profile,Low-Data DF Profile,Low-Data Separation Profile,Low-Data Resistance Profile,,,STALE_NON_AUTHORITATIVE_NOT_REGENERATED,,,
Mia Stoiana,All,1,1,Low Surface Data,Raw Match Log Aggregate,1.0,0.0,,19.0,,,,,,,missing_service_components,,,,,,,,,,Low-Data Serve Profile,Low-Data Return Profile,Low-Data BP Profile,Low-Data Ace Profile,Low-Data DF Profile,Low-Data Separation Profile,Low-Data Resistance Profile,,,STALE_NON_AUTHORITATIVE_NOT_REGENERATED,,,
Mika Stojsavljevic,All,5,5,Usable / Thin,Raw Match Log Aggregate,0.4,0.6,14.5,26.6,0.8333333333333334,0.3829787234042553,0.6325,0.6825,0.54,0.63013125,reconstructed_from_serve_components,6.25,3.25,8.4,0.42857142857142855,0.6363636363636364,0.45,,,,Stable Serve Profile,Strong Return Profile,Creator Profile,High Ace Upside,Moderate DF Profile,Low-Data Separation Profile,Low-Data Resistance Profile,,,STALE_NON_AUTHORITATIVE_NOT_REGENERATED,,,
Mika Stojsavljevic,Hard,5,0,No Surface Data,No Surface Match Sample,0.6666666666666666,,,,,,,,,0.593,charting_raw_spw,,,,,,0.428,0.511,1.05,,No Surface Data,No Surface Data,No Surface Data,No Surface Data,No Surface Data,No Surface Data,No Surface Data,,,STALE_NON_AUTHORITATIVE_NOT_REGENERATED,,,
Mika Stojsavljevic,Grass,5,5,Usable / Thin,Complete Profile,0.6666666666666666,0.6,14.5,26.6,0.8333333333333334,0.3829787234042553,0.6325,0.6825,0.54,0.66,charting_raw_spw,6.25,3.25,8.4,0.42857142857142855,0.6363636363636364,0.383,0.511,1.13,7.5,Stable Serve Profile,Average Return Profile,Creator Profile,Grass Ace Boost,Moderate DF Profile,Controlled Separator,Resistance / Set Extension,Volatile Upside Player,Grass-Control,STALE_NON_AUTHORITATIVE_NOT_REGENERATED,,,
Mingge Xu,All,5,5,Usable / Thin,Raw Match Log Aggregate,0.2,0.6,12.4,24.0,0.7096774193548387,0.3157894736842105,0.614,0.69,0.49,0.61280,reconstructed_from_serve_components,2.2,5.6,9.2,0.391304347826087,0.5609756097560976,0.41719999999999996,,,,Average Serve Profile,Low Return Profile,Balanced BP Profile,Low Ace Profile,High DF Liability,Low-Data Separation Profile,Low-Data Resistance Profile,,,STALE_NON_AUTHORITATIVE_NOT_REGENERATED,,,
Mingge Xu,Hard,5,0,No Surface Data,No Surface Match Sample,0.5,,,,,,,,,0.566,charting_raw_spw,,,,,,0.456,0.51,1.05,,No Surface Data,No Surface Data,No Surface Data,No Surface Data,No Surface Data,No Surface Data,No Surface Data,,,STALE_NON_AUTHORITATIVE_NOT_REGENERATED,,,
Mingge Xu,Grass,5,5,Usable / Thin,Complete Profile,0.375,0.6,12.4,24.0,0.7096774193548387,0.3157894736842105,0.614,0.69,0.49,0.569,charting_raw_spw,2.2,5.6,9.2,0.391304347826087,0.5609756097560976,0.413,0.487,0.96,3.3,Average Serve Profile,Low Return Profile,Balanced BP Profile,Low Ace Profile,High DF Liability,Neutral Separation Profile,Resistance / Set Extension,Volatile Upside Player,Grass-Neutral,STALE_NON_AUTHORITATIVE_NOT_REGENERATED,,,
Mio Mushika,All,1,1,Low Surface Data,Raw Match Log Aggregate,0.0,0.0,,23.0,,,,,,,missing_service_components,,,,,,,,,,Low-Data Serve Profile,Low-Data Return Profile,Low-Data BP Profile,Low-Data Ace Profile,Low-Data DF Profile,Low-Data Separation Profile,Low-Data Resistance Profile,,,STALE_NON_AUTHORITATIVE_NOT_REGENERATED,,,
Miriam Bulgaru,All,0,0,No Surface Data,Raw Match Missing,,,,,,,,,,,missing_service_components,,,,,,,,,,No Surface Data,No Surface Data,No Surface Data,No Surface Data,No Surface Data,No Surface Data,No Surface Data,,,STALE_NON_AUTHORITATIVE_NOT_REGENERATED,,,
Miriam Bulgaru,Clay,0,0,No Surface Data,Raw Match Missing,0.4878048780487805,,,,,,,,,0.524,charting_raw_spw,,,,,,0.473,0.499,1,,No Surface Data,No Surface Data,No Surface Data,No Surface Data,No Surface Data,No Surface Data,No Surface Data,,,STALE_NON_AUTHORITATIVE_NOT_REGENERATED,,,
Miriana Tona,All,5,5,Usable / Thin,Raw Match Log Aggregate,0.6,0.2,10.2,20.0,0.6122448979591837,0.42,0.648,0.602,0.47200000000000003,0.55624000000000001056,reconstructed_from_serve_components,2.8,3.2,9.2,0.41304347826086957,0.6727272727272727,0.4648,,,,Fragile Serve Profile,Elite Return Profile,Creator Profile,Playable Ace Volume,Elevated DF Risk,Low-Data Separation Profile,Low-Data Resistance Profile,,,STALE_NON_AUTHORITATIVE_NOT_REGENERATED,,,
Miriana Tona,Hard,5,5,Usable / Thin,Complete Profile,0.6666666666666666,0.2,10.2,20.0,0.6122448979591837,0.42,0.648,0.602,0.47200000000000003,0.591,charting_raw_spw,2.8,3.2,9.2,0.41304347826086957,0.6727272727272727,0.476,0.532,1.16,7.5,Fragile Serve Profile,Elite Return Profile,Creator Profile,Playable Ace Volume,Elevated DF Risk,Break-and-Giveback Risk,Stable Resistance,Volatile Upside Player,Hard-Pressure,STALE_NON_AUTHORITATIVE_NOT_REGENERATED,,,
Mirra Andreeva,All,46,46,Stable Sample,Raw Match Log Aggregate,0.7391304347826086,0.30434782608695654,12.466666666666667,20.652173913043477,0.7473233404710921,0.4444444444444444,0.6464888888888889,0.6784888888888889,0.4982888888888889,0.6147861866666666797800000000,reconstructed_from_serve_components,3.0714285714285716,3.422222222222222,8.911111111111111,0.5286783042394015,0.6336336336336337,0.4920676888888889,,,,Stable Serve Profile,Elite Return Profile,Creator Profile,Playable Ace Volume,Elevated DF Risk,Low-Data Separation Profile,Low-Data Resistance Profile,,,STALE_NON_AUTHORITATIVE_NOT_REGENERATED,,,
Mirra Andreeva,Hard,46,26,Stable Sample,Complete Profile,0.6206896551724138,0.38461538461538464,12.84,21.53846153846154,0.7101449275362319,0.4432624113475177,0.63968,0.66652,0.47468000000000005,0.594,charting_raw_spw,3.25,3.96,9.48,0.5274261603375527,0.6331877729257642,0.474,0.533,1.17,9.5,Average Serve Profile,Elite Return Profile,Creator Profile,Playable Ace Volume,Elevated DF Risk,Controlled Separator,Resistance / Set Extension,Volatile Upside Player,Hard-Control,STALE_NON_AUTHORITATIVE_NOT_REGENERATED,,,
Mirra Andreeva,Clay,46,13,Stable Sample,Complete Profile,0.88,0.23076923076923078,12.23076923076923,19.23076923076923,0.7804878048780488,0.5,0.6753076923076923,0.676076923076923,0.548923076923077,0.603,charting_raw_spw,2.3333333333333335,2.6153846153846154,9.153846153846153,0.5294117647058824,0.6351351351351351,0.459,0.531,1.16,10.0,Stable Serve Profile,Elite Return Profile,Creator Profile,Playable Ace Volume,Moderate DF Profile,Clean Separator,Serve-Hold Resistance,Volatile Upside Player,Clay-Control,STALE_NON_AUTHORITATIVE_NOT_REGENERATED,,,
Mirra Andreeva,Grass,46,7,Stable Sample,Complete Profile,0.625,0.14285714285714285,11.571428571428571,20.0,0.8382352941176471,0.34782608695652173,0.6172857142857142,0.7257142857142856,0.48857142857142855,0.62,charting_raw_spw,3.8333333333333335,3.0,6.428571428571429,0.5333333333333333,0.6333333333333333,0.427,0.524,1.12,9.4,Stable Serve Profile,Average Return Profile,Balanced BP Profile,Playable Ace Volume,Elevated DF Risk,Controlled Separator,Serve-Hold Resistance,Volatile Upside Player,Grass-Control,STALE_NON_AUTHORITATIVE_NOT_REGENERATED,,,
Mirra Timofeeva,All,1,1,Low Surface Data,Raw Match Log Aggregate,1.0,0.0,8.0,18.0,0.6666666666666666,1.0,0.71,0.78,0.5,0.6988,reconstructed_from_serve_components,5.0,1.0,6.0,0.6666666666666666,0.75,0.2974,,,,Average Serve Profile,Weak Return Profile,Balanced BP Profile,High Ace Upside,Clean DF Profile,Low-Data Separation Profile,Low-Data Resistance Profile,,,STALE_NON_AUTHORITATIVE_NOT_REGENERATED,,,
Momoko Kobori,All,1,1,Low Surface Data,Raw Match Log Aggregate,0.0,1.0,,28.0,,,,,,,missing_service_components,,,,,,,,,,Low-Data Serve Profile,Low-Data Return Profile,Low-Data BP Profile,Low-Data Ace Profile,Low-Data DF Profile,Low-Data Separation Profile,Low-Data Resistance Profile,,,STALE_NON_AUTHORITATIVE_NOT_REGENERATED,,,
Mona Barthel,All,1,1,Low Surface Data,Raw Match Log Aggregate,1.0,0.0,13.0,21.0,0.7272727272727273,0.5,0.46,0.71,0.5,0.5966,reconstructed_from_serve_components,4.0,7.0,11.0,0.45454545454545453,0.625,0.5204,,,,Stable Serve Profile,Elite Return Profile,Strong Creator / Strong Survivor,High Ace Upside,High DF Liability,Low-Data Separation Profile,Low-Data Resistance Profile,,,STALE_NON_AUTHORITATIVE_NOT_REGENERATED,,,
Mona Barthel,Hard,1,1,Low Surface Data,Low Surface Sample,0.6511627906976745,0.0,13.0,21.0,0.7272727272727273,0.5,0.46,0.71,0.5,0.605,charting_raw_spw,4.0,7.0,11.0,0.45454545454545453,0.625,0.461,0.533,1.17,6.0,Stable Serve Profile,Elite Return Profile,Strong Creator / Strong Survivor,High Ace Upside,High DF Liability,Clean Separator,Serve-Hold Resistance,Volatile Upside Player,Hard-Control,STALE_NON_AUTHORITATIVE_NOT_REGENERATED,,,
Moyuka Uchijima,All,25,25,Stable Sample,Raw Match Log Aggregate,0.48,0.44,11.166666666666666,22.92,0.6213235294117647,0.3613138686131387,0.5599583333333333,0.6608749999999999,0.44012499999999993,0.5637358020833332391762500000,reconstructed_from_serve_components,3.1052631578947367,4.318181818181818,8.36,0.47368421052631576,0.46632124352331605,0.4434738333333333,,,,Fragile Serve Profile,Average Return Profile,Creator Profile,Low Ace Profile,Elevated DF Risk,Low-Data Separation Profile,Low-Data Resistance Profile,,,STALE_NON_AUTHORITATIVE_NOT_REGENERATED,,,
Moyuka Uchijima,Hard,25,15,Stable Sample,Complete Profile,0.21428571428571427,0.4,10.714285714285714,22.266666666666666,0.6538461538461539,0.3096774193548387,0.5490714285714285,0.6835,0.434,0.508,charting_raw_spw,3.4166666666666665,4.846153846153846,6.8,0.47058823529411764,0.4807692307692308,0.412,0.46,0.84,1.0,Serve Liability,Low Return Profile,Balanced BP Profile,Playable Ace Volume,Pressure DF Risk,Backdoor Risk,Resistance / Set Extension,Volatile Upside Player,Hard-Liability,STALE_NON_AUTHORITATIVE_NOT_REGENERATED,,,
Moyuka Uchijima,Clay,25,10,Stable Sample,Complete Profile,0.0,0.5,11.8,23.9,0.5775862068965517,0.42857142857142855,0.5752,0.6292,0.4487,0.52,charting_raw_spw,2.5714285714285716,3.5555555555555554,10.7,0.4766355140186916,0.449438202247191,0.403,0.46,0.84,1.4,Serve Liability,Average Return Profile,Strong Creator / Weak Survivor,Low Ace Profile,Elevated DF Risk,Break-and-Giveback Risk,Resistance / Set Extension,Return-Led Winner,Clay-Pressure,STALE_NON_AUTHORITATIVE_NOT_REGENERATED,,,
Nadia Podoroska,All,24,24,Stable Sample,Raw Match Log Aggregate,0.5,0.25,9.6,20.625,0.6323529411764706,0.3,0.6133333333333334,0.5909523809523809,0.43857142857142856,0.5320317460317460053587301587,reconstructed_from_serve_components,2.380952380952381,4.666666666666667,7.380952380952381,0.432258064516129,0.5743589743589743,0.4070552380952381,,,,Fragile Serve Profile,Low Return Profile,Balanced BP Profile,Playable Ace Volume,High DF Liability,Low-Data Separation Profile,Low-Data Resistance Profile,,,STALE_NON_AUTHORITATIVE_NOT_REGENERATED,,,
Nadia Podoroska,Hard,24,19,Stable Sample,Complete Profile,0.875,0.2631578947368421,10.2,20.789473684210527,0.6688311688311688,0.31645569620253167,0.610625,0.610625,0.43625,0.608,charting_raw_spw,2.625,5.25,8.0,0.421875,0.5815602836879432,0.514,0.555,1.31,6.8,Fragile Serve Profile,Low Return Profile,Creator Profile,Playable Ace Volume,High DF Liability,Backdoor Risk,Neutral Resistance Profile,Volatile Upside Player,Hard-Neutral,STALE_NON_AUTHORITATIVE_NOT_REGENERATED,,,
Nadia Podoroska,Clay,24,3,Usable / Thin,Low Surface Sample,0.7692307692307693,0.3333333333333333,9.666666666666666,21.666666666666668,0.5294117647058824,0.3235294117647059,0.6033333333333334,0.54,0.4633333333333334,0.555,charting_raw_spw,1.6666666666666667,3.6666666666666665,7.0,0.5238095238095238,0.6097560975609756,0.487,0.522,1.1,5.2,Serve Liability,Low Return Profile,Balanced BP Profile,Low Ace Profile,Elevated DF Risk,Backdoor Risk,Resistance / Set Extension,Return-Led Winner,Clay-Resistance,STALE_NON_AUTHORITATIVE_NOT_REGENERATED,,,
Nadia Podoroska,Grass,24,2,Low Surface Data,Low Surface Sample,0.4166666666666667,0.0,5.0,17.5,0.5,0.1111111111111111,0.65,0.51,0.42,0.557,charting_raw_spw,1.5,1.5,3.0,0.3333333333333333,0.38461538461538464,0.39,0.471,0.88,1.0,Serve Liability,Weak Return Profile,Low Pressure / Weak Survivor,Low Ace Profile,Moderate DF Profile,Backdoor Risk,Volatile Resistance,Return-Led Winner,Grass-Liability,STALE_NON_AUTHORITATIVE_NOT_REGENERATED,,,
Nao Hibino,All,13,13,Stable Sample,Raw Match Log Aggregate,0.6153846153846154,0.15384615384615385,9.923076923076923,18.76923076923077,0.7477477477477478,0.3898305084745763,0.6675,0.6453846153846153,0.5446153846153846,0.61187884615384609225,reconstructed_from_serve_components,7.923076923076923,2.8461538461538463,7.230769230769231,0.425531914893617,0.6231884057971014,21.750923076923076,,,,Stable Serve Profile,Strong Return Profile,Balanced BP Profile,High Ace Upside,Elevated DF Risk,Low-Data Separation Profile,Low-Data Resistance Profile,,,STALE_NON_AUTHORITATIVE_NOT_REGENERATED,,,
Nao Hibino,Hard,13,13,Stable Sample,Complete Profile,0.696969696969697,0.15384615384615385,9.923076923076923,18.76923076923077,0.7477477477477478,0.3898305084745763,0.6675,0.6453846153846153,0.5446153846153846,0.585,charting_raw_spw,7.923076923076923,2.8461538461538463,7.230769230769231,0.425531914893617,0.6231884057971014,0.48,0.532,1.16,10.0,Stable Serve Profile,Strong Return Profile,Balanced BP Profile,High Ace Upside,Elevated DF Risk,Controlled Separator,Stable Resistance,Volatile Upside Player,Hard-Control,STALE_NON_AUTHORITATIVE_NOT_REGENERATED,,,
Naomi Osaka,All,46,46,Stable Sample,Raw Match Log Aggregate,0.717391304347826,0.2826086956521739,12.088888888888889,21.5,0.7645875251509054,0.3395061728395062,0.585413043478261,0.7162173913043478,0.5069565217391304,0.6294605642722117178296786390,reconstructed_from_serve_components,5.933333333333334,2.880952380952381,7.673913043478261,0.46742209631728043,0.5714285714285714,0.4375844782608696,,,,Stable Serve Profile,Average Return Profile,Balanced BP Profile,High Ace Upside,Moderate DF Profile,Low-Data Separation Profile,Low-Data Resistance Profile,,,STALE_NON_AUTHORITATIVE_NOT_REGENERATED,,,
Naomi Osaka,Hard,46,24,Stable Sample,Complete Profile,0.6666666666666666,0.375,12.333333333333334,22.666666666666668,0.7692307692307693,0.3173431734317343,0.5922916666666667,0.72125,0.5148750000000001,0.625,charting_raw_spw,6.304347826086956,2.909090909090909,8.333333333333334,0.43,0.5827814569536424,0.445,0.535,1.19,8.3,Stable Serve Profile,Low Return Profile,Creator Profile,High Ace Upside,Moderate DF Profile,Controlled Separator,Resistance / Set Extension,Volatile Upside Player,Hard-Control,STALE_NON_AUTHORITATIVE_NOT_REGENERATED,,,
Naomi Osaka,Clay,46,10,Stable Sample,Complete Profile,0.7,0.3,11.7,22.7,0.7168141592920354,0.3302752293577982,0.5923999999999999,0.6818,0.47130000000000005,0.571,charting_raw_spw,4.5,3.2,6.8,0.5294117647058824,0.5555555555555556,0.453,0.515,1.06,6.8,Average Serve Profile,Average Return Profile,Balanced BP Profile,High Ace Upside,Moderate DF Profile,Neutral Separation Profile,Resistance / Set Extension,Volatile Upside Player,Clay-Control,STALE_NON_AUTHORITATIVE_NOT_REGENERATED,,,
Naomi Osaka,Grass,46,12,Stable Sample,Complete Profile,0.7,0.08333333333333333,11.909090909090908,18.166666666666668,0.8018018018018018,0.4056603773584906,0.5658333333333334,0.7348333333333333,0.5208333333333334,0.632,charting_raw_spw,6.416666666666667,2.5,7.083333333333333,0.5058823529411764,0.56,0.445,0.538,1.21,10.0,Stable Serve Profile,Strong Return Profile,Balanced BP Profile,Grass Ace Boost,Moderate DF Profile,Clean Separator,Serve-Hold Resistance,Volatile Upside Player,Grass-Control,STALE_NON_AUTHORITATIVE_NOT_REGENERATED,,,
Nikola Bartunkova,All,53,53,Stable Sample,Raw Match Log Aggregate,0.5849056603773585,0.49056603773584906,12.264150943396226,23.81132075471698,0.7069243156199678,0.3397745571658615,0.546433962264151,0.6947358490566038,0.48603773584905663,0.6000774727661089737068743325,reconstructed_from_serve_components,4.469387755102041,4.568627450980392,8.754716981132075,0.4547413793103448,0.5635491606714629,0.43657320754716983,,,,Average Serve Profile,Average Return Profile,Creator Profile,High Ace Upside,Elevated DF Risk,Low-Data Separation Profile,Low-Data Resistance Profile,,,STALE_NON_AUTHORITATIVE_NOT_REGENERATED,,,
Nikola Bartunkova,Hard,53,37,Stable Sample,Complete Profile,0.6,0.43243243243243246,12.162162162162161,22.783783783783782,0.7163461538461539,0.36626506024096384,0.553918918918919,0.702081081081081,0.49545945945945946,0.576,charting_raw_spw,4.428571428571429,4.0,8.486486486486486,0.4840764331210191,0.5597014925373134,0.433,0.504,1.02,6.2,Average Serve Profile,Average Return Profile,Creator Profile,High Ace Upside,Elevated DF Risk,Neutral Separation Profile,Resistance / Set Extension,Volatile Upside Player,Hard-Pressure,STALE_NON_AUTHORITATIVE_NOT_REGENERATED,,,
Nikola Bartunkova,Clay,53,10,Stable Sample,Complete Profile,0.5,0.6,11.0,23.9,0.6016949152542372,0.3305084745762712,0.5022000000000001,0.6467999999999999,0.43920000000000003,0.562,charting_raw_spw,4.375,6.5,9.1,0.42857142857142855,0.5252525252525253,0.4,0.483,0.91,1.3,Fragile Serve Profile,Average Return Profile,Creator Profile,Playable Ace Volume,High DF Liability,Backdoor Risk,Resistance / Set Extension,Volatile Upside Player,Clay-Liability,STALE_NON_AUTHORITATIVE_NOT_REGENERATED,,,
Nikola Bartunkova,Grass,53,6,Stable Sample,Complete Profile,0.5714285714285714,0.6666666666666666,15.0,30.0,0.8045977011494253,0.22727272727272727,0.574,0.7293333333333334,0.506,0.592,charting_raw_spw,4.833333333333333,4.666666666666667,9.833333333333334,0.3389830508474576,0.66,0.441,0.512,1.08,6.9,Stable Serve Profile,Weak Return Profile,Balanced BP Profile,Playable Ace Volume,Elevated DF Risk,Serve-Led Separator,Resistance / Set Extension,Volatile Upside Player,Grass-Control,STALE_NON_AUTHORITATIVE_NOT_REGENERATED,,,
Nina Stojanovic,All,1,1,Low Surface Data,Raw Match Log Aggregate,1.0,1.0,18.0,32.0,0.8125,0.3333333333333333,0.68,0.72,0.55,0.6656,reconstructed_from_serve_components,1.0,0.0,9.0,0.5555555555555556,0.5,0.3834,,,,Average Serve Profile,Average Return Profile,Creator Profile,Low Ace Profile,Clean DF Profile,Low-Data Separation Profile,Low-Data Resistance Profile,,,STALE_NON_AUTHORITATIVE_NOT_REGENERATED,,,
Noma Noha Akugue,All,10,10,Stable Sample,Raw Match Log Aggregate,0.6,0.3,11.0,21.8,0.6330275229357798,0.38317757009345793,0.6111,0.5936,0.48310000000000003,0.550626550000000011667,reconstructed_from_serve_components,2.2,3.6,7.4,0.5540540540540541,0.6116504854368932,0.42797999999999997,,,,Fragile Serve Profile,Strong Return Profile,Balanced BP Profile,Low Ace Profile,Elevated DF Risk,Low-Data Separation Profile,Low-Data Resistance Profile,,,STALE_NON_AUTHORITATIVE_NOT_REGENERATED,,,
Noma Noha Akugue,Clay,10,10,Stable Sample,Complete Profile,0.6,0.3,11.0,21.8,0.6330275229357798,0.38317757009345793,0.6111,0.5936,0.48310000000000003,0.553,charting_raw_spw,2.2,3.6,7.4,0.5540540540540541,0.6116504854368932,0.449,0.503,1,5.1,Fragile Serve Profile,Strong Return Profile,Balanced BP Profile,Low Ace Profile,Elevated DF Risk,Break-and-Giveback Risk,Resistance / Set Extension,Return-Led Winner,Clay-Resistance,STALE_NON_AUTHORITATIVE_NOT_REGENERATED,,,
Oceane Dodin,All,6,6,Stable Sample,Raw Match Log Aggregate,0.8,0.5,5.0,24.8,0.625,0.0,0.56,0.72,0.35,0.5572,reconstructed_from_serve_components,1.0,5.0,0.3333333333333333,0.0,0.5,0.254,,,,Serve Liability,Weak Return Profile,Balanced BP Profile,Opponent-Dependent Ace Profile,High DF Liability,Low-Data Separation Profile,Low-Data Resistance Profile,,,STALE_NON_AUTHORITATIVE_NOT_REGENERATED,,,
Oceane Dodin,Hard,6,6,Stable Sample,Complete Profile,0.56,0.5,5.0,24.8,0.625,0.0,0.56,0.72,0.35,0.589,charting_raw_spw,1.0,5.0,0.3333333333333333,0.0,0.5,0.42,0.501,1.02,2.3,Serve Liability,Weak Return Profile,Balanced BP Profile,Opponent-Dependent Ace Profile,High DF Liability,Backdoor Risk,Resistance / Set Extension,Volatile Upside Player,Hard-Neutral,STALE_NON_AUTHORITATIVE_NOT_REGENERATED,,,
Oksana Selekhmeteva,All,30,30,Stable Sample,Raw Match Log Aggregate,0.41379310344827586,0.43333333333333335,11.275862068965518,23.275862068965516,0.5915915915915916,0.3911764705882353,0.636,0.6046333333333334,0.44356666666666666,0.54600506666666670664,reconstructed_from_serve_components,3.0869565217391304,7.964285714285714,10.0,0.44333333333333336,0.5420875420875421,0.45575119999999997,,,,Fragile Serve Profile,Strong Return Profile,Creator Profile,Opponent-Dependent Ace Profile,High DF Liability,Low-Data Separation Profile,Low-Data Resistance Profile,,,STALE_NON_AUTHORITATIVE_NOT_REGENERATED,,,
Oksana Selekhmeteva,Hard,30,13,Stable Sample,Complete Profile,0.4166666666666667,0.46153846153846156,11.833333333333334,23.5,0.6524822695035462,0.3680555555555556,0.6738461538461539,0.6310769230769231,0.48599999999999993,0.533,charting_raw_spw,2.4545454545454546,6.363636363636363,9.307692307692308,0.4380165289256198,0.5882352941176471,0.444,0.488,0.95,4.1,Average Serve Profile,Average Return Profile,Creator Profile,Opponent-Dependent Ace Profile,High DF Liability,Backdoor Risk,Resistance / Set Extension,Return-Led Winner,Hard-Pressure,STALE_NON_AUTHORITATIVE_NOT_REGENERATED,,,
Oksana Selekhmeteva,Grass,30,4,Usable / Thin,Low Surface Sample,0.5,0.5,13.0,25.0,0.66,0.40425531914893614,0.5775,0.65625,0.47225,0.596,charting_raw_spw,6.666666666666667,10.5,10.5,0.4523809523809524,0.6304347826086957,0.451,0.524,1.12,7.5,Average Serve Profile,Strong Return Profile,Strong Creator / Strong Survivor,Grass Ace Boost,High DF Liability,Break-and-Giveback Risk,Resistance / Set Extension,Volatile Upside Player,Grass-Control,STALE_NON_AUTHORITATIVE_NOT_REGENERATED,,,
Oleksandra Oliynykova,All,39,39,Stable Sample,Raw Match Log Aggregate,0.5675675675675675,0.28205128205128205,10.88888888888889,21.0,0.5923076923076923,0.41012658227848103,0.7567894736842107,0.5771081081081081,0.4088918918918919,0.5361961536273115471007112376,reconstructed_from_serve_components,1.588235294117647,3.5294117647058822,8.947368421052632,0.47352941176470587,0.568733153638814,0.4632743243243243,,,,Fragile Serve Profile,Strong Return Profile,Creator Profile,Low Ace Profile,Elevated DF Risk,Low-Data Separation Profile,Low-Data Resistance Profile,,,STALE_NON_AUTHORITATIVE_NOT_REGENERATED,,,
Oleksandra Oliynykova,Hard,39,15,Stable Sample,Complete Profile,0.6,0.13333333333333333,11.142857142857142,20.0,0.6622516556291391,0.35668789808917195,0.6779285714285714,0.5949285714285714,0.46142857142857147,0.582,charting_raw_spw,1.5,3.857142857142857,8.333333333333334,0.44,0.6510067114093959,0.417,0.502,1,6.2,Fragile Serve Profile,Average Return Profile,Creator Profile,Low Ace Profile,Elevated DF Risk,Neutral Separation Profile,Neutral Resistance Profile,Return-Led Winner,Hard-Pressure,STALE_NON_AUTHORITATIVE_NOT_REGENERATED,,,
Oleksandra Oliynykova,Clay,39,22,Stable Sample,Complete Profile,0.5882352941176471,0.36363636363636365,11.2,21.9,0.5636363636363636,0.463302752293578,0.8156818181818182,0.5722380952380953,0.38704761904761903,0.533,charting_raw_spw,1.625,3.3157894736842106,9.714285714285714,0.4950980392156863,0.5270935960591133,0.469,0.501,1,5.0,Serve Liability,Elite Return Profile,Creator Profile,Low Ace Profile,Moderate DF Profile,Break-and-Giveback Risk,Resistance / Set Extension,Return-Led Winner,Clay-Pressure,STALE_NON_AUTHORITATIVE_NOT_REGENERATED,,,
Oleksandra Oliynykova,Grass,39,2,Low Surface Data,Low Surface Sample,0.0,0.5,6.0,19.5,0.3684210526315789,0.25,0.6609999999999999,0.5035000000000001,0.2705,0.325,charting_raw_spw,2.0,3.0,5.5,0.45454545454545453,0.3684210526315789,0.2,0.271,0.3,1.0,Serve Liability,Weak Return Profile,Balanced BP Profile,Low Ace Profile,Moderate DF Profile,Backdoor Risk,Resistance / Set Extension,Balanced Winner,Grass-Liability,STALE_NON_AUTHORITATIVE_NOT_REGENERATED,,,
Olga Danilovic,All,1,1,Low Surface Data,Raw Match Log Aggregate,1.0,1.0,12.0,32.0,0.7777777777777778,0.5,0.55,0.74,0.41,0.5915,reconstructed_from_serve_components,1.0,1.0,12.0,0.4166666666666667,0.0,0.504,,,,Fragile Serve Profile,Elite Return Profile,Creator Profile,Low Ace Profile,Moderate DF Profile,Low-Data Separation Profile,Low-Data Resistance Profile,,,STALE_NON_AUTHORITATIVE_NOT_REGENERATED,,,
Olivia Gadecki,All,2,2,Low Surface Data,Raw Match Log Aggregate,0.5,0.0,,18.0,,,,,,,missing_service_components,,,,,,,,,,Low-Data Serve Profile,Low-Data Return Profile,Low-Data BP Profile,Low-Data Ace Profile,Low-Data DF Profile,Low-Data Separation Profile,Low-Data Resistance Profile,,,STALE_NON_AUTHORITATIVE_NOT_REGENERATED,,,
Panna Udvardy,All,45,45,Stable Sample,Raw Match Log Aggregate,0.4666666666666667,0.3111111111111111,9.755555555555556,20.91111111111111,0.6559139784946236,0.2945054945054945,0.5585111111111112,0.6487333333333334,0.47115555555555555,0.5703347175308642480969135803,reconstructed_from_serve_components,2.948717948717949,2.7857142857142856,6.622222222222222,0.44966442953020136,0.5195195195195195,0.4137578888888889,,,,Average Serve Profile,Low Return Profile,Balanced BP Profile,Playable Ace Volume,Moderate DF Profile,Low-Data Separation Profile,Low-Data Resistance Profile,,,STALE_NON_AUTHORITATIVE_NOT_REGENERATED,,,
Panna Udvardy,Hard,45,18,Stable Sample,Complete Profile,0.42857142857142855,0.2222222222222222,9.277777777777779,20.333333333333332,0.6779661016949152,0.27011494252873564,0.5235,0.6652222222222223,0.47733333333333333,0.567,charting_raw_spw,2.75,2.875,6.055555555555555,0.43119266055045874,0.5777777777777777,0.406,0.485,0.94,2.4,Average Serve Profile,Weak Return Profile,Balanced BP Profile,Playable Ace Volume,Moderate DF Profile,Neutral Separation Profile,Volatile Resistance,Volatile Upside Player,Hard-Neutral,STALE_NON_AUTHORITATIVE_NOT_REGENERATED,,,
Panna Udvardy,Clay,45,18,Stable Sample,Complete Profile,0.631578947368421,0.3333333333333333,9.88888888888889,20.833333333333332,0.6190476190476191,0.3333333333333333,0.5917222222222221,0.6175,0.4766111111111111,0.579,charting_raw_spw,2.142857142857143,2.176470588235294,7.111111111111111,0.4765625,0.49295774647887325,0.439,0.509,1.04,4.2,Fragile Serve Profile,Average Return Profile,Balanced BP Profile,Opponent-Dependent Ace Profile,Moderate DF Profile,Backdoor Risk,Resistance / Set Extension,Return-Led Winner,Clay-Neutral,STALE_NON_AUTHORITATIVE_NOT_REGENERATED,,,
Panna Udvardy,Grass,45,9,Stable Sample,Complete Profile,0.4,0.4444444444444444,10.444444444444445,22.22222222222222,0.6868686868686869,0.2653061224489796,0.5621111111111111,0.6782222222222223,0.4478888888888889,0.564,charting_raw_spw,4.555555555555555,3.7777777777777777,6.777777777777778,0.4262295081967213,0.44642857142857145,0.37,0.474,0.85,1.0,Average Serve Profile,Weak Return Profile,Balanced BP Profile,Grass Ace Boost,Elevated DF Risk,Low Separation Profile,Resistance / Set Extension,Volatile Upside Player,Grass-Neutral,STALE_NON_AUTHORITATIVE_NOT_REGENERATED,,,
Paula Badosa,All,41,41,Stable Sample,Raw Match Log Aggregate,0.5641025641025641,0.36585365853658536,11.5,22.94871794871795,0.6409638554216868,0.38345864661654133,0.571225,0.666825,0.4034,0.553874945625,reconstructed_from_serve_components,3.675675675675676,6.55,9.5,0.43157894736842106,0.5373563218390804,0.44507242500000005,,,,Fragile Serve Profile,Strong Return Profile,Creator Profile,Playable Ace Volume,High DF Liability,Low-Data Separation Profile,Low-Data Resistance Profile,,,STALE_NON_AUTHORITATIVE_NOT_REGENERATED,,,
Paula Badosa,Hard,41,22,Stable Sample,Complete Profile,0.4444444444444444,0.36363636363636365,11.421052631578947,22.0,0.677570093457944,0.37254901960784315,0.565952380952381,0.6827142857142857,0.41871428571428565,0.577,charting_raw_spw,4.1,6.761904761904762,8.523809523809524,0.44692737430167595,0.5852272727272727,0.426,0.503,1.01,5.1,Fragile Serve Profile,Average Return Profile,Creator Profile,High Ace Upside,High DF Liability,Backdoor Risk,Resistance / Set Extension,Volatile Upside Player,Hard-Pressure,STALE_NON_AUTHORITATIVE_NOT_REGENERATED,,,
Paula Badosa,Clay,41,15,Stable Sample,Complete Profile,0.5714285714285714,0.4,11.857142857142858,24.266666666666666,0.5987654320987654,0.43125,0.5834,0.6485333333333333,0.40419999999999995,0.548,charting_raw_spw,3.0,6.866666666666666,11.933333333333334,0.4245810055865922,0.5,0.469,0.506,1.04,4.3,Fragile Serve Profile,Elite Return Profile,Creator Profile,Playable Ace Volume,High DF Liability,Break-and-Giveback Risk,Resistance / Set Extension,Volatile Upside Player,Clay-Pressure,STALE_NON_AUTHORITATIVE_NOT_REGENERATED,,,
Paula Badosa,Grass,41,4,Usable / Thin,Low Surface Sample,0.4,0.25,10.333333333333334,23.0,0.6153846153846154,0.22857142857142856,0.55325,0.652,0.32,0.591,charting_raw_spw,4.0,4.25,5.5,0.36363636363636365,0.4230769230769231,0.384,0.485,0.94,1.0,Serve Liability,Weak Return Profile,Balanced BP Profile,Grass Ace Boost,Pressure DF Risk,Backdoor Risk,Collapse Risk,Volatile Upside Player,Grass-Neutral,STALE_NON_AUTHORITATIVE_NOT_REGENERATED,,,
Petra Marcinko,All,36,36,Stable Sample,Raw Match Log Aggregate,0.4722222222222222,0.3611111111111111,11.030303030303031,21.833333333333332,0.6222826086956522,0.3739612188365651,0.5936363636363636,0.6535757575757576,0.41084848484848485,0.5549402203856749373099173554,reconstructed_from_serve_components,2.9285714285714284,5.59375,8.055555555555555,0.46551724137931033,0.513986013986014,0.4565112727272727,,,,Fragile Serve Profile,Average Return Profile,Creator Profile,Playable Ace Volume,High DF Liability,Low-Data Separation Profile,Low-Data Resistance Profile,,,STALE_NON_AUTHORITATIVE_NOT_REGENERATED,,,
Petra Marcinko,Hard,36,14,Stable Sample,Complete Profile,0.25,0.21428571428571427,9.454545454545455,20.0,0.5982905982905983,0.2956521739130435,0.6266363636363635,0.6362727272727272,0.38436363636363635,0.522,charting_raw_spw,2.7,4.6,5.428571428571429,0.4473684210526316,0.4659090909090909,0.421,0.469,0.88,1.0,Serve Liability,Low Return Profile,Balanced BP Profile,Playable Ace Volume,Pressure DF Risk,Low Separation Profile,Volatile Resistance,Return-Led Winner,Hard-Liability,STALE_NON_AUTHORITATIVE_NOT_REGENERATED,,,
Petra Marcinko,Clay,36,15,Stable Sample,Complete Profile,0.7272727272727273,0.3333333333333333,11.0,21.266666666666666,0.5822784810126582,0.47096774193548385,0.5584666666666667,0.6563333333333334,0.4146666666666667,0.559,charting_raw_spw,2.272727272727273,5.133333333333334,9.266666666666667,0.5251798561151079,0.5074626865671642,0.49,0.525,1.11,5.7,Fragile Serve Profile,Elite Return Profile,Creator Profile,Opponent-Dependent Ace Profile,High DF Liability,Break-and-Giveback Risk,Resistance / Set Extension,Return-Led Winner,Clay-Pressure,STALE_NON_AUTHORITATIVE_NOT_REGENERATED,,,
Petra Marcinko,Grass,36,7,Stable Sample,Complete Profile,0.6,0.7142857142857143,13.571428571428571,26.714285714285715,0.7204301075268817,0.3076923076923077,0.6171428571428571,0.6748571428571428,0.4442857142857143,0.558,charting_raw_spw,4.285714285714286,8.0,10.714285714285714,0.37333333333333335,0.59375,0.443,0.5,1,4.7,Average Serve Profile,Low Return Profile,Balanced BP Profile,Playable Ace Volume,High DF Liability,Neutral Separation Profile,Resistance / Set Extension,Volatile Upside Player,Grass-Neutral,STALE_NON_AUTHORITATIVE_NOT_REGENERATED,,,
Peyton Stearns,All,45,45,Stable Sample,Raw Match Log Aggregate,0.5333333333333333,0.3111111111111111,11.181818181818182,21.711111111111112,0.679324894514768,0.3609341825902335,0.5924444444444444,0.6566222222222222,0.46542222222222224,0.5786975999999999855822222222,reconstructed_from_serve_components,3.6222222222222222,3.840909090909091,8.866666666666667,0.43358395989974935,0.5611111111111111,0.4447274666666667,,,,Average Serve Profile,Average Return Profile,Creator Profile,Playable Ace Volume,Elevated DF Risk,Low-Data Separation Profile,Low-Data Resistance Profile,,,STALE_NON_AUTHORITATIVE_NOT_REGENERATED,,,
Peyton Stearns,Hard,45,28,Stable Sample,Complete Profile,0.5185185185185185,0.39285714285714285,11.814814814814815,22.428571428571427,0.68,0.3859060402684564,0.5873571428571428,0.6565357142857142,0.45824999999999994,0.583,charting_raw_spw,3.9285714285714284,4.285714285714286,9.785714285714286,0.4306569343065693,0.5299539170506913,0.435,0.509,1.04,5.9,Average Serve Profile,Strong Return Profile,Creator Profile,High Ace Upside,Elevated DF Risk,Neutral Separation Profile,Resistance / Set Extension,Volatile Upside Player,Hard-Control,STALE_NON_AUTHORITATIVE_NOT_REGENERATED,,,
Peyton Stearns,Grass,45,5,Usable / Thin,Complete Profile,0.0,0.0,8.6,19.0,0.6875,0.2127659574468085,0.605,0.636,0.4692,0.561,charting_raw_spw,3.4,3.2,6.0,0.3333333333333333,0.6511627906976745,0.367,0.472,0.83,1.8,Average Serve Profile,Weak Return Profile,Balanced BP Profile,Grass Ace Boost,Elevated DF Risk,Low Separation Profile,Volatile Resistance,Volatile Upside Player,Grass-Neutral,STALE_NON_AUTHORITATIVE_NOT_REGENERATED,,,
Polina Iatcenko,All,3,3,Usable / Thin,Raw Match Log Aggregate,0.0,0.3333333333333333,9.5,20.333333333333332,0.6818181818181818,0.18181818181818182,0.595,0.6,0.53,0.57165,reconstructed_from_serve_components,1.5,4.0,7.5,0.26666666666666666,0.46153846153846156,0.3579,,,,Average Serve Profile,Weak Return Profile,Balanced BP Profile,Opponent-Dependent Ace Profile,Elevated DF Risk,Low-Data Separation Profile,Low-Data Resistance Profile,,,STALE_NON_AUTHORITATIVE_NOT_REGENERATED,,,
Polina Kudermetova,All,47,47,Stable Sample,Raw Match Log Aggregate,0.6086956521739131,0.3617021276595745,10.906976744186046,21.32608695652174,0.6335403726708074,0.3634453781512605,0.4998957446808511,0.5623638297872341,0.38083404255319153,0.4715800107243096979788859212,reconstructed_from_serve_components,3.4186046511627906,5.75,7.170212765957447,0.5133531157270029,0.5148247978436657,0.4310181276595745,,,,Serve Liability,Average Return Profile,Balanced BP Profile,Playable Ace Volume,High DF Liability,Low-Data Separation Profile,Low-Data Resistance Profile,,,STALE_NON_AUTHORITATIVE_NOT_REGENERATED,,,
Polina Kudermetova,Hard,47,27,Stable Sample,Complete Profile,0.2857142857142857,0.2222222222222222,10.625,19.692307692307693,0.6328125,0.36904761904761907,0.5615925925925925,0.6387777777777778,0.4298148148148148,0.538,charting_raw_spw,3.04,4.923076923076923,6.2592592592592595,0.5502958579881657,0.5102040816326531,0.423,0.482,0.92,2.1,Fragile Serve Profile,Average Return Profile,Balanced BP Profile,Playable Ace Volume,High DF Liability,Backdoor Risk,Volatile Resistance,Volatile Upside Player,Hard-Liability,STALE_NON_AUTHORITATIVE_NOT_REGENERATED,,,
Polina Kudermetova,Clay,47,7,Stable Sample,Complete Profile,0.5,0.42857142857142855,12.428571428571429,24.714285714285715,0.5930232558139535,0.43373493975903615,0.5892857142857143,0.6058571428571429,0.44885714285714284,0.506,charting_raw_spw,4.4,6.833333333333333,10.428571428571429,0.4931506849315068,0.5783132530120482,0.429,0.469,0.87,1.9,Fragile Serve Profile,Strong Return Profile,Creator Profile,Playable Ace Volume,High DF Liability,Break-and-Giveback Risk,Resistance / Set Extension,Volatile Upside Player,Clay-Pressure,STALE_NON_AUTHORITATIVE_NOT_REGENERATED,,,
Polina Kudermetova,Grass,47,13,Stable Sample,Complete Profile,0.0,0.6153846153846154,10.583333333333334,22.76923076923077,0.6595744680851063,0.3120567375886525,0.3236230769230769,0.3802384615384615,0.24247692307692312,0.529,charting_raw_spw,3.769230769230769,7.0,7.3076923076923075,0.4631578947368421,0.4673913043478261,0.263,0.402,0.56,1.2,Serve Liability,Weak Return Profile,Balanced BP Profile,Playable Ace Volume,High DF Liability,Backdoor Risk,Resistance / Set Extension,Volatile Upside Player,Grass-Liability,STALE_NON_AUTHORITATIVE_NOT_REGENERATED,,,
Polona Hercog,All,1,1,Low Surface Data,Raw Match Log Aggregate,0.0,0.0,3.0,15.0,0.42857142857142855,0.0,0.54,0.6,0.24,0.4344,reconstructed_from_serve_components,0.0,3.0,2.0,0.0,0.0,0.252,,,,Serve Liability,Weak Return Profile,Low Pressure / Weak Survivor,Low Ace Profile,Pressure DF Risk,Low-Data Separation Profile,Low-Data Resistance Profile,,,STALE_NON_AUTHORITATIVE_NOT_REGENERATED,,,
Priscilla Hon,All,1,1,Low Surface Data,Raw Match Log Aggregate,0.0,0.0,,20.0,,,,,,,missing_service_components,,,,,,,,,,Low-Data Serve Profile,Low-Data Return Profile,Low-Data BP Profile,Low-Data Ace Profile,Low-Data DF Profile,Low-Data Separation Profile,Low-Data Resistance Profile,,,STALE_NON_AUTHORITATIVE_NOT_REGENERATED,,,
Putintseva Y.,All,1,1,Low Surface Data,Raw Match Log Aggregate,1.0,0.0,12.0,21.0,0.6,0.6,0.63,0.65,0.33,0.5316,reconstructed_from_serve_components,2.0,4.0,10.0,0.6,0.5555555555555556,0.534,,,,Serve Liability,Elite Return Profile,Creator Profile,Opponent-Dependent Ace Profile,Elevated DF Risk,Low-Data Separation Profile,Low-Data Resistance Profile,,,STALE_NON_AUTHORITATIVE_NOT_REGENERATED,,,
Qinwen Zheng,All,39,39,Stable Sample,Raw Match Log Aggregate,0.6153846153846154,0.5641025641025641,12.384615384615385,24.205128205128204,0.7625272331154684,0.2885032537960954,0.5423846153846155,0.7459230769230768,0.4846923076923077,0.6263798579881656473804733728,reconstructed_from_serve_components,7.461538461538462,4.3076923076923075,7.410256410256411,0.45674740484429066,0.6156583629893239,0.41370171794871796,,,,Stable Serve Profile,Low Return Profile,Balanced BP Profile,High Ace Upside,Elevated DF Risk,Low-Data Separation Profile,Low-Data Resistance Profile,,,STALE_NON_AUTHORITATIVE_NOT_REGENERATED,,,
Qinwen Zheng,Hard,39,27,Stable Sample,Complete Profile,0.6363636363636364,0.5185185185185185,12.333333333333334,23.444444444444443,0.7836065573770492,0.30618892508143325,0.5254814814814814,0.7574074074074075,0.49281481481481476,0.626,charting_raw_spw,6.962962962962963,4.222222222222222,7.777777777777778,0.44761904761904764,0.6526315789473685,0.411,0.518,1.1,7.0,Stable Serve Profile,Low Return Profile,Balanced BP Profile,High Ace Upside,Elevated DF Risk,Controlled Separator,Resistance / Set Extension,Volatile Upside Player,Hard-Control,STALE_NON_AUTHORITATIVE_NOT_REGENERATED,,,
Qinwen Zheng,Clay,39,6,Stable Sample,Complete Profile,0.5,0.6666666666666666,11.833333333333334,24.833333333333332,0.6891891891891891,0.2702702702702703,0.5965,0.6990000000000001,0.42083333333333334,0.615,charting_raw_spw,9.5,4.833333333333333,5.0,0.6666666666666666,0.5490196078431373,0.403,0.509,1.05,4.1,Fragile Serve Profile,Weak Return Profile,Balanced BP Profile,High Ace Upside,Elevated DF Risk,Neutral Separation Profile,Resistance / Set Extension,Volatile Upside Player,Clay-Neutral,STALE_NON_AUTHORITATIVE_NOT_REGENERATED,,,
Qinwen Zheng,Grass,39,6,Stable Sample,Complete Profile,0.3333333333333333,0.6666666666666666,13.166666666666666,27.0,0.75,0.2375,0.5643333333333334,0.7411666666666666,0.512,0.672,charting_raw_spw,7.666666666666667,4.166666666666667,8.166666666666666,0.3673469387755102,0.525,0.322,0.49,0.98,4.3,Average Serve Profile,Weak Return Profile,Balanced BP Profile,Grass Ace Boost,Elevated DF Risk,Neutral Separation Profile,Resistance / Set Extension,Volatile Upside Player,Grass-Neutral,STALE_NON_AUTHORITATIVE_NOT_REGENERATED,,,
Ran Zhang,All,1,1,Low Surface Data,Raw Match Log Aggregate,0.0,1.0,,26.0,1.0,0.0,0.61,0.3,0.38,0.3312,reconstructed_from_serve_components,0.0,2.0,0.0,,0.2857142857142857,0.0993,,,,Serve Liability,Weak Return Profile,Low-Data BP Profile,Low Ace Profile,Pressure DF Risk,Low-Data Separation Profile,Low-Data Resistance Profile,,,STALE_NON_AUTHORITATIVE_NOT_REGENERATED,,,
Rebecca Marino,All,1,1,Low Surface Data,Raw Match Log Aggregate,0.0,0.0,17.0,22.0,0.5625,0.5333333333333333,0.63,0.6,0.47,0.5519,reconstructed_from_serve_components,2.0,8.0,17.0,0.47058823529411764,0.36363636363636365,0.4708,,,,Serve Liability,Elite Return Profile,Strong Creator / Weak Survivor,Opponent-Dependent Ace Profile,High DF Liability,Low-Data Separation Profile,Low-Data Resistance Profile,,,STALE_NON_AUTHORITATIVE_NOT_REGENERATED,,,
Rebecca Marino,Hard,1,1,Low Surface Data,Low Surface Sample,0.5555555555555556,0.0,17.0,22.0,0.5625,0.5333333333333333,0.63,0.6,0.47,0.61,charting_raw_spw,2.0,8.0,17.0,0.47058823529411764,0.36363636363636365,0.444,0.524,1.14,5.4,Serve Liability,Elite Return Profile,Strong Creator / Weak Survivor,Opponent-Dependent Ace Profile,High DF Liability,Break-and-Giveback Risk,Collapse Risk,Volatile Upside Player,Hard-Pressure,STALE_NON_AUTHORITATIVE_NOT_REGENERATED,,,
Rebecca Sramkova,All,28,28,Stable Sample,Raw Match Log Aggregate,0.5185185185185185,0.2857142857142857,11.304347826086957,20.85185185185185,0.6812749003984063,0.3515625,0.5935833333333332,0.6294583333333333,0.4509583333333333,0.5569129583333332762000000000,reconstructed_from_serve_components,4.956521739130435,3.5217391304347827,6.535714285714286,0.4918032786885246,0.574468085106383,0.43306825,,,,Average Serve Profile,Average Return Profile,Balanced BP Profile,High Ace Upside,Elevated DF Risk,Low-Data Separation Profile,Low-Data Resistance Profile,,,STALE_NON_AUTHORITATIVE_NOT_REGENERATED,,,
Rebecca Sramkova,Hard,28,28,Stable Sample,Complete Profile,0.3333333333333333,0.2857142857142857,11.304347826086957,20.85185185185185,0.6812749003984063,0.3515625,0.5935833333333332,0.6294583333333333,0.4509583333333333,0.554,charting_raw_spw,4.956521739130435,3.5217391304347827,6.535714285714286,0.4918032786885246,0.574468085106383,0.413,0.483,0.93,4.4,Average Serve Profile,Average Return Profile,Balanced BP Profile,High Ace Upside,Elevated DF Risk,Neutral Separation Profile,Volatile Resistance,Volatile Upside Player,Hard-Neutral,STALE_NON_AUTHORITATIVE_NOT_REGENERATED,,,
Rebeka Masarova,All,30,30,Stable Sample,Raw Match Log Aggregate,0.6333333333333333,0.5666666666666667,12.310344827586206,23.433333333333334,0.7159763313609467,0.3382352941176471,0.6232413793103447,0.7099310344827587,0.44775862068965516,0.6111553174791914500662782402,reconstructed_from_serve_components,6.0,4.379310344827586,8.233333333333333,0.46558704453441296,0.5983263598326359,0.42903858620689656,,,,Average Serve Profile,Average Return Profile,Creator Profile,High Ace Upside,Elevated DF Risk,Low-Data Separation Profile,Low-Data Resistance Profile,,,STALE_NON_AUTHORITATIVE_NOT_REGENERATED,,,
Rebeka Masarova,Hard,30,10,Stable Sample,Complete Profile,0.42857142857142855,0.5,12.2,23.6,0.6974789915966386,0.3277310924369748,0.6164000000000001,0.7071999999999999,0.48160000000000003,0.605,charting_raw_spw,5.0,3.9,8.5,0.4588235294117647,0.5764705882352941,0.371,0.488,0.94,3.7,Average Serve Profile,Low Return Profile,Creator Profile,High Ace Upside,Elevated DF Risk,Neutral Separation Profile,Resistance / Set Extension,Volatile Upside Player,Hard-Resistance,STALE_NON_AUTHORITATIVE_NOT_REGENERATED,,,
Rebeka Masarova,Clay,30,10,Stable Sample,Complete Profile,0.6666666666666666,0.7,12.1,24.0,0.6638655462184874,0.34710743801652894,0.6137,0.7064,0.3705,0.559,charting_raw_spw,5.1,5.2,8.5,0.49411764705882355,0.5454545454545454,0.396,0.48,0.9,2.4,Serve Liability,Average Return Profile,Creator Profile,High Ace Upside,Elevated DF Risk,Backdoor Risk,Resistance / Set Extension,Volatile Upside Player,Clay-Liability,STALE_NON_AUTHORITATIVE_NOT_REGENERATED,,,
Rebeka Masarova,Grass,30,10,Stable Sample,Complete Profile,0.5,0.5,12.666666666666666,22.7,0.8,0.34,0.6414444444444445,0.716888888888889,0.49599999999999994,0.626,charting_raw_spw,8.11111111111111,4.0,7.7,0.44155844155844154,0.696969696969697,0.38,0.512,1.02,7.4,Stable Serve Profile,Average Return Profile,Balanced BP Profile,High Ace Upside,Elevated DF Risk,Neutral Separation Profile,Resistance / Set Extension,Volatile Upside Player,Grass-Control,STALE_NON_AUTHORITATIVE_NOT_REGENERATED,,,
Reese Brantmeier,All,1,1,Low Surface Data,Raw Match Log Aggregate,0.0,0.0,,18.0,,,,,,,missing_service_components,,,,,,,,,,Low-Data Serve Profile,Low-Data Return Profile,Low-Data BP Profile,Low-Data Ace Profile,Low-Data DF Profile,Low-Data Separation Profile,Low-Data Resistance Profile,,,STALE_NON_AUTHORITATIVE_NOT_REGENERATED,,,
Renata Zarazua,All,74,74,Stable Sample,Raw Match Log Aggregate,0.4520547945205479,0.3783783783783784,10.18,21.397260273972602,0.6313799621928167,0.3302238805970149,0.7183333333333333,0.5923333333333334,0.4801568627450981,0.5607369607843137867607843137,reconstructed_from_serve_components,1.1,2.238095238095238,5.388888888888889,0.45618556701030927,0.5088607594936709,0.42638498039215683,,,,Fragile Serve Profile,Average Return Profile,Balanced BP Profile,Low Ace Profile,Clean DF Profile,Low-Data Separation Profile,Low-Data Resistance Profile,,,STALE_NON_AUTHORITATIVE_NOT_REGENERATED,,,
Renata Zarazua,Hard,74,43,Stable Sample,Complete Profile,0.5,0.3488372093023256,10.689655172413794,21.428571428571427,0.6489028213166145,0.32608695652173914,0.6979333333333334,0.6012666666666666,0.4782,0.569,charting_raw_spw,0.95,2.2962962962962963,5.829268292682927,0.4393305439330544,0.4788732394366197,0.43,0.499,1,3.5,Fragile Serve Profile,Low Return Profile,Balanced BP Profile,Low Ace Profile,Moderate DF Profile,Backdoor Risk,Resistance / Set Extension,Return-Led Winner,Hard-Neutral,STALE_NON_AUTHORITATIVE_NOT_REGENERATED,,,
Renata Zarazua,Clay,74,22,Stable Sample,Complete Profile,0.5,0.5454545454545454,9.583333333333334,22.272727272727273,0.5433070866141733,0.36220472440944884,0.7432500000000001,0.5463333333333333,0.47675000000000006,0.567,charting_raw_spw,1.6,2.2222222222222223,4.2272727272727275,0.4946236559139785,0.4727272727272727,0.451,0.51,1.04,5.5,Serve Liability,Average Return Profile,Low Pressure / Weak Survivor,Low Ace Profile,Clean DF Profile,Backdoor Risk,Resistance / Set Extension,Return-Led Winner,Clay-Neutral,STALE_NON_AUTHORITATIVE_NOT_REGENERATED,,,
Renata Zarazua,Grass,74,9,Stable Sample,Complete Profile,0.0,0.1111111111111111,9.333333333333334,19.11111111111111,0.6987951807228916,0.2988505747126437,0.7531111111111111,0.6238888888888888,0.4912222222222223,0.498,charting_raw_spw,1.2,2.0,6.222222222222222,0.4642857142857143,0.6527777777777778,0.234,0.372,0.47,3.0,Average Serve Profile,Weak Return Profile,Balanced BP Profile,Low Ace Profile,Clean DF Profile,Low Separation Profile,Neutral Resistance Profile,Serve-Led Winner,Grass-Neutral,STALE_NON_AUTHORITATIVE_NOT_REGENERATED,,,
Robin Brantmeier,All,1,1,Low Surface Data,Raw Match Log Aggregate,0.0,0.0,7.0,19.0,0.6666666666666666,0.1,0.59,0.64,0.44,0.5580,reconstructed_from_serve_components,5.0,3.0,7.0,0.14285714285714285,0.5714285714285714,0.3784,,,,Average Serve Profile,Weak Return Profile,Balanced BP Profile,High Ace Upside,Elevated DF Risk,Low-Data Separation Profile,Low-Data Resistance Profile,,,STALE_NON_AUTHORITATIVE_NOT_REGENERATED,,,
Robin Montgomery,All,12,12,Stable Sample,Raw Match Log Aggregate,0.75,0.25,10.0,21.416666666666668,0.6850393700787402,0.25984251968503935,0.5966666666666667,0.7066666666666667,0.4658333333333334,0.6095305555555556103611111111,reconstructed_from_serve_components,3.5,5.583333333333333,6.75,0.4444444444444444,0.463768115942029,0.3871583333333333,,,,Average Serve Profile,Weak Return Profile,Balanced BP Profile,Playable Ace Volume,High DF Liability,Low-Data Separation Profile,Low-Data Resistance Profile,,,STALE_NON_AUTHORITATIVE_NOT_REGENERATED,,,
Robin Montgomery,Hard,12,6,Stable Sample,Complete Profile,0.2857142857142857,0.3333333333333333,11.166666666666666,21.5,0.7301587301587301,0.328125,0.585,0.75,0.49,0.554,charting_raw_spw,4.333333333333333,5.666666666666667,7.166666666666667,0.4883720930232558,0.48484848484848486,0.381,0.465,0.85,2.3,Average Serve Profile,Low Return Profile,Balanced BP Profile,High Ace Upside,High DF Liability,Low Separation Profile,Resistance / Set Extension,Volatile Upside Player,Hard-Liability,STALE_NON_AUTHORITATIVE_NOT_REGENERATED,,,
Robin Montgomery,Grass,12,6,Stable Sample,Complete Profile,0.7,0.16666666666666666,8.833333333333334,21.333333333333332,0.640625,0.19047619047619047,0.6083333333333334,0.6633333333333333,0.44166666666666665,0.631,charting_raw_spw,2.6666666666666665,5.5,6.333333333333333,0.39473684210526316,0.4444444444444444,0.413,0.521,1.12,3.0,Serve Liability,Weak Return Profile,Balanced BP Profile,Playable Ace Volume,High DF Liability,Backdoor Risk,Collapse Risk,Volatile Upside Player,Grass-Neutral,STALE_NON_AUTHORITATIVE_NOT_REGENERATED,,,
Sachia Vickery,All,1,1,Low Surface Data,Raw Match Log Aggregate,0.0,0.0,6.0,18.0,0.4444444444444444,0.2222222222222222,0.57,0.52,0.35,0.4469,reconstructed_from_serve_components,1.0,5.0,4.0,0.5,0.2857142857142857,0.3388,,,,Serve Liability,Weak Return Profile,Low Pressure / Weak Survivor,Low Ace Profile,High DF Liability,Low-Data Separation Profile,Low-Data Resistance Profile,,,STALE_NON_AUTHORITATIVE_NOT_REGENERATED,,,
Salkova D.,All,1,1,Low Surface Data,Raw Match Log Aggregate,1.0,0.0,16.0,17.0,0.6153846153846154,0.6153846153846154,0.6,0.59,0.5,0.554,reconstructed_from_serve_components,2.0,6.0,14.0,0.5714285714285714,0.5833333333333334,0.572,,,,Fragile Serve Profile,Elite Return Profile,Creator Profile,Opponent-Dependent Ace Profile,High DF Liability,Low-Data Separation Profile,Low-Data Resistance Profile,,,STALE_NON_AUTHORITATIVE_NOT_REGENERATED,,,
Sara Bejlek,All,35,35,Stable Sample,Raw Match Log Aggregate,0.6285714285714286,0.2,11.06060606060606,20.02857142857143,0.6546546546546547,0.44410876132930516,0.6331515151515152,0.6211818181818183,0.49881818181818177,0.5762929035812672807152066116,reconstructed_from_serve_components,2.625,3.3448275862068964,9.121212121212121,0.4883720930232558,0.5247933884297521,0.4897062121212121,,,,Average Serve Profile,Elite Return Profile,Creator Profile,Low Ace Profile,Moderate DF Profile,Low-Data Separation Profile,Low-Data Resistance Profile,,,STALE_NON_AUTHORITATIVE_NOT_REGENERATED,,,
Sara Bejlek,Hard,35,23,Stable Sample,Complete Profile,0.6956521739130435,0.2608695652173913,12.409090909090908,20.782608695652176,0.721030042918455,0.4605263157894737,0.6227727272727273,0.6606363636363636,0.5327272727272727,0.573,charting_raw_spw,2.5714285714285716,3.3157894736842106,9.636363636363637,0.49528301886792453,0.5357142857142857,0.48,0.526,1.12,8.5,Average Serve Profile,Elite Return Profile,Creator Profile,Low Ace Profile,Moderate DF Profile,Clean Separator,Serve-Hold Resistance,Volatile Upside Player,Hard-Control,STALE_NON_AUTHORITATIVE_NOT_REGENERATED,,,
Sara Bejlek,Clay,35,10,Stable Sample,Complete Profile,0.3333333333333333,0.0,8.333333333333334,17.9,0.4936708860759494,0.4444444444444444,0.6574444444444445,0.5387777777777777,0.4425555555555556,0.498,charting_raw_spw,2.0,3.125,8.11111111111111,0.4931506849315068,0.4805194805194805,0.454,0.475,0.9,1.4,Serve Liability,Elite Return Profile,Creator Profile,Low Ace Profile,Elevated DF Risk,Break-and-Giveback Risk,Neutral Resistance Profile,Return-Led Winner,Clay-Pressure,STALE_NON_AUTHORITATIVE_NOT_REGENERATED,,,
Sara Bejlek,Grass,35,2,Low Surface Data,Low Surface Sample,0.2,0.5,8.5,22.0,0.5238095238095238,0.2727272727272727,0.638,0.5579999999999999,0.379,0.533,charting_raw_spw,4.0,4.5,8.0,0.375,0.6,0.408,0.468,0.87,1.0,Serve Liability,Weak Return Profile,Balanced BP Profile,Low Ace Profile,Elevated DF Risk,Backdoor Risk,Resistance / Set Extension,Balanced Winner,Grass-Liability,STALE_NON_AUTHORITATIVE_NOT_REGENERATED,,,
Sara Saito,All,1,1,Low Surface Data,Raw Match Log Aggregate,1.0,0.0,,14.0,,,,,,,missing_service_components,,,,,,,,,,Low-Data Serve Profile,Low-Data Return Profile,Low-Data BP Profile,Low-Data Ace Profile,Low-Data DF Profile,Low-Data Separation Profile,Low-Data Resistance Profile,,,STALE_NON_AUTHORITATIVE_NOT_REGENERATED,,,
Sara Sorribes Tormo,All,8,8,Stable Sample,Raw Match Log Aggregate,0.375,0.0,8.875,17.125,0.6268656716417911,0.4142857142857143,0.68625,0.565,0.54625,0.5591171875,reconstructed_from_serve_components,1.0,2.0,8.625,0.42028985507246375,0.48,0.49575,,,,Fragile Serve Profile,Strong Return Profile,Creator Profile,Low Ace Profile,Moderate DF Profile,Low-Data Separation Profile,Low-Data Resistance Profile,,,STALE_NON_AUTHORITATIVE_NOT_REGENERATED,,,
Sara Sorribes Tormo,Hard,8,0,No Surface Data,No Surface Match Sample,0.0,,,,,,,,,0.5,charting_raw_spw,,,,,,0.437,0.472,0.87,,No Surface Data,No Surface Data,No Surface Data,No Surface Data,No Surface Data,No Surface Data,No Surface Data,,,STALE_NON_AUTHORITATIVE_NOT_REGENERATED,,,
Sara Sorribes Tormo,Clay,8,5,Usable / Thin,Complete Profile,0.6818181818181818,0.0,9.8,17.2,0.7142857142857143,0.4318181818181818,0.738,0.602,0.56,0.538,charting_raw_spw,0.0,2.4,8.6,0.4418604651162791,0.5185185185185185,0.486,0.512,1.05,7.5,Average Serve Profile,Elite Return Profile,Creator Profile,Low Ace Profile,Moderate DF Profile,Controlled Separator,Serve-Hold Resistance,Return-Led Winner,Clay-Pressure,STALE_NON_AUTHORITATIVE_NOT_REGENERATED,,,
Sara Sorribes Tormo,Grass,8,3,Usable / Thin,Low Surface Sample,0.375,0.0,7.333333333333333,17.0,0.48,0.38461538461538464,0.6,0.5033333333333334,0.5233333333333333,0.528,charting_raw_spw,2.6666666666666665,1.3333333333333333,8.666666666666666,0.38461538461538464,0.43478260869565216,0.43,0.479,0.91,2.0,Serve Liability,Strong Return Profile,Balanced BP Profile,Playable Ace Volume,Clean DF Profile,Break-and-Giveback Risk,Neutral Resistance Profile,Volatile Upside Player,Grass-Pressure,STALE_NON_AUTHORITATIVE_NOT_REGENERATED,,,
Savannah Broadus,All,1,1,Low Surface Data,Raw Match Log Aggregate,0.0,0.0,,15.0,,,,,,,missing_service_components,,,,,,,,,,Low-Data Serve Profile,Low-Data Return Profile,Low-Data BP Profile,Low-Data Ace Profile,Low-Data DF Profile,Low-Data Separation Profile,Low-Data Resistance Profile,,,STALE_NON_AUTHORITATIVE_NOT_REGENERATED,,,
Shuai Zhang,All,39,39,Stable Sample,Raw Match Log Aggregate,0.5384615384615384,0.20512820512820512,10.128205128205128,19.641025641025642,0.6666666666666666,0.3733681462140992,0.6878974358974359,0.6418717948717949,0.4865897435897436,0.5934078685075608382545693623,reconstructed_from_serve_components,1.793103448275862,2.638888888888889,7.897435897435898,0.4642857142857143,0.5594405594405595,0.4494409487179487,,,,Average Serve Profile,Average Return Profile,Balanced BP Profile,Opponent-Dependent Ace Profile,Moderate DF Profile,Low-Data Separation Profile,Low-Data Resistance Profile,,,STALE_NON_AUTHORITATIVE_NOT_REGENERATED,,,
Shuai Zhang,Hard,39,17,Stable Sample,Complete Profile,0.5454545454545454,0.17647058823529413,10.058823529411764,19.11764705882353,0.660377358490566,0.4049079754601227,0.664470588235294,0.6306470588235293,0.49470588235294116,0.553,charting_raw_spw,1.25,2.4705882352941178,8.764705882352942,0.4429530201342282,0.5537190082644629,0.449,0.5,1,6.3,Average Serve Profile,Strong Return Profile,Creator Profile,Low Ace Profile,Moderate DF Profile,Break-and-Giveback Risk,Neutral Resistance Profile,Return-Led Winner,Hard-Pressure,STALE_NON_AUTHORITATIVE_NOT_REGENERATED,,,
Shuai Zhang,Clay,39,10,Stable Sample,Complete Profile,0.3,0.4,10.0,21.6,0.5566037735849056,0.37962962962962965,0.6970000000000001,0.5852999999999999,0.4144,0.546,charting_raw_spw,1.6666666666666667,3.7777777777777777,7.8,0.5256410256410257,0.5252525252525253,0.4,0.477,0.88,1.8,Serve Liability,Average Return Profile,Balanced BP Profile,Low Ace Profile,Elevated DF Risk,Backdoor Risk,Resistance / Set Extension,Return-Led Winner,Clay-Liability,STALE_NON_AUTHORITATIVE_NOT_REGENERATED,,,
Shuai Zhang,Grass,39,12,Stable Sample,Complete Profile,0.0,0.08333333333333333,10.333333333333334,18.75,0.7787610619469026,0.32142857142857145,0.7135000000000001,0.7049166666666666,0.53525,0.5,charting_raw_spw,2.4545454545454546,1.9,6.75,0.4444444444444444,0.6212121212121212,0.341,0.412,0.68,4.6,Stable Serve Profile,Weak Return Profile,Balanced BP Profile,Grass Ace Boost,Clean DF Profile,Low Separation Profile,Neutral Resistance Profile,Volatile Upside Player,Grass-Neutral,STALE_NON_AUTHORITATIVE_NOT_REGENERATED,,,
Sierra Sierra,All,1,1,Low Surface Data,Raw Match Log Aggregate,0.0,0.0,8.0,19.0,0.5,0.3,0.53,0.61,0.39,0.5066,reconstructed_from_serve_components,1.0,6.0,9.0,0.3333333333333333,0.375,0.40800000000000003,,,,Serve Liability,Low Return Profile,Balanced BP Profile,Low Ace Profile,High DF Liability,Low-Data Separation Profile,Low-Data Resistance Profile,,,STALE_NON_AUTHORITATIVE_NOT_REGENERATED,,,
Simona Waltert,All,40,40,Stable Sample,Raw Match Log Aggregate,0.425,0.35,10.631578947368421,22.175,0.645320197044335,0.3446601941747573,0.6100526315789473,0.6366052631578947,0.46789473684210525,0.5708170373961218445066481994,reconstructed_from_serve_components,2.903225806451613,4.342105263157895,7.65,0.4673202614379085,0.5555555555555556,0.45535671052631577,,,,Fragile Serve Profile,Average Return Profile,Balanced BP Profile,Playable Ace Volume,Elevated DF Risk,Low-Data Separation Profile,Low-Data Resistance Profile,,,STALE_NON_AUTHORITATIVE_NOT_REGENERATED,,,
Simona Waltert,Hard,40,19,Stable Sample,Complete Profile,0.3,0.3157894736842105,9.473684210526315,21.36842105263158,0.5989847715736041,0.3024390243902439,0.5930526315789474,0.6042631578947367,0.45399999999999996,0.52,charting_raw_spw,2.6875,4.894736842105263,7.105263157894737,0.4666666666666667,0.5604395604395604,0.399,0.459,0.83,1.0,Fragile Serve Profile,Low Return Profile,Balanced BP Profile,Low Ace Profile,High DF Liability,Low Separation Profile,Volatile Resistance,Balanced Winner,Hard-Liability,STALE_NON_AUTHORITATIVE_NOT_REGENERATED,,,
Simona Waltert,Clay,40,18,Stable Sample,Complete Profile,0.4,0.2777777777777778,11.5,21.555555555555557,0.6890243902439024,0.4409937888198758,0.6339374999999999,0.674375,0.47575,0.54,charting_raw_spw,2.5,3.25,8.055555555555555,0.4896551724137931,0.5188679245283019,0.455,0.498,0.99,6.4,Average Serve Profile,Elite Return Profile,Creator Profile,Low Ace Profile,Elevated DF Risk,Neutral Separation Profile,Neutral Resistance Profile,Volatile Upside Player,Clay-Pressure,STALE_NON_AUTHORITATIVE_NOT_REGENERATED,,,
Simona Waltert,Grass,40,3,Usable / Thin,Low Surface Sample,0.0,1.0,13.333333333333334,31.0,0.6888888888888889,0.1956521739130435,0.5903333333333333,0.64,0.514,0.467,charting_raw_spw,5.666666666666667,6.666666666666667,8.666666666666666,0.34615384615384615,0.6388888888888888,0.321,0.389,0.6,1.5,Average Serve Profile,Weak Return Profile,Balanced BP Profile,High Ace Upside,Elevated DF Risk,Low Separation Profile,Resistance / Set Extension,Volatile Upside Player,Grass-Resistance,STALE_NON_AUTHORITATIVE_NOT_REGENERATED,,,
Sinja Kraus,All,35,35,Stable Sample,Raw Match Log Aggregate,0.6571428571428571,0.2571428571428571,10.93939393939394,20.457142857142856,0.6513761467889908,0.45121951219512196,0.6003939393939394,0.613,0.47475757575757577,0.5577574894398530820193480257,reconstructed_from_serve_components,1.565217391304348,2.84375,9.571428571428571,0.4417910447761194,0.5985915492957746,0.48429236363636363,,,,Average Serve Profile,Elite Return Profile,Creator Profile,Low Ace Profile,Moderate DF Profile,Low-Data Separation Profile,Low-Data Resistance Profile,,,STALE_NON_AUTHORITATIVE_NOT_REGENERATED,,,
Sinja Kraus,Hard,35,12,Stable Sample,Complete Profile,0.2,0.16666666666666666,10.75,20.416666666666668,0.6416666666666667,0.4262295081967213,0.5905,0.6105833333333334,0.4690833333333333,0.543,charting_raw_spw,1.5714285714285714,2.8333333333333335,9.166666666666666,0.4727272727272727,0.5057471264367817,0.424,0.482,0.93,3.7,Fragile Serve Profile,Strong Return Profile,Creator Profile,Low Ace Profile,Moderate DF Profile,Break-and-Giveback Risk,Volatile Resistance,Return-Led Winner,Hard-Pressure,STALE_NON_AUTHORITATIVE_NOT_REGENERATED,,,
Sinja Kraus,Clay,35,15,Stable Sample,Complete Profile,0.16666666666666666,0.4666666666666667,12.23076923076923,21.733333333333334,0.6492537313432836,0.5373134328358209,0.6239230769230769,0.6126923076923076,0.4715384615384615,0.514,charting_raw_spw,1.5,3.0833333333333335,10.533333333333333,0.45569620253164556,0.6594202898550725,0.448,0.484,0.92,5.3,Fragile Serve Profile,Elite Return Profile,Strong Creator / Strong Survivor,Low Ace Profile,Moderate DF Profile,Break-and-Giveback Risk,Resistance / Set Extension,Return-Led Winner,Clay-Pressure,STALE_NON_AUTHORITATIVE_NOT_REGENERATED,,,
Sinja Kraus,Grass,35,8,Stable Sample,Complete Profile,0.0,0.0,9.125,18.125,0.6712328767123288,0.3333333333333333,0.5770000000000001,0.617125,0.4885,0.48,charting_raw_spw,1.625,2.5,8.375,0.3582089552238806,0.5932203389830508,0.328,0.407,0.63,2.6,Average Serve Profile,Weak Return Profile,Balanced BP Profile,Low Ace Profile,Moderate DF Profile,Low Separation Profile,Neutral Resistance Profile,Serve-Led Winner,Grass-Neutral,STALE_NON_AUTHORITATIVE_NOT_REGENERATED,,,
Sloane Stephens,All,14,14,Stable Sample,Raw Match Log Aggregate,0.5,0.21428571428571427,9.545454545454545,19.571428571428573,0.6831683168316832,0.34951456310679613,0.6281818181818182,0.6272727272727273,0.500909090909091,0.5802884297520661689338842975,reconstructed_from_serve_components,1.9090909090909092,2.4545454545454546,6.909090909090909,0.47368421052631576,0.6144578313253012,0.4324963636363636,,,,Average Serve Profile,Average Return Profile,Balanced BP Profile,Opponent-Dependent Ace Profile,Moderate DF Profile,Low-Data Separation Profile,Low-Data Resistance Profile,,,STALE_NON_AUTHORITATIVE_NOT_REGENERATED,,,
Sloane Stephens,Hard,14,11,Stable Sample,Complete Profile,0.38461538461538464,0.18181818181818182,8.666666666666666,19.636363636363637,0.6296296296296297,0.32926829268292684,0.6155555555555555,0.6033333333333334,0.4677777777777778,0.548,charting_raw_spw,1.8888888888888888,2.7777777777777777,6.111111111111111,0.4909090909090909,0.5588235294117647,0.422,0.488,0.93,3.3,Fragile Serve Profile,Low Return Profile,Balanced BP Profile,Opponent-Dependent Ace Profile,Elevated DF Risk,Neutral Separation Profile,Neutral Resistance Profile,Return-Led Winner,Hard-Liability,STALE_NON_AUTHORITATIVE_NOT_REGENERATED,,,
Sloane Stephens,Clay,14,3,Usable / Thin,Low Surface Sample,0.2,0.3333333333333333,13.5,19.333333333333332,0.9,0.42857142857142855,0.685,0.735,0.65,0.502,charting_raw_spw,2.0,1.0,10.5,0.42857142857142855,0.8666666666666667,0.335,0.425,0.67,6.6,Elite Serve Profile,Weak Return Profile,Creator Profile,Opponent-Dependent Ace Profile,Clean DF Profile,Low Separation Profile,Serve-Hold Resistance,Volatile Upside Player,Clay-Pressure,STALE_NON_AUTHORITATIVE_NOT_REGENERATED,,,
Sloane Stephens,Grass,14,0,No Surface Data,No Surface Match Sample,No Surface W/L,,,,,,,,,,missing_service_components,,,,,,,,,,No Surface Data,No Surface Data,No Surface Data,No Surface Data,No Surface Data,No Surface Data,No Surface Data,,,STALE_NON_AUTHORITATIVE_NOT_REGENERATED,,,
Sofia Costoulas,All,23,23,Stable Sample,Raw Match Log Aggregate,0.6086956521739131,0.2608695652173913,11.0,20.652173913043477,0.7407407407407407,0.3689839572192513,0.6112105263157894,0.6998421052631579,0.43073684210526314,0.5952168116343490069017174515,reconstructed_from_serve_components,3.5,2.7222222222222223,8.947368421052632,0.4176470588235294,0.624,0.47779210526315796,,,,Fragile Serve Profile,Average Return Profile,Creator Profile,Playable Ace Volume,Moderate DF Profile,Low-Data Separation Profile,Low-Data Resistance Profile,,,STALE_NON_AUTHORITATIVE_NOT_REGENERATED,,,
Sofia Costoulas,Hard,23,23,Stable Sample,Complete Profile,0.6336633663366337,0.2608695652173913,11.0,20.652173913043477,0.7407407407407407,0.3689839572192513,0.6112105263157894,0.6998421052631579,0.43073684210526314,0.608,charting_raw_spw,3.5,2.7222222222222223,8.947368421052632,0.4176470588235294,0.624,0.449,0.526,1.14,8.8,Fragile Serve Profile,Average Return Profile,Creator Profile,Playable Ace Volume,Moderate DF Profile,Controlled Separator,Stable Resistance,Volatile Upside Player,Hard-Control,STALE_NON_AUTHORITATIVE_NOT_REGENERATED,,,
Sofia Costoulas,Clay,23,0,No Surface Data,No Surface Match Sample,0.5463917525773195,,,,,,,,,0.576,charting_raw_spw,,,,,,0.478,0.526,1.13,,No Surface Data,No Surface Data,No Surface Data,No Surface Data,No Surface Data,No Surface Data,No Surface Data,,,STALE_NON_AUTHORITATIVE_NOT_REGENERATED,,,
Sofia Costoulas,Grass,23,0,No Surface Data,No Surface Match Sample,No Surface W/L,,,,,,,,,,missing_service_components,,,,,,,,,,No Surface Data,No Surface Data,No Surface Data,No Surface Data,No Surface Data,No Surface Data,No Surface Data,,,STALE_NON_AUTHORITATIVE_NOT_REGENERATED,,,
Sofia Kenin,All,33,33,Stable Sample,Raw Match Log Aggregate,0.2727272727272727,0.3939393939393939,9.969696969696969,22.848484848484848,0.6720867208672087,0.21657754010695188,0.6555151515151515,0.6310000000000001,0.4553939393939394,0.5705063728191001568059687787,reconstructed_from_serve_components,2.2222222222222223,4.46875,5.878787878787879,0.4175257731958763,0.5583941605839416,0.37589869696969697,,,,Average Serve Profile,Weak Return Profile,Balanced BP Profile,Low Ace Profile,Elevated DF Risk,Low-Data Separation Profile,Low-Data Resistance Profile,,,STALE_NON_AUTHORITATIVE_NOT_REGENERATED,,,
Sofia Kenin,Hard,33,22,Stable Sample,Complete Profile,0.3076923076923077,0.5,9.909090909090908,23.227272727272727,0.6613545816733067,0.20553359683794467,0.639,0.6277272727272727,0.44336363636363635,0.554,charting_raw_spw,1.9375,4.7727272727272725,6.090909090909091,0.3880597014925373,0.5685279187817259,0.382,0.47,0.85,1.1,Average Serve Profile,Weak Return Profile,Balanced BP Profile,Low Ace Profile,Elevated DF Risk,Backdoor Risk,Resistance / Set Extension,Serve-Led Winner,Hard-Liability,STALE_NON_AUTHORITATIVE_NOT_REGENERATED,,,
Sofia Kenin,Clay,33,6,Stable Sample,Complete Profile,0.3333333333333333,0.16666666666666666,10.166666666666666,22.0,0.6615384615384615,0.2727272727272727,0.6638333333333334,0.6285000000000001,0.45333333333333337,0.565,charting_raw_spw,2.5,4.6,6.333333333333333,0.47368421052631576,0.42105263157894735,0.415,0.488,0.95,1.2,Average Serve Profile,Weak Return Profile,Balanced BP Profile,Playable Ace Volume,Elevated DF Risk,Backdoor Risk,Collapse Risk,Return-Led Winner,Clay-Neutral,STALE_NON_AUTHORITATIVE_NOT_REGENERATED,,,
Sofia Kenin,Grass,33,5,Usable / Thin,Complete Profile,0.25,0.2,10.0,22.2,0.7358490566037735,0.2,0.7182000000000001,0.6484000000000001,0.5108,0.604,charting_raw_spw,2.8,3.0,4.4,0.5,0.6410256410256411,0.365,0.484,0.92,3.9,Stable Serve Profile,Weak Return Profile,Balanced BP Profile,Playable Ace Volume,Moderate DF Profile,Neutral Separation Profile,Serve-Hold Resistance,Volatile Upside Player,Grass-Resistance,STALE_NON_AUTHORITATIVE_NOT_REGENERATED,,,
Solana Sierra,All,42,42,Stable Sample,Raw Match Log Aggregate,0.5238095238095238,0.30952380952380953,10.214285714285714,20.785714285714285,0.631578947368421,0.34851936218678814,0.6230238095238095,0.6176428571428572,0.42983333333333335,0.5468431383219955022652494331,reconstructed_from_serve_components,2.878787878787879,5.125,7.761904761904762,0.46932515337423314,0.5660377358490566,0.4205243095238095,,,,Fragile Serve Profile,Average Return Profile,Balanced BP Profile,Opponent-Dependent Ace Profile,High DF Liability,Low-Data Separation Profile,Low-Data Resistance Profile,,,STALE_NON_AUTHORITATIVE_NOT_REGENERATED,,,
Solana Sierra,Hard,42,18,Stable Sample,Complete Profile,0.35294117647058826,0.2222222222222222,8.277777777777779,19.444444444444443,0.5875706214689266,0.24861878453038674,0.5952777777777778,0.584388888888889,0.4096666666666667,0.541,charting_raw_spw,2.466666666666667,4.6875,5.555555555555555,0.45,0.44696969696969696,0.383,0.466,0.83,1.0,Serve Liability,Weak Return Profile,Balanced BP Profile,Opponent-Dependent Ace Profile,Pressure DF Risk,Low Separation Profile,Collapse Risk,Return-Led Winner,Hard-Liability,STALE_NON_AUTHORITATIVE_NOT_REGENERATED,,,
Solana Sierra,Grass,42,11,Stable Sample,Complete Profile,0.6666666666666666,0.45454545454545453,12.727272727272727,23.181818181818183,0.6929133858267716,0.4126984126984127,0.6193636363636364,0.647909090909091,0.47100000000000003,0.574,charting_raw_spw,3.888888888888889,6.181818181818182,9.545454545454545,0.49523809523809526,0.6355140186915887,0.432,0.506,1.01,6.0,Average Serve Profile,Strong Return Profile,Creator Profile,Grass Ace Boost,High DF Liability,Neutral Separation Profile,Resistance / Set Extension,Volatile Upside Player,Grass-Pressure,STALE_NON_AUTHORITATIVE_NOT_REGENERATED,,,
Sorana Cirstea,All,34,34,Stable Sample,Raw Match Log Aggregate,0.6764705882352942,0.3235294117647059,11.647058823529411,21.705882352941178,0.7123287671232876,0.38095238095238093,0.6040882352941177,0.6943235294117646,0.46388235294117647,0.6030891565743944116724740484,reconstructed_from_serve_components,4.545454545454546,3.0,9.029411764705882,0.4592833876221498,0.5536480686695279,0.45626591176470593,,,,Average Serve Profile,Strong Return Profile,Creator Profile,High Ace Upside,Moderate DF Profile,Low-Data Separation Profile,Low-Data Resistance Profile,,,STALE_NON_AUTHORITATIVE_NOT_REGENERATED,,,
Sorana Cirstea,Hard,34,20,Stable Sample,Complete Profile,0.7111111111111111,0.4,12.15,23.1,0.7192982456140351,0.35585585585585583,0.6031,0.69965,0.45744999999999997,0.613,charting_raw_spw,5.6,3.35,9.1,0.46153846153846156,0.5935483870967742,0.449,0.531,1.16,9.3,Average Serve Profile,Average Return Profile,Creator Profile,High Ace Upside,Moderate DF Profile,Controlled Separator,Resistance / Set Extension,Volatile Upside Player,Hard-Control,STALE_NON_AUTHORITATIVE_NOT_REGENERATED,,,
Sorana Cirstea,Clay,34,10,Stable Sample,Complete Profile,0.7391304347826086,0.1,10.9,18.0,0.7,0.5227272727272727,0.6158,0.7047,0.47,0.634,charting_raw_spw,2.888888888888889,1.375,9.0,0.5111111111111111,0.4,0.457,0.541,1.25,9.7,Average Serve Profile,Elite Return Profile,Creator Profile,Playable Ace Volume,Clean DF Profile,Controlled Separator,Serve-Hold Resistance,Volatile Upside Player,Clay-Control,STALE_NON_AUTHORITATIVE_NOT_REGENERATED,,,
Sorana Cirstea,Grass,34,4,Usable / Thin,Low Surface Sample,0.3333333333333333,0.5,11.0,24.0,0.7021276595744681,0.23404255319148937,0.57975,0.6417499999999999,0.48075,0.577,charting_raw_spw,3.0,4.5,8.75,0.3142857142857143,0.5757575757575758,0.381,0.476,0.9,2.2,Average Serve Profile,Weak Return Profile,Balanced BP Profile,Grass Ace Boost,Elevated DF Risk,Low Separation Profile,Resistance / Set Extension,Volatile Upside Player,Grass-Resistance,STALE_NON_AUTHORITATIVE_NOT_REGENERATED,,,
Sramkova R.,All,1,1,Low Surface Data,Raw Match Log Aggregate,1.0,0.0,12.0,17.0,1.0,0.375,0.71,0.72,0.46,0.6446,reconstructed_from_serve_components,1.0,1.0,13.0,0.46153846153846156,0.6,0.5624,,,,Average Serve Profile,Average Return Profile,Strong Creator / Strong Survivor,Low Ace Profile,Clean DF Profile,Low-Data Separation Profile,Low-Data Resistance Profile,,,STALE_NON_AUTHORITATIVE_NOT_REGENERATED,,,
Storm Hunter,All,12,12,Stable Sample,Raw Match Log Aggregate,0.75,0.3333333333333333,10.727272727272727,20.0,0.6363636363636364,0.36363636363636365,0.6325,0.695,0.5008333333333334,0.62364375000000002450,reconstructed_from_serve_components,3.3333333333333335,2.9166666666666665,6.583333333333333,0.5569620253164557,0.5147058823529411,0.47215,,,,Fragile Serve Profile,Average Return Profile,Balanced BP Profile,Playable Ace Volume,Moderate DF Profile,Low-Data Separation Profile,Low-Data Resistance Profile,,,STALE_NON_AUTHORITATIVE_NOT_REGENERATED,,,
Storm Hunter,Hard,12,12,Stable Sample,Complete Profile,0.4074074074074074,0.3333333333333333,10.727272727272727,20.0,0.6363636363636364,0.36363636363636365,0.6325,0.695,0.5008333333333334,0.542,charting_raw_spw,3.3333333333333335,2.9166666666666665,6.583333333333333,0.5569620253164557,0.5147058823529411,0.42,0.481,0.92,3.6,Fragile Serve Profile,Average Return Profile,Balanced BP Profile,Playable Ace Volume,Moderate DF Profile,Neutral Separation Profile,Volatile Resistance,Volatile Upside Player,Hard-Liability,STALE_NON_AUTHORITATIVE_NOT_REGENERATED,,,
Storm Hunter,Clay,12,0,No Surface Data,No Surface Match Sample,0.25,,,,,,,,,0.52,charting_raw_spw,,,,,,0.421,0.471,0.88,,No Surface Data,No Surface Data,No Surface Data,No Surface Data,No Surface Data,No Surface Data,No Surface Data,,,STALE_NON_AUTHORITATIVE_NOT_REGENERATED,,,
Storm Hunter,Grass,12,0,No Surface Data,No Surface Match Sample,0.0,,,,,,,,,0.445,charting_raw_spw,,,,,,0.386,0.415,0.7,,No Surface Data,No Surface Data,No Surface Data,No Surface Data,No Surface Data,No Surface Data,No Surface Data,,,STALE_NON_AUTHORITATIVE_NOT_REGENERATED,,,
Suzan Lamens,All,32,32,Stable Sample,Raw Match Log Aggregate,0.4375,0.40625,10.76923076923077,23.0625,0.624561403508772,0.35051546391752575,0.5945384615384615,0.6338846153846154,0.43588461538461537,0.5536032307692307648361538461,reconstructed_from_serve_components,1.9090909090909092,5.461538461538462,6.625,0.4811320754716981,0.5091743119266054,0.43578084615384616,,,,Fragile Serve Profile,Average Return Profile,Balanced BP Profile,Opponent-Dependent Ace Profile,High DF Liability,Low-Data Separation Profile,Low-Data Resistance Profile,,,STALE_NON_AUTHORITATIVE_NOT_REGENERATED,,,
Suzan Lamens,Hard,32,15,Stable Sample,Complete Profile,0.3157894736842105,0.5333333333333333,9.818181818181818,23.866666666666667,0.5573770491803278,0.31746031746031744,0.5871818181818181,0.5720000000000001,0.4184545454545454,0.518,charting_raw_spw,1.9,6.090909090909091,5.466666666666667,0.4878048780487805,0.4489795918367347,0.442,0.48,0.92,1.0,Serve Liability,Low Return Profile,Balanced BP Profile,Opponent-Dependent Ace Profile,High DF Liability,Backdoor Risk,Resistance / Set Extension,Volatile Upside Player,Hard-Liability,STALE_NON_AUTHORITATIVE_NOT_REGENERATED,,,
Suzan Lamens,Clay,32,10,Stable Sample,Complete Profile,No Surface W/L,0.3,11.625,23.1,0.6263736263736264,0.3956043956043956,0.5836250000000001,0.653375,0.431375,0.5609397500000000222000,reconstructed_from_serve_components,1.8571428571428572,5.5,7.8,0.46153846153846156,0.5466666666666666,0.453111,,,,Fragile Serve Profile,Strong Return Profile,Balanced BP Profile,Opponent-Dependent Ace Profile,High DF Liability,Low-Data Separation Profile,Low-Data Resistance Profile,,,STALE_NON_AUTHORITATIVE_NOT_REGENERATED,,,
Suzan Lamens,Grass,32,7,Stable Sample,Complete Profile,0.42857142857142855,0.2857142857142857,11.285714285714286,21.285714285714285,0.7361111111111112,0.35135135135135137,0.6185714285714285,0.7088571428571429,0.4684285714285714,0.571,charting_raw_spw,2.0,4.428571428571429,7.428571428571429,0.5,0.5777777777777777,0.409,0.488,0.95,4.8,Average Serve Profile,Average Return Profile,Balanced BP Profile,Opponent-Dependent Ace Profile,Elevated DF Risk,Neutral Separation Profile,Serve-Hold Resistance,Volatile Upside Player,Grass-Neutral,STALE_NON_AUTHORITATIVE_NOT_REGENERATED,,,
Talia Gibson,All,47,47,Stable Sample,Raw Match Log Aggregate,0.5652173913043478,0.40425531914893614,11.666666666666666,23.108695652173914,0.7093690248565966,0.31712062256809337,0.6072608695652174,0.6830652173913043,0.47945652173913045,0.6031001153119092414639886579,reconstructed_from_serve_components,4.978260869565218,4.521739130434782,7.826086956521739,0.4527777777777778,0.5568513119533528,0.4253499130434783,,,,Average Serve Profile,Low Return Profile,Balanced BP Profile,High Ace Upside,Elevated DF Risk,Low-Data Separation Profile,Low-Data Resistance Profile,,,STALE_NON_AUTHORITATIVE_NOT_REGENERATED,,,
Talia Gibson,Hard,47,24,Stable Sample,Complete Profile,0.5294117647058824,0.3333333333333333,11.636363636363637,22.17391304347826,0.74,0.3305785123966942,0.575304347826087,0.7143913043478259,0.48673913043478256,0.611,charting_raw_spw,5.478260869565218,4.0,7.304347826086956,0.47619047619047616,0.622093023255814,0.397,0.503,1.02,5.8,Stable Serve Profile,Average Return Profile,Balanced BP Profile,High Ace Upside,Elevated DF Risk,Neutral Separation Profile,Resistance / Set Extension,Volatile Upside Player,Hard-Resistance,STALE_NON_AUTHORITATIVE_NOT_REGENERATED,,,
Talia Gibson,Clay,47,9,Stable Sample,Complete Profile,0.2,0.5555555555555556,10.0,22.88888888888889,0.5533980582524272,0.32673267326732675,0.6095555555555555,0.61,0.39477777777777784,0.487,charting_raw_spw,3.7777777777777777,5.111111111111111,9.222222222222221,0.39759036144578314,0.4588235294117647,0.396,0.443,0.77,1.0,Serve Liability,Low Return Profile,Balanced BP Profile,Playable Ace Volume,Pressure DF Risk,Backdoor Risk,Resistance / Set Extension,Volatile Upside Player,Clay-Liability,STALE_NON_AUTHORITATIVE_NOT_REGENERATED,,,
Talia Gibson,Grass,47,14,Stable Sample,Complete Profile,0.4,0.42857142857142855,12.785714285714286,24.785714285714285,0.7588235294117647,0.29239766081871343,0.6582857142857144,0.6785714285714286,0.5219285714285714,0.601,charting_raw_spw,4.928571428571429,5.0,7.785714285714286,0.45871559633027525,0.5232558139534884,0.378,0.488,0.95,3.0,Average Serve Profile,Low Return Profile,Balanced BP Profile,Grass Ace Boost,Elevated DF Risk,Neutral Separation Profile,Resistance / Set Extension,Volatile Upside Player,Grass-Neutral,STALE_NON_AUTHORITATIVE_NOT_REGENERATED,,,
Tamara Korpatsch,All,33,33,Stable Sample,Raw Match Log Aggregate,0.5151515151515151,0.45454545454545453,11.433333333333334,22.363636363636363,0.6275659824046921,0.38972809667673713,0.6211666666666666,0.6237333333333334,0.4413,0.5546215055555555848044444444,reconstructed_from_serve_components,2.5555555555555554,4.137931034482759,7.696969696969697,0.5078740157480315,0.5849673202614379,0.4557983333333333,,,,Fragile Serve Profile,Strong Return Profile,Balanced BP Profile,Opponent-Dependent Ace Profile,Elevated DF Risk,Low-Data Separation Profile,Low-Data Resistance Profile,,,STALE_NON_AUTHORITATIVE_NOT_REGENERATED,,,
Tamara Korpatsch,Hard,33,15,Stable Sample,Complete Profile,0.75,0.26666666666666666,10.25,20.0,0.6585365853658537,0.35,0.6249166666666667,0.63625,0.4334166666666667,0.563,charting_raw_spw,3.2857142857142856,4.416666666666667,6.333333333333333,0.4421052631578947,0.5578947368421052,0.476,0.52,1.09,6.1,Fragile Serve Profile,Average Return Profile,Balanced BP Profile,Opponent-Dependent Ace Profile,Elevated DF Risk,Neutral Separation Profile,Neutral Resistance Profile,Volatile Upside Player,Hard-Neutral,STALE_NON_AUTHORITATIVE_NOT_REGENERATED,,,
Tamara Korpatsch,Clay,33,14,Stable Sample,Complete Profile,0.6363636363636364,0.7142857142857143,12.928571428571429,24.714285714285715,0.5872093023255814,0.47904191616766467,0.6404285714285715,0.6003571428571428,0.4567857142857143,0.551,charting_raw_spw,1.625,3.923076923076923,9.928571428571429,0.5755395683453237,0.5965909090909091,0.463,0.507,1.03,5.4,Fragile Serve Profile,Elite Return Profile,Creator Profile,Low Ace Profile,Moderate DF Profile,Break-and-Giveback Risk,Resistance / Set Extension,Volatile Upside Player,Clay-Pressure,STALE_NON_AUTHORITATIVE_NOT_REGENERATED,,,
Tamara Korpatsch,Grass,33,4,Usable / Thin,Low Surface Sample,0.0,0.25,9.75,23.0,0.6956521739130435,0.1590909090909091,0.5425,0.6679999999999999,0.41075,0.533,charting_raw_spw,3.3333333333333335,4.0,5.0,0.35,0.6,0.313,0.432,0.67,1.4,Fragile Serve Profile,Weak Return Profile,Balanced BP Profile,Opponent-Dependent Ace Profile,Elevated DF Risk,Low Separation Profile,Volatile Resistance,Volatile Upside Player,Grass-Neutral,STALE_NON_AUTHORITATIVE_NOT_REGENERATED,,,
Tamara Zidansek,All,29,29,Stable Sample,Raw Match Log Aggregate,0.5862068965517241,0.3793103448275862,11.11111111111111,22.0,0.6127946127946128,0.39464882943143814,0.6175925925925926,0.5955555555555556,0.4615185185185185,0.5442987997256515988632373113,reconstructed_from_serve_components,1.6666666666666667,3.7916666666666665,8.275862068965518,0.49166666666666664,0.5,0.4475227777777778,,,,Fragile Serve Profile,Strong Return Profile,Creator Profile,Low Ace Profile,Elevated DF Risk,Low-Data Separation Profile,Low-Data Resistance Profile,,,STALE_NON_AUTHORITATIVE_NOT_REGENERATED,,,
Tamara Zidansek,Hard,29,14,Stable Sample,Complete Profile,0.5,0.42857142857142855,11.0,22.928571428571427,0.6455696202531646,0.3270440251572327,0.6223571428571428,0.6136428571428572,0.45535714285714285,0.552,charting_raw_spw,1.8181818181818181,3.4166666666666665,7.714285714285714,0.48148148148148145,0.504424778761062,0.369,0.462,0.82,2.3,Fragile Serve Profile,Low Return Profile,Balanced BP Profile,Low Ace Profile,Moderate DF Profile,Backdoor Risk,Resistance / Set Extension,Balanced Winner,Hard-Neutral,STALE_NON_AUTHORITATIVE_NOT_REGENERATED,,,
Tamara Zidansek,Clay,29,15,Stable Sample,Complete Profile,0.75,0.3333333333333333,11.23076923076923,21.133333333333333,0.5755395683453237,0.4714285714285714,0.6124615384615385,0.576076923076923,0.46815384615384614,0.54,charting_raw_spw,1.4285714285714286,4.166666666666667,8.8,0.5,0.49572649572649574,0.477,0.509,1.04,4.3,Serve Liability,Elite Return Profile,Creator Profile,Low Ace Profile,Elevated DF Risk,Break-and-Giveback Risk,Resistance / Set Extension,Return-Led Winner,Clay-Pressure,STALE_NON_AUTHORITATIVE_NOT_REGENERATED,,,
Tamara Zidansek,Grass,29,0,No Surface Data,No Surface Match Sample,No Surface W/L,,,,,,,,,,missing_service_components,,,,,,,,,,No Surface Data,No Surface Data,No Surface Data,No Surface Data,No Surface Data,No Surface Data,No Surface Data,,,STALE_NON_AUTHORITATIVE_NOT_REGENERATED,,,
Tararudee L.,All,1,1,Low Surface Data,Raw Match Log Aggregate,1.0,1.0,12.0,27.0,0.9,0.3,0.64,0.71,0.59,0.6668,reconstructed_from_serve_components,2.0,6.0,15.0,0.2,0.8571428571428571,0.419,,,,Stable Serve Profile,Low Return Profile,Balanced BP Profile,Opponent-Dependent Ace Profile,High DF Liability,Low-Data Separation Profile,Low-Data Resistance Profile,,,STALE_NON_AUTHORITATIVE_NOT_REGENERATED,,,
Tatiana Prozorova,All,11,11,Stable Sample,Raw Match Log Aggregate,0.5454545454545454,0.5454545454545454,12.818181818181818,23.90909090909091,0.6865671641791045,0.392,0.6236363636363637,0.6518181818181819,0.49,0.5909157024793389042975206612,reconstructed_from_serve_components,2.1818181818181817,2.3636363636363638,8.545454545454545,0.5212765957446809,0.48148148148148145,0.43487818181818183,,,,Average Serve Profile,Strong Return Profile,Creator Profile,Low Ace Profile,Moderate DF Profile,Low-Data Separation Profile,Low-Data Resistance Profile,,,STALE_NON_AUTHORITATIVE_NOT_REGENERATED,,,
Tatiana Prozorova,Hard,11,10,Stable Sample,Complete Profile,0.6774193548387096,0.5,12.6,23.0,0.6779661016949152,0.42592592592592593,0.627,0.6409999999999999,0.496,0.619,charting_raw_spw,2.1,2.1,8.1,0.5679012345679012,0.4794520547945205,0.447,0.533,1.17,8.6,Average Serve Profile,Elite Return Profile,Creator Profile,Low Ace Profile,Clean DF Profile,Break-and-Giveback Risk,Resistance / Set Extension,Return-Led Winner,Hard-Pressure,STALE_NON_AUTHORITATIVE_NOT_REGENERATED,,,
Tatiana Prozorova,Clay,11,0,No Surface Data,No Surface Match Sample,0.5,,,,,,,,,0.496,charting_raw_spw,,,,,,0.571,0.537,1.13,,No Surface Data,No Surface Data,No Surface Data,No Surface Data,No Surface Data,No Surface Data,No Surface Data,,,STALE_NON_AUTHORITATIVE_NOT_REGENERATED,,,
Tatiana Prozorova,Grass,11,1,Low Surface Data,Low Surface Sample,0.6666666666666666,1.0,15.0,33.0,0.75,0.17647058823529413,0.59,0.76,0.43,0.567,charting_raw_spw,3.0,5.0,13.0,0.23076923076923078,0.5,0.483,0.525,1.12,6.0,Fragile Serve Profile,Weak Return Profile,Balanced BP Profile,Low Ace Profile,Elevated DF Risk,Serve-Led Separator,Resistance / Set Extension,Volatile Upside Player,Grass-Control,STALE_NON_AUTHORITATIVE_NOT_REGENERATED,,,
Tatjana Maria,All,47,47,Stable Sample,Raw Match Log Aggregate,0.44680851063829785,0.1702127659574468,9.97872340425532,19.829787234042552,0.6624203821656051,0.33763440860215055,0.5979148936170212,0.6658297872340425,0.446063829787234,0.5774651688546853122519692168,reconstructed_from_serve_components,4.75,2.6097560975609757,6.9361702127659575,0.4785276073619632,0.5325443786982249,0.4340160212765957,,,,Average Serve Profile,Average Return Profile,Balanced BP Profile,High Ace Upside,Moderate DF Profile,Low-Data Separation Profile,Low-Data Resistance Profile,,,STALE_NON_AUTHORITATIVE_NOT_REGENERATED,,,
Tatjana Maria,Hard,47,19,Stable Sample,Complete Profile,0.21739130434782608,0.2631578947368421,9.947368421052632,22.263157894736842,0.6111111111111112,0.2676056338028169,0.5767894736842105,0.6197894736842104,0.4233684210526316,0.539,charting_raw_spw,4.294117647058823,3.210526315789474,7.052631578947368,0.4253731343283582,0.52,0.402,0.471,0.87,1.0,Fragile Serve Profile,Weak Return Profile,Balanced BP Profile,Playable Ace Volume,Elevated DF Risk,Backdoor Risk,Volatile Resistance,Volatile Upside Player,Hard-Liability,STALE_NON_AUTHORITATIVE_NOT_REGENERATED,,,
Tatjana Maria,Clay,47,10,Stable Sample,Complete Profile,0.42857142857142855,0.0,8.2,17.3,0.5813953488372093,0.37209302325581395,0.6029,0.6289,0.4125,0.567,charting_raw_spw,4.3,1.5,5.9,0.5423728813559322,0.47058823529411764,0.43,0.499,0.99,3.7,Fragile Serve Profile,Average Return Profile,Balanced BP Profile,High Ace Upside,Moderate DF Profile,Neutral Separation Profile,Neutral Resistance Profile,Volatile Upside Player,Clay-Neutral,STALE_NON_AUTHORITATIVE_NOT_REGENERATED,,,
Tatjana Maria,Grass,47,18,Stable Sample,Complete Profile,0.6363636363636364,0.16666666666666666,11.0,18.666666666666668,0.7692307692307693,0.40963855421686746,0.6174444444444445,0.7349444444444445,0.4886666666666667,0.608,charting_raw_spw,5.470588235294118,2.4285714285714284,7.388888888888889,0.5037593984962406,0.6,0.439,0.524,1.12,10.0,Stable Serve Profile,Strong Return Profile,Balanced BP Profile,High Ace Upside,Moderate DF Profile,Clean Separator,Stable Resistance,Volatile Upside Player,Grass-Control,STALE_NON_AUTHORITATIVE_NOT_REGENERATED,,,
Taylah Preston,All,29,29,Stable Sample,Raw Match Log Aggregate,0.5517241379310345,0.3793103448275862,10.777777777777779,21.93103448275862,0.6927083333333334,0.3128205128205128,0.6213684210526316,0.6137368421052631,0.5178947368421053,0.5774479944598337750072022161,reconstructed_from_serve_components,1.7692307692307692,4.052631578947368,4.241379310344827,0.4959349593495935,0.5816993464052288,0.38431510526315793,,,,Average Serve Profile,Low Return Profile,Balanced BP Profile,Low Ace Profile,Elevated DF Risk,Low-Data Separation Profile,Low-Data Resistance Profile,,,STALE_NON_AUTHORITATIVE_NOT_REGENERATED,,,
Taylah Preston,Hard,29,19,Stable Sample,Complete Profile,0.6666666666666666,0.3684210526315789,10.125,21.473684210526315,0.7215189873417721,0.2926829268292683,0.5875555555555555,0.634,0.49077777777777776,0.524,charting_raw_spw,2.0,5.111111111111111,2.6315789473684212,0.48,0.6351351351351351,0.49,0.507,1.03,5.5,Average Serve Profile,Low Return Profile,Balanced BP Profile,Low Ace Profile,High DF Liability,Serve-Led Separator,Resistance / Set Extension,Surface-Control Player,Hard-Neutral,STALE_NON_AUTHORITATIVE_NOT_REGENERATED,,,
Taylah Preston,Clay,29,3,Usable / Thin,Low Surface Sample,No Surface W/L,0.0,9.333333333333334,18.0,0.6071428571428571,0.4230769230769231,0.6510000000000001,0.6030000000000001,0.494,0.5649590000000000760000000000,reconstructed_from_serve_components,1.0,2.3333333333333335,6.333333333333333,0.5789473684210527,0.42105263157894735,0.5282406666666667,,,,Fragile Serve Profile,Elite Return Profile,Balanced BP Profile,Low Ace Profile,Moderate DF Profile,Low-Data Separation Profile,Low-Data Resistance Profile,,,STALE_NON_AUTHORITATIVE_NOT_REGENERATED,,,
Taylah Preston,Grass,29,7,Stable Sample,Complete Profile,0.5,0.5714285714285714,12.142857142857142,24.857142857142858,0.6941176470588235,0.2988505747126437,0.6521428571428571,0.5922857142857143,0.5630000000000001,0.534,charting_raw_spw,1.5,3.4285714285714284,7.714285714285714,0.48148148148148145,0.5666666666666667,0.476,0.504,1.02,4.7,Fragile Serve Profile,Low Return Profile,Balanced BP Profile,Low Ace Profile,Moderate DF Profile,Neutral Separation Profile,Resistance / Set Extension,Return-Led Winner,Grass-Neutral,STALE_NON_AUTHORITATIVE_NOT_REGENERATED,,,
Taylor Townsend,All,38,38,Stable Sample,Raw Match Log Aggregate,0.6052631578947368,0.23684210526315788,11.18421052631579,21.657894736842106,0.7574257425742574,0.2975,0.6619473684210527,0.6879473684210525,0.4795,0.6174811869806093454463988920,reconstructed_from_serve_components,4.526315789473684,2.264705882352941,7.368421052631579,0.425,0.6585365853658537,0.42819265789473687,,,,Stable Serve Profile,Low Return Profile,Balanced BP Profile,High Ace Upside,Moderate DF Profile,Low-Data Separation Profile,Low-Data Resistance Profile,,,STALE_NON_AUTHORITATIVE_NOT_REGENERATED,,,
Taylor Townsend,Hard,38,25,Stable Sample,Complete Profile,0.65,0.28,11.52,22.72,0.76,0.2872727272727273,0.6676000000000001,0.69548,0.48,0.629,charting_raw_spw,5.04,2.5652173913043477,7.72,0.40932642487046633,0.6526315789473685,0.432,0.527,1.16,9.0,Stable Serve Profile,Low Return Profile,Balanced BP Profile,High Ace Upside,Moderate DF Profile,Serve-Led Separator,Serve-Hold Resistance,Volatile Upside Player,Hard-Control,STALE_NON_AUTHORITATIVE_NOT_REGENERATED,,,
Taylor Townsend,Grass,38,6,Stable Sample,Complete Profile,0.25,0.16666666666666666,11.166666666666666,19.5,0.7931034482758621,0.3620689655172414,0.6753333333333335,0.6991666666666667,0.5163333333333333,0.569,charting_raw_spw,4.5,1.4,6.833333333333333,0.5121951219512195,0.7142857142857143,0.375,0.473,0.87,6.1,Elite Serve Profile,Low Return Profile,Balanced BP Profile,High Ace Upside,Clean DF Profile,Low Separation Profile,Serve-Hold Resistance,Volatile Upside Player,Grass-Neutral,STALE_NON_AUTHORITATIVE_NOT_REGENERATED,,,
Teodora Kostovic,All,10,10,Stable Sample,Raw Match Log Aggregate,0.8,0.2,12.555555555555555,19.8,0.7938144329896907,0.42424242424242425,0.6033999999999999,0.7317999999999999,0.5608,0.6639813999999999225600000000,reconstructed_from_serve_components,4.222222222222222,4.111111111111111,8.3,0.4939759036144578,0.625,0.47445640000000006,,,,Stable Serve Profile,Elite Return Profile,Creator Profile,High Ace Upside,Elevated DF Risk,Low-Data Separation Profile,Low-Data Resistance Profile,,,STALE_NON_AUTHORITATIVE_NOT_REGENERATED,,,
Teodora Kostovic,Hard,10,10,Stable Sample,Charting Raw Missing,No Surface W/L,0.2,12.555555555555555,19.8,0.7938144329896907,0.42424242424242425,0.6033999999999999,0.7317999999999999,0.5608,0.6639813999999999225600000000,reconstructed_from_serve_components,4.222222222222222,4.111111111111111,8.3,0.4939759036144578,0.625,0.47445640000000006,,,,Stable Serve Profile,Elite Return Profile,Creator Profile,High Ace Upside,Elevated DF Risk,Low-Data Separation Profile,Low-Data Resistance Profile,,,STALE_NON_AUTHORITATIVE_NOT_REGENERATED,,,
Teodora Kostovic,Grass,10,0,No Surface Data,Charting Raw Missing,No Surface W/L,,,,,,,,,,missing_service_components,,,,,,,,,,No Surface Data,No Surface Data,No Surface Data,No Surface Data,No Surface Data,No Surface Data,No Surface Data,,,STALE_NON_AUTHORITATIVE_NOT_REGENERATED,,,
Tereza Valentova,All,31,31,Stable Sample,Raw Match Log Aggregate,0.5806451612903226,0.45161290322580644,11.866666666666667,23.032258064516128,0.6288343558282209,0.45209580838323354,0.6068666666666666,0.6362666666666666,0.4358000000000001,0.5574565377777777632688888889,reconstructed_from_serve_components,2.6956521739130435,4.275862068965517,10.290322580645162,0.47335423197492166,0.5583941605839416,0.4791744666666667,,,,Fragile Serve Profile,Elite Return Profile,Creator Profile,Opponent-Dependent Ace Profile,Elevated DF Risk,Low-Data Separation Profile,Low-Data Resistance Profile,,,STALE_NON_AUTHORITATIVE_NOT_REGENERATED,,,
Tereza Valentova,Hard,31,17,Stable Sample,Complete Profile,0.5909090909090909,0.4117647058823529,11.125,22.294117647058822,0.6687116564417178,0.41566265060240964,0.593875,0.6795,0.4021875,0.576,charting_raw_spw,2.857142857142857,4.533333333333333,9.352941176470589,0.4339622641509434,0.5573770491803278,0.459,0.515,1.08,7.4,Fragile Serve Profile,Strong Return Profile,Creator Profile,Playable Ace Volume,Elevated DF Risk,Break-and-Giveback Risk,Resistance / Set Extension,Volatile Upside Player,Hard-Pressure,STALE_NON_AUTHORITATIVE_NOT_REGENERATED,,,
Tereza Valentova,Clay,31,10,Stable Sample,Complete Profile,0.25,0.5,12.7,23.8,0.5775862068965517,0.5,0.6387999999999999,0.5886,0.4606,0.526,charting_raw_spw,2.3333333333333335,4.0,12.1,0.49586776859504134,0.5847457627118644,0.453,0.488,0.96,3.3,Serve Liability,Elite Return Profile,Creator Profile,Opponent-Dependent Ace Profile,Elevated DF Risk,Break-and-Giveback Risk,Resistance / Set Extension,Return-Led Winner,Clay-Pressure,STALE_NON_AUTHORITATIVE_NOT_REGENERATED,,,
Tereza Valentova,Grass,31,4,Usable / Thin,Low Surface Sample,0.5,0.5,12.75,24.25,0.6170212765957447,0.4583333333333333,0.579,0.5825,0.50825,0.533,charting_raw_spw,2.6666666666666665,4.0,9.75,0.5641025641025641,0.47058823529411764,0.451,0.493,0.97,3.4,Fragile Serve Profile,Elite Return Profile,Creator Profile,Opponent-Dependent Ace Profile,Elevated DF Risk,Break-and-Giveback Risk,Resistance / Set Extension,Return-Led Winner,Grass-Pressure,STALE_NON_AUTHORITATIVE_NOT_REGENERATED,,,
Tessa Johanna Brockmann,All,8,8,Stable Sample,Raw Match Log Aggregate,0.625,0.25,8.8,18.625,0.5,0.4772727272727273,0.6859999999999999,0.514,0.382,0.4725519999999999868,reconstructed_from_serve_components,0.6,3.6,5.5,0.4772727272727273,0.34285714285714286,0.47520000000000007,,,,Serve Liability,Elite Return Profile,Balanced BP Profile,Low Ace Profile,Pressure DF Risk,Low-Data Separation Profile,Low-Data Resistance Profile,,,STALE_NON_AUTHORITATIVE_NOT_REGENERATED,,,
Tessa Johanna Brockmann,Clay,8,8,Stable Sample,Complete Profile,0.8,0.25,8.8,18.625,0.5,0.4772727272727273,0.6859999999999999,0.514,0.382,0.607,charting_raw_spw,0.6,3.6,5.5,0.4772727272727273,0.34285714285714286,0.436,0.519,1.11,4.5,Serve Liability,Strong Return Profile,Balanced BP Profile,Low Ace Profile,Pressure DF Risk,Break-and-Giveback Risk,Collapse Risk,Return-Led Winner,Clay-Neutral,STALE_NON_AUTHORITATIVE_NOT_REGENERATED,,,
Tijana Kostovic,All,1,1,Low Surface Data,Raw Match Log Aggregate,0.0,1.0,12.0,30.0,0.6666666666666666,0.6666666666666666,0.7,0.73,0.31,0.604,reconstructed_from_serve_components,1.0,5.0,12.0,0.5,0.25,0.5384,,,,Serve Liability,Elite Return Profile,Strong Creator / Weak Survivor,Low Ace Profile,High DF Liability,Low-Data Separation Profile,Low-Data Resistance Profile,,,STALE_NON_AUTHORITATIVE_NOT_REGENERATED,,,
Tina Nadine Smith,All,1,1,Low Surface Data,Raw Match Log Aggregate,1.0,0.0,12.0,26.0,0.5833333333333334,0.4166666666666667,0.5,0.56,0.58,0.570,reconstructed_from_serve_components,3.0,1.0,13.0,0.38461538461538464,0.4444444444444444,0.4659,,,,Fragile Serve Profile,Strong Return Profile,Balanced BP Profile,Playable Ace Volume,Clean DF Profile,Low-Data Separation Profile,Low-Data Resistance Profile,,,STALE_NON_AUTHORITATIVE_NOT_REGENERATED,,,
Tyra Caterina Grant,All,4,4,Usable / Thin,Raw Match Log Aggregate,1.0,0.25,10.75,21.5,0.7906976744186046,0.21428571428571427,0.57,0.7475,0.5175,0.648600,reconstructed_from_serve_components,4.0,6.0,3.5,0.6428571428571429,0.47058823529411764,0.35,,,,Average Serve Profile,Weak Return Profile,Low Pressure / Weak Survivor,High Ace Upside,High DF Liability,Low-Data Separation Profile,Low-Data Resistance Profile,,,STALE_NON_AUTHORITATIVE_NOT_REGENERATED,,,
Tyra Caterina Grant,Hard,4,0,No Surface Data,No Surface Match Sample,0.6285714285714286,,,,,,,,,0.593,charting_raw_spw,,,,,,0.421,0.505,1.04,,No Surface Data,No Surface Data,No Surface Data,No Surface Data,No Surface Data,No Surface Data,No Surface Data,,,STALE_NON_AUTHORITATIVE_NOT_REGENERATED,,,
Tyra Caterina Grant,Grass,4,4,Usable / Thin,Low Surface Sample,No Surface W/L,0.25,10.75,21.5,0.7906976744186046,0.21428571428571427,0.57,0.7475,0.5175,0.648600,reconstructed_from_serve_components,4.0,6.0,3.5,0.6428571428571429,0.47058823529411764,0.35,,,,Average Serve Profile,Weak Return Profile,Low Pressure / Weak Survivor,High Ace Upside,High DF Liability,Low-Data Separation Profile,Low-Data Resistance Profile,,,STALE_NON_AUTHORITATIVE_NOT_REGENERATED,,,
Varvara Lepchenko,All,12,12,Stable Sample,Raw Match Log Aggregate,0.4166666666666667,0.4166666666666667,9.5,21.416666666666668,0.5572519083969466,0.328,0.6741666666666667,0.595,0.4091666666666666,0.5344493055555555400277777778,reconstructed_from_serve_components,2.1666666666666665,1.75,7.25,0.47126436781609193,0.5289256198347108,0.4162633333333334,,,,Serve Liability,Low Return Profile,Balanced BP Profile,Low Ace Profile,Moderate DF Profile,Low-Data Separation Profile,Low-Data Resistance Profile,,,STALE_NON_AUTHORITATIVE_NOT_REGENERATED,,,
Varvara Lepchenko,Hard,12,8,Stable Sample,Complete Profile,0.0,0.375,8.625,20.125,0.5256410256410257,0.37333333333333335,0.69125,0.60125,0.38125,0.46,charting_raw_spw,2.375,1.25,8.375,0.417910447761194,0.5555555555555556,0.351,0.402,0.65,2.4,Serve Liability,Low Return Profile,Creator Profile,Playable Ace Volume,Moderate DF Profile,Low Separation Profile,Volatile Resistance,Return-Led Winner,Hard-Pressure,STALE_NON_AUTHORITATIVE_NOT_REGENERATED,,,
Varvara Lepchenko,Clay,12,4,Usable / Thin,Low Surface Sample,0.5,0.5,11.25,24.0,0.6037735849056604,0.26,0.64,0.5825,0.465,0.585,charting_raw_spw,1.75,2.75,5.0,0.65,0.475,0.429,0.508,1.04,3.0,Fragile Serve Profile,Weak Return Profile,Balanced BP Profile,Low Ace Profile,Moderate DF Profile,Backdoor Risk,Resistance / Set Extension,Return-Led Winner,Clay-Neutral,STALE_NON_AUTHORITATIVE_NOT_REGENERATED,,,
Varvara Lepchenko,Grass,12,0,No Surface Data,No Surface Match Sample,No Surface W/L,,,,,,,,,,missing_service_components,,,,,,,,,,No Surface Data,No Surface Data,No Surface Data,No Surface Data,No Surface Data,No Surface Data,No Surface Data,,,STALE_NON_AUTHORITATIVE_NOT_REGENERATED,,,
Vedder E.,All,1,1,Low Surface Data,Raw Match Log Aggregate,0.0,1.0,9.0,25.0,0.5,0.23076923076923078,0.59,0.61,0.39,0.5198,reconstructed_from_serve_components,2.0,,6.0,0.5,0.4,0.39239999999999997,,,,Serve Liability,Weak Return Profile,Balanced BP Profile,Opponent-Dependent Ace Profile,Low-Data DF Profile,Low-Data Separation Profile,Low-Data Resistance Profile,,,STALE_NON_AUTHORITATIVE_NOT_REGENERATED,,,
Venus Williams,All,13,13,Stable Sample,Raw Match Log Aggregate,0.07692307692307693,0.46153846153846156,11.333333333333334,23.846153846153847,0.6713286713286714,0.28368794326241137,0.6016666666666667,0.6625,0.4225,0.56690000000000000800,reconstructed_from_serve_components,4.583333333333333,4.75,7.3076923076923075,0.42105263157894735,0.5877192982456141,0.40370833333333334,,,,Fragile Serve Profile,Low Return Profile,Balanced BP Profile,High Ace Upside,Elevated DF Risk,Low-Data Separation Profile,Low-Data Resistance Profile,,,STALE_NON_AUTHORITATIVE_NOT_REGENERATED,,,
Venus Williams,Hard,13,6,Stable Sample,Complete Profile,0.1,0.3333333333333333,10.0,22.333333333333332,0.6176470588235294,0.2727272727272727,0.595,0.65,0.395,0.531,charting_raw_spw,4.166666666666667,4.333333333333333,6.5,0.46153846153846156,0.5185185185185185,0.385,0.459,0.82,1.0,Serve Liability,Weak Return Profile,Balanced BP Profile,High Ace Upside,Pressure DF Risk,Backdoor Risk,Resistance / Set Extension,Volatile Upside Player,Hard-Liability,STALE_NON_AUTHORITATIVE_NOT_REGENERATED,,,
Venus Williams,Clay,13,2,Low Surface Data,Low Surface Sample,0.0,0.0,17.0,18.0,0.7333333333333333,0.4,0.59,0.75,0.38,0.478,charting_raw_spw,11.0,7.0,7.0,0.42857142857142855,0.6666666666666666,0.377,0.434,0.72,4.7,Serve Liability,Low Return Profile,Balanced BP Profile,High Ace Upside,High DF Liability,Low Separation Profile,Neutral Resistance Profile,Volatile Upside Player,Clay-Liability,STALE_NON_AUTHORITATIVE_NOT_REGENERATED,,,
Venus Williams,Grass,13,5,Usable / Thin,Complete Profile,No Surface W/L,0.8,11.8,28.0,0.7166666666666667,0.26666666666666666,0.612,0.66,0.46399999999999997,0.58395199999999998836,reconstructed_from_serve_components,3.8,4.8,8.4,0.38095238095238093,0.6458333333333334,0.39462,,,,Average Serve Profile,Weak Return Profile,Balanced BP Profile,Playable Ace Volume,Elevated DF Risk,Low-Data Separation Profile,Low-Data Resistance Profile,,,STALE_NON_AUTHORITATIVE_NOT_REGENERATED,,,
Veronika Erjavec,All,30,30,Stable Sample,Raw Match Log Aggregate,0.36666666666666664,0.23333333333333334,9.633333333333333,20.766666666666666,0.6078431372549019,0.33225806451612905,0.6173666666666666,0.5883333333333334,0.47223333333333334,0.5439096033333333693020000000,reconstructed_from_serve_components,1.8235294117647058,1.7894736842105263,6.733333333333333,0.5099009900990099,0.4642857142857143,0.4369539333333333,,,,Fragile Serve Profile,Average Return Profile,Balanced BP Profile,Low Ace Profile,Clean DF Profile,Low-Data Separation Profile,Low-Data Resistance Profile,,,STALE_NON_AUTHORITATIVE_NOT_REGENERATED,,,
Veronika Erjavec,Hard,30,13,Stable Sample,Complete Profile,0.2,0.3076923076923077,9.461538461538462,21.307692307692307,0.5882352941176471,0.3115942028985507,0.6224615384615385,0.5869230769230769,0.4093846153846154,0.485,charting_raw_spw,2.0,1.75,7.230769230769231,0.4574468085106383,0.4909090909090909,0.406,0.446,0.79,1.3,Fragile Serve Profile,Low Return Profile,Balanced BP Profile,Low Ace Profile,Moderate DF Profile,Backdoor Risk,Resistance / Set Extension,Return-Led Winner,Hard-Liability,STALE_NON_AUTHORITATIVE_NOT_REGENERATED,,,
Veronika Erjavec,Grass,30,5,Usable / Thin,Complete Profile,0.0,0.6,11.8,26.2,0.640625,0.2727272727272727,0.6092,0.5636,0.47859999999999997,0.539,charting_raw_spw,1.3333333333333333,2.5,6.2,0.5806451612903226,0.43902439024390244,0.413,0.481,0.9,1.0,Fragile Serve Profile,Weak Return Profile,Balanced BP Profile,Low Ace Profile,Clean DF Profile,Backdoor Risk,Resistance / Set Extension,Return-Led Winner,Grass-Neutral,STALE_NON_AUTHORITATIVE_NOT_REGENERATED,,,
Veronika Podrez,All,10,10,Stable Sample,Raw Match Log Aggregate,0.6,0.4,12.0,22.4,0.6727272727272727,0.40350877192982454,0.5612999999999999,0.662,0.45010000000000006,0.5690394700000000051320000000,reconstructed_from_serve_components,2.6666666666666665,7.5,9.1,0.5054945054945055,0.64,0.46662,,,,Average Serve Profile,Strong Return Profile,Creator Profile,Low Ace Profile,High DF Liability,Low-Data Separation Profile,Low-Data Resistance Profile,,,STALE_NON_AUTHORITATIVE_NOT_REGENERATED,,,
Veronika Podrez,Hard,10,10,Stable Sample,Complete Profile,0.0,0.4,12.0,22.4,0.6727272727272727,0.40350877192982454,0.5612999999999999,0.662,0.45010000000000006,0.485,charting_raw_spw,2.6666666666666665,7.5,9.1,0.5054945054945055,0.64,0.409,0.449,0.79,4.0,Average Serve Profile,Average Return Profile,Creator Profile,Low Ace Profile,High DF Liability,Break-and-Giveback Risk,Resistance / Set Extension,Volatile Upside Player,Hard-Pressure,STALE_NON_AUTHORITATIVE_NOT_REGENERATED,,,
Victoria Jimenez Kasintseva,All,11,11,Stable Sample,Raw Match Log Aggregate,0.36363636363636365,0.45454545454545453,10.090909090909092,22.181818181818183,0.5462184873949579,0.38333333333333336,0.7072727272727274,0.55,0.41,0.509018181818181836,reconstructed_from_serve_components,1.4545454545454546,3.909090909090909,9.181818181818182,0.45544554455445546,0.5045871559633027,0.44771818181818185,,,,Serve Liability,Strong Return Profile,Creator Profile,Opponent-Dependent Ace Profile,Pressure DF Risk,Low-Data Separation Profile,Low-Data Resistance Profile,,,STALE_NON_AUTHORITATIVE_NOT_REGENERATED,,,
Victoria Jimenez Kasintseva,Hard,11,2,Low Surface Data,Low Surface Sample,0.4166666666666667,0.5,8.5,21.0,0.5238095238095238,0.2857142857142857,0.63,0.585,0.33,0.527,charting_raw_spw,2.0,8.0,12.0,0.25,0.5833333333333334,0.441,0.484,0.93,1.3,Serve Liability,Low Return Profile,Balanced BP Profile,Opponent-Dependent Ace Profile,High DF Liability,Backdoor Risk,Resistance / Set Extension,Return-Led Winner,Hard-Liability,STALE_NON_AUTHORITATIVE_NOT_REGENERATED,,,
Victoria Jimenez Kasintseva,Clay,11,7,Stable Sample,Complete Profile,0.3333333333333333,0.2857142857142857,9.714285714285714,21.142857142857142,0.5555555555555556,0.39436619718309857,0.7228571428571429,0.5357142857142857,0.45285714285714285,0.532,charting_raw_spw,1.2857142857142858,3.142857142857143,7.0,0.5714285714285714,0.4838709677419355,0.442,0.486,0.94,3.1,Serve Liability,Strong Return Profile,Balanced BP Profile,Opponent-Dependent Ace Profile,Elevated DF Risk,Break-and-Giveback Risk,Volatile Resistance,Return-Led Winner,Clay-Neutral,STALE_NON_AUTHORITATIVE_NOT_REGENERATED,,,
Victoria Jimenez Kasintseva,Grass,11,2,Low Surface Data,Low Surface Sample,No Surface W/L,1.0,13.0,27.0,0.5384615384615384,0.42857142857142855,0.73,0.565,0.34,0.50425,reconstructed_from_serve_components,1.5,2.5,14.0,0.42857142857142855,0.4782608695652174,0.47100000000000003,,,,Serve Liability,Elite Return Profile,Strong Creator / Weak Survivor,Low Ace Profile,Moderate DF Profile,Low-Data Separation Profile,Low-Data Resistance Profile,,,STALE_NON_AUTHORITATIVE_NOT_REGENERATED,,,
Viktoria Morvayova,All,5,5,Usable / Thin,Raw Match Log Aggregate,0.6,0.2,9.8,19.8,0.7551020408163265,0.24489795918367346,0.698,0.69,0.514,0.636848,reconstructed_from_serve_components,3.8,1.6,5.6,0.42857142857142855,0.5555555555555556,0.37283999999999995,,,,Stable Serve Profile,Weak Return Profile,Balanced BP Profile,High Ace Upside,Clean DF Profile,Low-Data Separation Profile,Low-Data Resistance Profile,,,STALE_NON_AUTHORITATIVE_NOT_REGENERATED,,,
Viktoria Morvayova,Hard,5,5,Usable / Thin,Complete Profile,0.5925925925925926,0.2,9.8,19.8,0.7551020408163265,0.24489795918367346,0.698,0.69,0.514,0.575,charting_raw_spw,3.8,1.6,5.6,0.42857142857142855,0.5555555555555556,0.452,0.511,1.06,7.1,Stable Serve Profile,Weak Return Profile,Balanced BP Profile,High Ace Upside,Clean DF Profile,Serve-Led Separator,Serve-Hold Resistance,Volatile Upside Player,Hard-Control,STALE_NON_AUTHORITATIVE_NOT_REGENERATED,,,
Viktorija Golubic,All,46,46,Stable Sample,Raw Match Log Aggregate,0.5869565217391305,0.45652173913043476,11.456521739130435,23.130434782608695,0.6358267716535433,0.40078585461689586,0.6998260869565217,0.5948913043478261,0.4593478260869565,0.5542046880907372373743856333,reconstructed_from_serve_components,1.8148148148148149,2.926829268292683,9.869565217391305,0.44933920704845814,0.5552884615384616,0.47003202173913045,,,,Fragile Serve Profile,Strong Return Profile,Creator Profile,Low Ace Profile,Moderate DF Profile,Low-Data Separation Profile,Low-Data Resistance Profile,,,STALE_NON_AUTHORITATIVE_NOT_REGENERATED,,,
Viktorija Golubic,Hard,46,21,Stable Sample,Complete Profile,0.47368421052631576,0.42857142857142855,10.571428571428571,23.666666666666668,0.6026785714285714,0.3782608695652174,0.7026666666666667,0.5839047619047619,0.4091428571428572,0.559,charting_raw_spw,1.3333333333333333,3.263157894736842,9.571428571428571,0.43283582089552236,0.4943181818181818,0.434,0.498,0.98,3.9,Fragile Serve Profile,Average Return Profile,Creator Profile,Low Ace Profile,Moderate DF Profile,Backdoor Risk,Resistance / Set Extension,Return-Led Winner,Hard-Pressure,STALE_NON_AUTHORITATIVE_NOT_REGENERATED,,,
Viktorija Golubic,Clay,46,13,Stable Sample,Complete Profile,0.5714285714285714,0.38461538461538464,11.153846153846153,20.46153846153846,0.6287878787878788,0.46616541353383456,0.7041538461538461,0.5948461538461538,0.5076153846153846,0.518,charting_raw_spw,1.6,2.4,10.307692307692308,0.4626865671641791,0.5333333333333333,0.482,0.497,1,5.2,Fragile Serve Profile,Elite Return Profile,Creator Profile,Low Ace Profile,Moderate DF Profile,Break-and-Giveback Risk,Resistance / Set Extension,Return-Led Winner,Clay-Pressure,STALE_NON_AUTHORITATIVE_NOT_REGENERATED,,,
Viktorija Golubic,Grass,46,12,Stable Sample,Complete Profile,0.6,0.5833333333333334,13.333333333333334,25.083333333333332,0.6907894736842105,0.3767123287671233,0.6901666666666667,0.6141666666666666,0.49491666666666667,0.555,charting_raw_spw,2.5,2.8333333333333335,9.916666666666666,0.46218487394957986,0.6518518518518519,0.422,0.494,0.95,5.5,Average Serve Profile,Average Return Profile,Creator Profile,Low Ace Profile,Moderate DF Profile,Neutral Separation Profile,Resistance / Set Extension,Surface-Control Player,Grass-Pressure,STALE_NON_AUTHORITATIVE_NOT_REGENERATED,,,
Viktoriya Tomova,All,4,4,Usable / Thin,Raw Match Log Aggregate,0.5,0.25,10.0,21.0,0.5714285714285714,0.37209302325581395,0.6425,0.58,0.4775,0.54335625,reconstructed_from_serve_components,2.0,3.75,7.0,0.5714285714285714,0.4857142857142857,0.4465,,,,Serve Liability,Average Return Profile,Balanced BP Profile,Low Ace Profile,Elevated DF Risk,Low-Data Separation Profile,Low-Data Resistance Profile,,,STALE_NON_AUTHORITATIVE_NOT_REGENERATED,,,
Viktoriya Tomova,Hard,4,4,Usable / Thin,Low Surface Sample,0.16666666666666666,0.25,10.0,21.0,0.5714285714285714,0.37209302325581395,0.6425,0.58,0.4775,0.5,charting_raw_spw,2.0,3.75,7.0,0.5714285714285714,0.4857142857142857,0.45,0.474,0.9,1.4,Serve Liability,Average Return Profile,Balanced BP Profile,Low Ace Profile,Elevated DF Risk,Low Separation Profile,Neutral Resistance Profile,Return-Led Winner,Hard-Pressure,STALE_NON_AUTHORITATIVE_NOT_REGENERATED,,,
Viktoriya Tomova,Clay,4,0,No Surface Data,No Surface Match Sample,0.5,,,,,,,,,0.57,charting_raw_spw,,,,,,0.436,0.499,1.01,,No Surface Data,No Surface Data,No Surface Data,No Surface Data,No Surface Data,No Surface Data,No Surface Data,,,STALE_NON_AUTHORITATIVE_NOT_REGENERATED,,,
Viktoriya Tomova,Grass,4,0,No Surface Data,No Surface Match Sample,No Surface W/L,,,,,,,,,,missing_service_components,,,,,,,,,,No Surface Data,No Surface Data,No Surface Data,No Surface Data,No Surface Data,No Surface Data,No Surface Data,,,STALE_NON_AUTHORITATIVE_NOT_REGENERATED,,,
Whitney Osuigwe,All,9,9,Stable Sample,Raw Match Log Aggregate,0.2222222222222222,0.2222222222222222,8.166666666666666,19.22222222222222,0.5614035087719298,0.30357142857142855,0.66,0.5933333333333334,0.49333333333333335,0.5593333333333333830,reconstructed_from_serve_components,1.0,3.6666666666666665,5.833333333333333,0.4857142857142857,0.5192307692307693,0.40558333333333335,,,,Serve Liability,Low Return Profile,Balanced BP Profile,Low Ace Profile,Elevated DF Risk,Low-Data Separation Profile,Low-Data Resistance Profile,,,STALE_NON_AUTHORITATIVE_NOT_REGENERATED,,,
Whitney Osuigwe,Hard,9,9,Stable Sample,Complete Profile,0.3333333333333333,0.2222222222222222,8.166666666666666,19.22222222222222,0.5614035087719298,0.30357142857142855,0.66,0.5933333333333334,0.49333333333333335,0.557,charting_raw_spw,1.0,3.6666666666666665,5.833333333333333,0.4857142857142857,0.5192307692307693,0.409,0.485,0.92,1.3,Serve Liability,Low Return Profile,Balanced BP Profile,Low Ace Profile,Elevated DF Risk,Neutral Separation Profile,Volatile Resistance,Return-Led Winner,Hard-Liability,STALE_NON_AUTHORITATIVE_NOT_REGENERATED,,,
Whitney Osuigwe,Clay,9,0,No Surface Data,No Surface Match Sample,No Surface W/L,,,,,,,,,,missing_service_components,,,,,,,,,,No Surface Data,No Surface Data,No Surface Data,No Surface Data,No Surface Data,No Surface Data,No Surface Data,,,STALE_NON_AUTHORITATIVE_NOT_REGENERATED,,,
Whitney Osuigwe,Grass,9,0,No Surface Data,No Surface Match Sample,No Surface W/L,,,,,,,,,,missing_service_components,,,,,,,,,,No Surface Data,No Surface Data,No Surface Data,No Surface Data,No Surface Data,No Surface Data,No Surface Data,,,STALE_NON_AUTHORITATIVE_NOT_REGENERATED,,,
Xiaodi You,All,5,5,Usable / Thin,Raw Match Log Aggregate,0.4,0.2,8.75,18.6,0.6470588235294118,0.38235294117647056,0.52,0.69,0.415,0.55800,reconstructed_from_serve_components,3.0,6.0,5.25,0.6190476190476191,0.52,0.45799999999999996,,,,Fragile Serve Profile,Strong Return Profile,Balanced BP Profile,High Ace Upside,High DF Liability,Low-Data Separation Profile,Low-Data Resistance Profile,,,STALE_NON_AUTHORITATIVE_NOT_REGENERATED,,,
Xiaodi You,Hard,5,5,Usable / Thin,Complete Profile,0.65625,0.2,8.75,18.6,0.6470588235294118,0.38235294117647056,0.52,0.69,0.415,0.556,charting_raw_spw,3.0,6.0,5.25,0.6190476190476191,0.52,0.485,0.522,1.09,5.7,Fragile Serve Profile,Strong Return Profile,Balanced BP Profile,High Ace Upside,High DF Liability,Break-and-Giveback Risk,Neutral Resistance Profile,Volatile Upside Player,Hard-Control,STALE_NON_AUTHORITATIVE_NOT_REGENERATED,,,
Xin Yu Wang,All,38,38,Stable Sample,Raw Match Log Aggregate,0.5,0.2894736842105263,10.722222222222221,21.36111111111111,0.6971279373368147,0.33506493506493507,0.6242894736842106,0.6758421052631579,0.46613157894736845,0.5970516530470914423563019391,reconstructed_from_serve_components,2.8055555555555554,3.8,8.210526315789474,0.41346153846153844,0.5284552845528455,0.4260494473684211,,,,Average Serve Profile,Average Return Profile,Creator Profile,Playable Ace Volume,Elevated DF Risk,Low-Data Separation Profile,Low-Data Resistance Profile,,,STALE_NON_AUTHORITATIVE_NOT_REGENERATED,,,
Xin Yu Wang,Hard,38,23,Stable Sample,Complete Profile,0.5277777777777778,0.2608695652173913,10.434782608695652,20.73913043478261,0.7,0.33905579399141633,0.6227391304347826,0.6824347826086956,0.44513043478260866,0.577,charting_raw_spw,3.2857142857142856,4.086956521739131,8.565217391304348,0.4010152284263959,0.5490196078431373,0.427,0.501,1.01,5.1,Average Serve Profile,Average Return Profile,Creator Profile,Playable Ace Volume,Elevated DF Risk,Neutral Separation Profile,Neutral Resistance Profile,Volatile Upside Player,Hard-Neutral,STALE_NON_AUTHORITATIVE_NOT_REGENERATED,,,
Xin Yu Wang,Clay,38,7,Stable Sample,Complete Profile,0.2857142857142857,0.5714285714285714,11.0,24.166666666666668,0.6133333333333333,0.2987012987012987,0.6588571428571428,0.5804285714285714,0.46399999999999997,0.553,charting_raw_spw,1.5714285714285714,3.6,7.857142857142857,0.41818181818181815,0.46296296296296297,0.385,0.467,0.86,1.0,Fragile Serve Profile,Low Return Profile,Balanced BP Profile,Opponent-Dependent Ace Profile,Moderate DF Profile,Backdoor Risk,Resistance / Set Extension,Return-Led Winner,Clay-Neutral,STALE_NON_AUTHORITATIVE_NOT_REGENERATED,,,
Xin Yu Wang,Grass,38,8,Stable Sample,Complete Profile,0.6,0.125,11.428571428571429,21.0,0.7692307692307693,0.36,0.5985,0.7403750000000001,0.528375,0.602,charting_raw_spw,2.625,3.0,7.5,0.45,0.5384615384615384,0.422,0.516,1.06,7.6,Average Serve Profile,Average Return Profile,Balanced BP Profile,Grass Ace Boost,Moderate DF Profile,Controlled Separator,Serve-Hold Resistance,Volatile Upside Player,Grass-Control,STALE_NON_AUTHORITATIVE_NOT_REGENERATED,,,
Xinyu Gao,All,2,2,Low Surface Data,Raw Match Log Aggregate,1.0,1.0,9.5,27.5,0.65,0.3157894736842105,0.655,0.58,0.3,0.48340,reconstructed_from_serve_components,2.0,4.0,6.5,0.5384615384615384,0.56,0.39039999999999997,,,,Serve Liability,Low Return Profile,Balanced BP Profile,Low Ace Profile,Elevated DF Risk,Low-Data Separation Profile,Low-Data Resistance Profile,,,STALE_NON_AUTHORITATIVE_NOT_REGENERATED,,,
Xinyu Gao,Hard,2,2,Low Surface Data,Low Surface Sample,0.6060606060606061,1.0,9.5,27.5,0.65,0.3157894736842105,0.655,0.58,0.3,0.565,charting_raw_spw,2.0,4.0,6.5,0.5384615384615384,0.56,0.458,0.511,1.05,5.4,Serve Liability,Low Return Profile,Balanced BP Profile,Low Ace Profile,Elevated DF Risk,Backdoor Risk,Resistance / Set Extension,Return-Led Winner,Hard-Neutral,STALE_NON_AUTHORITATIVE_NOT_REGENERATED,,,
Xinyu Wang,All,4,4,Usable / Thin,Raw Match Log Aggregate,0.5,0.5,13.333333333333334,23.75,0.8333333333333334,0.2702702702702703,0.6739999999999999,0.738,0.45733333333333326,0.6465026666666666146933333333,reconstructed_from_serve_components,3.0,4.0,9.666666666666666,0.3448275862068966,0.6842105263157895,0.44826666666666676,,,,Average Serve Profile,Weak Return Profile,Balanced BP Profile,Playable Ace Volume,Elevated DF Risk,Low-Data Separation Profile,Low-Data Resistance Profile,,,STALE_NON_AUTHORITATIVE_NOT_REGENERATED,,,
Xiyu Wang,All,44,44,Stable Sample,Raw Match Log Aggregate,0.6904761904761905,0.18181818181818182,11.36111111111111,20.166666666666668,0.670299727520436,0.44881889763779526,0.7078157894736842,0.6086315789473684,0.5006052631578948,0.5770679951523545730523545707,reconstructed_from_serve_components,1.3103448275862069,2.4285714285714284,7.454545454545454,0.5213414634146342,0.5884353741496599,0.48983110526315793,,,,Average Serve Profile,Elite Return Profile,Balanced BP Profile,Low Ace Profile,Moderate DF Profile,Low-Data Separation Profile,Low-Data Resistance Profile,,,STALE_NON_AUTHORITATIVE_NOT_REGENERATED,,,
Xiyu Wang,Hard,44,29,Stable Sample,Complete Profile,0.2857142857142857,0.2413793103448276,11.363636363636363,20.714285714285715,0.6767241379310345,0.39669421487603307,0.6932608695652174,0.6250434782608695,0.4803478260869565,0.551,charting_raw_spw,1.1428571428571428,2.5217391304347827,6.9655172413793105,0.4752475247524752,0.5689655172413793,0.419,0.482,0.93,4.3,Average Serve Profile,Strong Return Profile,Balanced BP Profile,Low Ace Profile,Moderate DF Profile,Break-and-Giveback Risk,Volatile Resistance,Return-Led Winner,Hard-Neutral,STALE_NON_AUTHORITATIVE_NOT_REGENERATED,,,
Xiyu Wang,Clay,44,13,Stable Sample,Complete Profile,0.75,0.0,11.416666666666666,18.25,0.6756756756756757,0.5826086956521739,0.7306153846153847,0.583923076923077,0.5532307692307693,0.5756550414201184206431952663,reconstructed_from_serve_components,1.8333333333333333,1.8,8.692307692307692,0.5929203539823009,0.6210526315789474,0.5414419230769231,,,,Fragile Serve Profile,Elite Return Profile,Creator Profile,Low Ace Profile,Clean DF Profile,Low-Data Separation Profile,Low-Data Resistance Profile,,,STALE_NON_AUTHORITATIVE_NOT_REGENERATED,,,
Xiyu Wang,Grass,44,2,Low Surface Data,Low Surface Sample,0.5,0.5,11.0,24.0,0.5833333333333334,0.3333333333333333,0.727,0.5805,0.39150000000000007,0.573,charting_raw_spw,1.5,4.5,6.5,0.6153846153846154,0.6,0.419,0.495,0.98,3.1,Serve Liability,Average Return Profile,Balanced BP Profile,Low Ace Profile,Elevated DF Risk,Backdoor Risk,Resistance / Set Extension,Return-Led Winner,Grass-Neutral,STALE_NON_AUTHORITATIVE_NOT_REGENERATED,,,
Yashina E.,All,1,1,Low Surface Data,Raw Match Log Aggregate,0.0,1.0,8.0,22.0,0.45454545454545453,0.2727272727272727,0.51,0.53,0.39,0.4614,reconstructed_from_serve_components,2.0,5.0,7.0,0.42857142857142855,0.5,0.398,,,,Serve Liability,Weak Return Profile,Balanced BP Profile,Opponent-Dependent Ace Profile,High DF Liability,Low-Data Separation Profile,Low-Data Resistance Profile,,,STALE_NON_AUTHORITATIVE_NOT_REGENERATED,,,
Yeonwoo Ku,All,3,3,Usable / Thin,Raw Match Log Aggregate,0.3333333333333333,0.3333333333333333,14.0,22.333333333333332,0.8695652173913043,0.34782608695652173,0.55,0.85,0.36,0.6295,reconstructed_from_serve_components,6.0,14.0,8.0,0.625,0.7777777777777778,0.4508,,,,Serve Liability,Average Return Profile,Creator Profile,Playable Ace Volume,High DF Liability,Low-Data Separation Profile,Low-Data Resistance Profile,,,STALE_NON_AUTHORITATIVE_NOT_REGENERATED,,,
Yexin Ma,All,13,13,Stable Sample,Raw Match Log Aggregate,0.46153846153846156,0.3076923076923077,10.75,21.384615384615383,0.6823529411764706,0.3181818181818182,0.6075,0.58875,0.53375,0.567162500,reconstructed_from_serve_components,2.25,3.125,9.375,0.37333333333333335,0.5522388059701493,0.4343125,,,,Fragile Serve Profile,Low Return Profile,Balanced BP Profile,Opponent-Dependent Ace Profile,Moderate DF Profile,Low-Data Separation Profile,Low-Data Resistance Profile,,,STALE_NON_AUTHORITATIVE_NOT_REGENERATED,,,
Yexin Ma,Hard,13,13,Stable Sample,Complete Profile,0.6041666666666666,0.3076923076923077,10.75,21.384615384615383,0.6823529411764706,0.3181818181818182,0.6075,0.58875,0.53375,0.568,charting_raw_spw,2.25,3.125,9.375,0.37333333333333335,0.5522388059701493,0.452,0.508,1.05,5.0,Fragile Serve Profile,Low Return Profile,Balanced BP Profile,Opponent-Dependent Ace Profile,Moderate DF Profile,Neutral Separation Profile,Resistance / Set Extension,Return-Led Winner,Hard-Neutral,STALE_NON_AUTHORITATIVE_NOT_REGENERATED,,,
Yexin Ma,Clay,13,0,No Surface Data,No Surface Match Sample,0.25,,,,,,,,,0.457,charting_raw_spw,,,,,,0.446,0.451,0.82,,No Surface Data,No Surface Data,No Surface Data,No Surface Data,No Surface Data,No Surface Data,No Surface Data,,,STALE_NON_AUTHORITATIVE_NOT_REGENERATED,,,
Yexin Ma,Grass,13,0,No Surface Data,No Surface Match Sample,No Surface W/L,,,,,,,,,,missing_service_components,,,,,,,,,,No Surface Data,No Surface Data,No Surface Data,No Surface Data,No Surface Data,No Surface Data,No Surface Data,,,STALE_NON_AUTHORITATIVE_NOT_REGENERATED,,,
You Xiaodi,All,1,1,Low Surface Data,Raw Match Log Aggregate,1.0,0.0,12.0,19.0,0.8,0.4444444444444444,0.6,0.58,0.59,0.584,reconstructed_from_serve_components,3.0,5.0,10.0,0.4,0.75,0.49040000000000006,,,,Fragile Serve Profile,Elite Return Profile,Creator Profile,Playable Ace Volume,High DF Liability,Low-Data Separation Profile,Low-Data Resistance Profile,,,STALE_NON_AUTHORITATIVE_NOT_REGENERATED,,,
Yu Ku,All,1,1,Low Surface Data,Raw Match Log Aggregate,0.0,1.0,14.0,29.0,0.7857142857142857,0.21428571428571427,0.49,0.76,0.58,0.6682,reconstructed_from_serve_components,5.0,3.0,8.0,0.375,0.0,0.37959999999999994,,,,Average Serve Profile,Weak Return Profile,Balanced BP Profile,High Ace Upside,Elevated DF Risk,Low-Data Separation Profile,Low-Data Resistance Profile,,,STALE_NON_AUTHORITATIVE_NOT_REGENERATED,,,
Yue Yuan,All,16,16,Stable Sample,Raw Match Log Aggregate,0.375,0.375,10.8125,21.4375,0.6761363636363636,0.3253012048192771,0.607125,0.6658124999999999,0.4569375,0.5837507343749999392875,reconstructed_from_serve_components,3.25,2.5384615384615383,9.375,0.36,0.5645161290322581,0.4378768125,,,,Average Serve Profile,Low Return Profile,Balanced BP Profile,Playable Ace Volume,Moderate DF Profile,Low-Data Separation Profile,Low-Data Resistance Profile,,,STALE_NON_AUTHORITATIVE_NOT_REGENERATED,,,
Yue Yuan,Hard,16,16,Stable Sample,Complete Profile,0.4375,0.375,10.8125,21.4375,0.6761363636363636,0.3253012048192771,0.607125,0.6658124999999999,0.4569375,0.572,charting_raw_spw,3.25,2.5384615384615383,9.375,0.36,0.5645161290322581,0.42,0.499,0.98,4.7,Average Serve Profile,Low Return Profile,Balanced BP Profile,Playable Ace Volume,Moderate DF Profile,Neutral Separation Profile,Volatile Resistance,Volatile Upside Player,Hard-Neutral,STALE_NON_AUTHORITATIVE_NOT_REGENERATED,,,
Yuhan Lin,All,1,1,Low Surface Data,Raw Match Log Aggregate,0.0,0.0,5.0,15.0,0.2,0.8,0.58,0.45,0.29,0.3828,reconstructed_from_serve_components,2.0,1.0,9.0,0.4444444444444444,0.36363636363636365,0.4712,,,,Serve Liability,Elite Return Profile,Creator Profile,High Ace Upside,Moderate DF Profile,Low-Data Separation Profile,Low-Data Resistance Profile,,,STALE_NON_AUTHORITATIVE_NOT_REGENERATED,,,
Yulia Putintseva,All,38,38,Stable Sample,Raw Match Log Aggregate,0.5526315789473685,0.34210526315789475,11.026315789473685,22.07894736842105,0.6374695863746959,0.37559808612440193,0.6902631578947368,0.5933947368421053,0.47760526315789475,0.5575304709141274484536011080,reconstructed_from_serve_components,2.25,2.3870967741935485,9.026315789473685,0.4518950437317784,0.5659824046920822,0.44794081578947376,,,,Fragile Serve Profile,Average Return Profile,Creator Profile,Low Ace Profile,Moderate DF Profile,Low-Data Separation Profile,Low-Data Resistance Profile,,,STALE_NON_AUTHORITATIVE_NOT_REGENERATED,,,
Yulia Putintseva,Hard,38,17,Stable Sample,Complete Profile,0.4230769230769231,0.47058823529411764,11.529411764705882,23.529411764705884,0.6581632653061225,0.33668341708542715,0.6855294117647059,0.621,0.4648823529411764,0.569,charting_raw_spw,2.5,2.4285714285714284,7.9411764705882355,0.48148148148148145,0.5570469798657718,0.424,0.496,0.99,5.0,Average Serve Profile,Average Return Profile,Balanced BP Profile,Low Ace Profile,Clean DF Profile,Backdoor Risk,Resistance / Set Extension,Return-Led Winner,Hard-Neutral,STALE_NON_AUTHORITATIVE_NOT_REGENERATED,,,
Yulia Putintseva,Clay,38,19,Stable Sample,Complete Profile,0.5,0.2631578947368421,11.526315789473685,21.63157894736842,0.6517412935323383,0.4292682926829268,0.7073684210526316,0.594842105263158,0.5006315789473684,0.53,charting_raw_spw,2.0714285714285716,2.3333333333333335,10.789473684210526,0.4292682926829268,0.5930232558139535,0.472,0.501,1,7.4,Fragile Serve Profile,Elite Return Profile,Creator Profile,Low Ace Profile,Clean DF Profile,Break-and-Giveback Risk,Stable Resistance,Return-Led Winner,Clay-Pressure,STALE_NON_AUTHORITATIVE_NOT_REGENERATED,,,
Yulia Putintseva,Grass,38,2,Low Surface Data,Low Surface Sample,0.0,0.0,2.0,14.0,0.14285714285714285,0.14285714285714285,0.568,0.345,0.36700000000000005,0.521,charting_raw_spw,,2.5,1.5,0.6666666666666666,0.4,0.367,0.45,0.77,1.0,Serve Liability,Weak Return Profile,Low Pressure / Weak Survivor,Low Ace Profile,Pressure DF Risk,Low Separation Profile,Collapse Risk,Return-Led Winner,Grass-Liability,STALE_NON_AUTHORITATIVE_NOT_REGENERATED,,,
Yuliia Starodubtseva,All,42,42,Stable Sample,Raw Match Log Aggregate,0.47619047619047616,0.38095238095238093,10.761904761904763,21.714285714285715,0.625,0.3747276688453159,0.6187380952380952,0.6125714285714285,0.4993809523809524,0.5694162120181405483236961451,reconstructed_from_serve_components,2.25,2.3421052631578947,8.071428571428571,0.5073746312684366,0.5483870967741935,0.4396705238095238,,,,Fragile Serve Profile,Average Return Profile,Creator Profile,Opponent-Dependent Ace Profile,Moderate DF Profile,Low-Data Separation Profile,Low-Data Resistance Profile,,,STALE_NON_AUTHORITATIVE_NOT_REGENERATED,,,
Yuliia Starodubtseva,Hard,42,24,Stable Sample,Complete Profile,0.3125,0.3333333333333333,10.708333333333334,21.458333333333332,0.6561264822134387,0.3486590038314176,0.6103333333333333,0.6308333333333334,0.5240833333333333,0.542,charting_raw_spw,2.5714285714285716,2.238095238095238,7.791666666666667,0.48663101604278075,0.5934579439252337,0.432,0.486,0.94,4.4,Average Serve Profile,Average Return Profile,Balanced BP Profile,Opponent-Dependent Ace Profile,Moderate DF Profile,Neutral Separation Profile,Volatile Resistance,Balanced Winner,Hard-Neutral,STALE_NON_AUTHORITATIVE_NOT_REGENERATED,,,
Yuliia Starodubtseva,Clay,42,10,Stable Sample,Complete Profile,0.6428571428571429,0.4,11.8,22.2,0.5925925925925926,0.48214285714285715,0.6284,0.5725,0.509,0.58,charting_raw_spw,1.6,2.5555555555555554,10.6,0.5094339622641509,0.5268817204301075,0.477,0.529,1.14,7.3,Fragile Serve Profile,Elite Return Profile,Creator Profile,Low Ace Profile,Moderate DF Profile,Break-and-Giveback Risk,Resistance / Set Extension,Return-Led Winner,Clay-Pressure,STALE_NON_AUTHORITATIVE_NOT_REGENERATED,,,
Yuliia Starodubtseva,Grass,42,8,Stable Sample,Complete Profile,0.4,0.5,9.625,21.875,0.5747126436781609,0.313953488372093,0.631875,0.607875,0.41324999999999995,0.545,charting_raw_spw,1.6666666666666667,2.375,5.75,0.5869565217391305,0.4307692307692308,0.422,0.485,0.93,1.2,Serve Liability,Low Return Profile,Balanced BP Profile,Low Ace Profile,Moderate DF Profile,Backdoor Risk,Resistance / Set Extension,Return-Led Winner,Grass-Neutral,STALE_NON_AUTHORITATIVE_NOT_REGENERATED,,,
Zeynep Sonmez,All,48,48,Stable Sample,Raw Match Log Aggregate,0.5625,0.3125,10.74468085106383,21.583333333333332,0.6354581673306773,0.38415841584158417,0.6161041666666667,0.6120416666666667,0.47102083333333333,0.5579043563368055795134027778,reconstructed_from_serve_components,2.142857142857143,3.2093023255813953,8.770833333333334,0.46080760095011875,0.5331632653061225,0.4503657916666666,,,,Fragile Serve Profile,Strong Return Profile,Creator Profile,Low Ace Profile,Moderate DF Profile,Low-Data Separation Profile,Low-Data Resistance Profile,,,STALE_NON_AUTHORITATIVE_NOT_REGENERATED,,,
Zeynep Sonmez,Hard,48,22,Stable Sample,Complete Profile,0.4583333333333333,0.2727272727272727,9.818181818181818,21.636363636363637,0.6088888888888889,0.34649122807017546,0.5943636363636363,0.6008181818181818,0.4328181818181818,0.545,charting_raw_spw,2.2142857142857144,3.6818181818181817,7.7272727272727275,0.4647058823529412,0.5416666666666666,0.443,0.494,0.97,1.7,Fragile Serve Profile,Average Return Profile,Balanced BP Profile,Low Ace Profile,Elevated DF Risk,Neutral Separation Profile,Volatile Resistance,Return-Led Winner,Hard-Neutral,STALE_NON_AUTHORITATIVE_NOT_REGENERATED,,,
Zeynep Sonmez,Clay,48,10,Stable Sample,Complete Profile,0.5,0.4,11.9,21.7,0.6574074074074074,0.4528301886792453,0.6389,0.605,0.4903,0.551,charting_raw_spw,2.0,2.25,10.8,0.4444444444444444,0.5256410256410257,0.477,0.514,1.06,8.0,Average Serve Profile,Elite Return Profile,Creator Profile,Low Ace Profile,Clean DF Profile,Break-and-Giveback Risk,Resistance / Set Extension,Return-Led Winner,Clay-Control,STALE_NON_AUTHORITATIVE_NOT_REGENERATED,,,
Zeynep Sonmez,Grass,48,16,Stable Sample,Complete Profile,0.6,0.3125,11.333333333333334,21.4375,0.6568047337278107,0.391812865497076,0.6317499999999999,0.631875,0.5115,0.554,charting_raw_spw,2.0,3.0,8.9375,0.46853146853146854,0.5245901639344263,0.439,0.496,0.98,5.4,Average Serve Profile,Strong Return Profile,Creator Profile,Low Ace Profile,Moderate DF Profile,Break-and-Giveback Risk,Resistance / Set Extension,Return-Led Winner,Grass-Pressure,STALE_NON_AUTHORITATIVE_NOT_REGENERATED,,,
Zhang S.,All,1,1,Low Surface Data,Raw Match Log Aggregate,0.0,1.0,11.0,24.0,0.5833333333333334,0.3333333333333333,,,,,missing_service_components,,,0.0,,,,,,,Low-Data Serve Profile,Low-Data Return Profile,Low-Data BP Profile,Low Ace Profile,Low-Data DF Profile,Low-Data Separation Profile,Low-Data Resistance Profile,,,STALE_NON_AUTHORITATIVE_NOT_REGENERATED,,,
Zhuoxuan Bai,All,11,11,Stable Sample,Raw Match Log Aggregate,0.5454545454545454,0.2727272727272727,8.25,19.90909090909091,0.59375,0.4375,0.6225,0.6725,0.495,0.60549375,reconstructed_from_serve_components,1.75,1.5,5.5,0.6363636363636364,0.5517241379310345,0.46515,,,,Fragile Serve Profile,Elite Return Profile,Balanced BP Profile,Low Ace Profile,Moderate DF Profile,Low-Data Separation Profile,Low-Data Resistance Profile,,,STALE_NON_AUTHORITATIVE_NOT_REGENERATED,,,
Zhuoxuan Bai,Hard,11,11,Stable Sample,Complete Profile,0.6,0.2727272727272727,8.25,19.90909090909091,0.59375,0.4375,0.6225,0.6725,0.495,0.551,charting_raw_spw,1.75,1.5,5.5,0.6363636363636364,0.5517241379310345,0.435,0.49,0.97,4.8,Fragile Serve Profile,Strong Return Profile,Balanced BP Profile,Low Ace Profile,Moderate DF Profile,Break-and-Giveback Risk,Volatile Resistance,Volatile Upside Player,Hard-Neutral,STALE_NON_AUTHORITATIVE_NOT_REGENERATED,,,
